/* 破译音效(wav2c.py生成): snd_progress=乱码进行音(循环) */
#include "snd_data.h"
const int16_t snd_progress[] = {
    0xFFED,0x0011,0x0028,0x0059,0xFFE0,0xFFAA,0xFFE2,0xFFF8,0x0024,0x0008,0xFFDA,0xFFFA,0x002E,0xFFFD,0xFFEC,0xFFF0,
    0xFFFD,0x0001,0xFFDF,0xFFFF,0xFFD4,0xFFF4,0x0000,0x0029,0xFFA0,0x0016,0xFFBA,0xFEA9,0x01C9,0x0031,0xFF40,0x0051,
    0x00EA,0xFF19,0xFF28,0xFDC6,0x00D4,0x0257,0xFC5B,0x0287,0x05BF,0xFE2A,0xFCD8,0xFED2,0x03B8,0xF6F8,0xFE80,0x0B6B,
    0xFFC3,0xF868,0x0BE8,0x0646,0xEE2E,0xF860,0x0967,0x0124,0xF7B1,0x09EB,0x09E6,0xF81D,0xF23C,0x0FA2,0xFFBF,0xE82C,
    0x078E,0x111C,0xF7D6,0xFE28,0x0A82,0xFA51,0xEFEB,0x067C,0x0D92,0xF568,0xF927,0x0E8B,0xFEEE,0xF8A5,0x037D,0x0603,
    0xF58A,0xF9A1,0x1322,0x0248,0xF4F9,0x0129,0x07DF,0xFAEE,0xFA20,0x028F,0x095A,0xF4FB,0x03F2,0x0887,0xFC7B,0xF539,
    0x0B66,0x0191,0xF286,0x0925,0x0A56,0xF162,0xFEEF,0x12F3,0xF6BB,0xEC95,0x050C,0x1EB8,0xF04A,0xF054,0x16EC,0xFAF8,
    0xF484,0x0B57,0x11CB,0xF2BF,0xE973,0x0808,0x1997,0xF895,0xF341,0x01A9,0xF9F2,0xF9BA,0x11EA,0x17E8,0xE703,0xF334,
    0x09BF,0x0254,0xFE60,0x0B46,0xF688,0xEF07,0x0DA2,0x08E5,0xFF86,0xF77C,0xFF93,0xFDA3,0x0739,0x0176,0x03FF,0xF03D,
    0xFEE6,0x09FB,0xFFB2,0xFCB8,0xFAB1,0x0008,0xF6B1,0x0AF8,0x083D,0xF304,0xF1A5,0x0967,0x0589,0xFA4A,0x0D73,0xFE45,
    0xF3B3,0xFF58,0x0409,0xF6F0,0x0019,0x04F8,0xF9E2,0x0261,0x00F2,0xFFBD,0xFB97,0x0A1C,0xFDAB,0xFA71,0x00D4,0x055A,
    0xF705,0x00F4,0x0F30,0xFBC4,0xF872,0xFBBF,0xFF19,0x105A,0x09BC,0xF667,0x02EC,0xFF60,0x00A5,0x0335,0x04D2,0xFBE6,
    0xF9D0,0xF8D9,0x00E5,0x112C,0x0336,0xF65B,0x032E,0x0EDB,0xF427,0xF9B0,0x0EFD,0xFDA7,0xF332,0x0925,0x06FC,0xF9DE,
    0x0200,0x018C,0xFB75,0x0105,0x01D0,0xFA6A,0x00BA,0x079B,0xFA9C,0x058C,0x065D,0xF6A8,0xF8A0,0x04A6,0xFD31,0xFC02,
    0x03CF,0xFE2B,0xF789,0x087C,0x00D0,0xFF2C,0x0618,0xF5E8,0xF916,0x05D4,0xFCDA,0xF627,0x09AC,0x049D,0xF7D7,0xF6BD,
    0x0059,0x052A,0x0247,0xFBCA,0xF929,0x042F,0xFEEC,0xFFD7,0x0707,0x02B6,0xF808,0x02AE,0xF9C6,0xF5DF,0x0CF4,0x05CE,
    0xF3EB,0x05F1,0x123D,0xF244,0xF8D7,0x0DED,0xFBCF,0xF77C,0x0433,0x01A5,0xF904,0x0991,0x05E4,0xEE16,0x0625,0x13AA,
    0xF78F,0xFC13,0x04FD,0xF85E,0x0643,0x0392,0xF92E,0x04ED,0x0BB0,0xF78E,0xFCB5,0x0B84,0xFAC1,0x01D6,0x0A3C,0xFF88,
    0xFBF2,0x094A,0x00F7,0xF342,0x0173,0x057E,0xFD5A,0xFF82,0x08F6,0x0018,0xFB2B,0xFC49,0x09A1,0x0BB6,0xF72F,0xF125,
    0x02A7,0x01C9,0x0AD5,0x0534,0xF28A,0xF8FE,0x0A09,0xFCDF,0xF9CA,0x09F1,0x0340,0xEC8B,0x0001,0x0D70,0xF8E9,0xFE84,
    0x0461,0xFDD1,0xF971,0xFDAB,0xFEFF,0x0181,0x0FF4,0xFCF2,0xF506,0x0800,0x024F,0xF2A5,0x04EB,0x02C6,0xF6CE,0x0A70,
    0x0F47,0xF4AE,0xF6B0,0x0A04,0x0984,0xF88B,0xFE68,0x0B9C,0xF97B,0xF5F4,0x0F0D,0x06B7,0xF8E2,0xF495,0x0193,0x099F,
    0x0A98,0x0724,0xF8CF,0xEA05,0x00A7,0x0DE5,0xFC2C,0xFBD5,0x00F7,0xF1EF,0xEE11,0x0923,0x0FF6,0xF3E5,0xF66C,0x0E99,
    0xFDEB,0x05EE,0x09C4,0xE868,0xFA07,0x0793,0xEF80,0x09BC,0x0D35,0xF2A3,0xFD0A,0x01F3,0xFD31,0x0923,0xFF0C,0xEB3B,
    0xFE25,0x0663,0x07EA,0x08C0,0xF41E,0xFDBE,0x0ACF,0x071E,0xF42B,0x0763,0x0D5D,0xEA72,0xFF38,0x19DF,0xFC6B,0xF622,
    0x0633,0xEE32,0x02F0,0x0C47,0xF8EA,0xFE6F,0x0255,0xFA08,0xFA34,0x0F77,0x109F,0xF725,0xF90E,0xFF65,0xECC5,0x08E6,
    0x1C6F,0xF39B,0xFA0F,0x0B7B,0xFD1D,0x015E,0x0CA4,0x0076,0xF41A,0x09DE,0x066A,0xF666,0x0603,0xFE58,0xEF9E,0x078B,
    0x06E4,0xF7EC,0x026A,0xF7AE,0xF9BB,0x165D,0x06E1,0xF5A0,0x005E,0xF6EE,0xF583,0xFCB2,0x04AB,0x09E7,0x012A,0xEEFA,
    0x01B1,0x0C48,0x0196,0xFC26,0xFD9F,0xF69C,0xF631,0x0B61,0x0BC9,0xFC46,0x007A,0x030E,0xF22B,0x024F,0x08E1,0x003D,
    0xFA77,0x0908,0x0925,0xFEAA,0xFF16,0xFA79,0xEBA3,0xFD1C,0x0978,0xF4E3,0x0C35,0x0D56,0xF7C9,0x0B5B,0x1932,0xFDD4,
    0xF559,0xF0A6,0xE83B,0xFB5D,0x0675,0xFF28,0x0242,0x0915,0x08B4,0x0B01,0x11FA,0x0D43,0xFEFF,0xFD08,0xEDF6,0xF80C,
    0x05D0,0xF3F6,0xEF2B,0xFCB2,0xF8A7,0xEAEC,0xFFD2,0x1195,0x058C,0x036A,0x1080,0x05F0,0x0599,0x11CD,0xFF43,0xF4C1,
    0x0C74,0x03B5,0xF50E,0xFF69,0xED64,0xE833,0xFFF4,0xFD4C,0xEC83,0x01AD,0xFAEE,0xEB30,0x127A,0x22A3,0x00C0,0x0A65,
    0x12B3,0xF24B,0x03C7,0x0CD7,0xF3FD,0xF300,0xFD64,0xEEA0,0xFC29,0x09BE,0xF81B,0xFE99,0x030E,0xF974,0x0132,0x0AA7,
    0x0124,0x0658,0x1A56,0x0690,0xFAEB,0x1261,0x0D8B,0xF4EF,0x08BE,0x025F,0xF2B2,0x03D1,0xF560,0xE580,0xFCFA,0xF755,
    0xEC04,0xFF21,0x0592,0xFB8F,0x0D92,0x1896,0x0C9F,0x1903,0x1AEA,0xF3D9,0xF2E8,0x0729,0xEFA6,0xEFCF,0x0267,0xEE1E,
    0xEB8A,0x011E,0xFF19,0xF72A,0x0992,0x01E0,0xFA2A,0x10C9,0x109F,0x0B99,0x0AD7,0x095A,0xF6E6,0xFA64,0xFF3C,0xF4CE,
    0xFB45,0x10EC,0x0131,0xFC11,0x04EA,0xF3A4,0xEF80,0x02BF,0xFBE4,0xFD34,0x0E89,0x0995,0xF937,0x0E2C,0x100D,0x036A,
    0x0AAA,0xFF28,0xEC16,0xF9C0,0xF67C,0xDEC4,0xF771,0xF2D7,0xE46D,0x091E,0x154F,0x03B7,0x0800,0xFEF3,0xF280,0xF826,
    0x091D,0x0AB3,0x0190,0x0835,0x0564,0xF9E3,0x09B9,0x09B5,0xF79C,0x00CC,0x0970,0xFC7D,0xFA5C,0xFBCA,0xF29A,0xF856,
    0x07F4,0xFE20,0xFD3A,0x12F1,0x009D,0x0060,0x0D33,0xF204,0xED91,0x050D,0xE8E2,0xE5ED,0x062D,0xFF6E,0xF238,0x051C,
    0xFE23,0x01ED,0x18D5,0x0B83,0x02F0,0x0706,0x0311,0x0117,0x196D,0x110F,0xF9D0,0x0687,0x090D,0xFEB4,0x03A8,0x02E6,
    0xF9B6,0xFDC3,0x0427,0xF197,0xFFD8,0x094D,0xF206,0xF21C,0x02A6,0xFDDE,0xF68C,0x0473,0xF794,0xE988,0x011A,0x0338,
    0xF5E4,0x0938,0x048D,0xE7C1,0x0D08,0x1E76,0xFF56,0x0D5D,0x1583,0x0020,0x01AD,0x111E,0xFCAE,0xF162,0xFC16,0xF253,
    0xFB2A,0x114C,0xFF3B,0xF88D,0x0304,0xEF7D,0xF15B,0x03D2,0xF93C,0xF7D3,0x0368,0xF8BD,0xFC33,0x0A3C,0xFE42,0xF88F,
    0xFDD6,0x0B51,0x0C1D,0xFAE3,0x02E1,0x0390,0x057E,0x137C,0x0EDD,0x02A6,0x0431,0xF27B,0xF037,0x0D3B,0x0244,0xFDD1,
    0x0498,0xF6B1,0xF8ED,0x0BF2,0xFE06,0xED0B,0xF947,0xF304,0xF069,0x02F4,0xFF33,0xEC7B,0xF612,0xFD89,0xFD71,0x0FD3,
    0x08C1,0x00CC,0x0491,0xF980,0x0977,0x2710,0x0F37,0xF4BF,0xFFBD,0xF774,0xFEF7,0x0FC3,0x0CFE,0xFBBD,0xF91F,0xFD3D,
    0xFE1D,0xF53E,0xFB73,0xFA35,0xE234,0xF112,0x029A,0xF90C,0x058E,0xFEB9,0xF77A,0x04CA,0x0D6E,0x01E2,0x07DB,0x0822,
    0xFD3D,0x0151,0x113F,0x089E,0x0FC7,0x109F,0xF194,0xFCC3,0x16A9,0x0217,0xFD94,0x04F0,0xFA77,0xFDED,0x031B,0xF133,
    0xFB8A,0xFE32,0xEA71,0x00AF,0x0EAD,0xF609,0xFBAA,0x070B,0xF82B,0xFE25,0x080A,0xF6D8,0xF034,0x0024,0x08B6,0xFD5E,
    0x04B8,0x09D1,0xF85A,0xFAE0,0x0CA4,0x0650,0x0228,0x04CA,0x001B,0xF825,0x0736,0x09E2,0x03F7,0x06A7,0xF84B,0xEB1C,
    0x08C6,0x081D,0xF77C,0x0272,0xF9CB,0xE816,0x06CD,0x02E6,0xF718,0x02F3,0x011A,0x0232,0x125E,0x10F1,0x058E,0xFAD8,
    0xF88A,0x0173,0x0C64,0xFF6D,0xF53B,0xEF2F,0xF351,0xF651,0xFD4E,0x05DB,0xFFED,0xF0D9,0xF839,0x0020,0xFBAF,0x06F4,
    0x06D9,0xF1DC,0xF40E,0x0A23,0x0AA3,0xF9D3,0x029A,0xFF46,0xF582,0x03FA,0x085A,0x05AF,0x04CE,0xFCC5,0x01EB,0x0281,
    0xF86E,0x087C,0x0982,0xF81B,0x09B2,0x114C,0xFB46,0xF921,0x0473,0xF9C5,0x03C4,0x0A2B,0x0073,0xF637,0xF3FE,0xFF07,
    0x04DB,0x0A01,0xFFD0,0xFD42,0xFDF0,0xFDC9,0x0AAB,0x1388,0xFF34,0xEC4B,0xFAEE,0xFBA5,0x0800,0x02C3,0x00C0,0xF6C5,
    0xF044,0x04CA,0x13E1,0x0265,0xF980,0x00E4,0xF3B9,0x03A2,0x0CB1,0xF99E,0xFB08,0xF317,0xFBBC,0x0D5A,0x052F,0x04FD,
    0x0541,0xE4D2,0xF4C2,0x1D03,0x049D,0xF737,0x0466,0xFC40,0xF01D,0x0F2C,0x0E39,0xF888,0xFB46,0xFA1A,0xF87D,0x0D49,
    0x069C,0xF8CD,0x0A58,0xF67B,0xF184,0x143C,0xFDC8,0xEFCA,0x07EC,0x095A,0xFAEC,0x07CD,0x0B32,0xF686,0xF15D,0x0FBE,
    0x0DFD,0xF7BB,0x023F,0xFD54,0xF4EC,0x051C,0x1950,0x03AF,0xF9DA,0xFE3D,0xEF44,0x00A7,0x0FB7,0xFEBD,0x0476,0xFD37,
    0xEF21,0x00CF,0x06CD,0xF784,0xFC1F,0x06E1,0xFB8C,0xFDB6,0x0F97,0x0102,0xF3C6,0x0173,0xFC31,0x07F8,0x0871,0xF629,
    0xFC95,0xF8F7,0xFB21,0x1078,0x061D,0xF3EB,0xF637,0x032B,0xFF92,0x0163,0x05BF,0xF5FA,0xF10D,0x0479,0x0F67,0xFE4F,
    0xFE62,0xFBDE,0xF978,0xF9D2,0x06CF,0x10BC,0x0495,0xFA2D,0x0137,0x03D9,0x01BB,0x0265,0xF5DC,0xF69B,0xFF44,0xFECF,
    0x0739,0x094F,0xF5A2,0xFFF0,0x0541,0xFE1A,0xFFAF,0x0102,0xFBFA,0xFC26,0x0411,0x06B7,0xFD14,0xFC88,0x00A7,0x0001,
    0x032B,0xFF80,0xFD05,0xF890,0xEEAD,0x02B7,0x1313,0xFE26,0x0495,0x0ACD,0xF64C,0xF270,0x0B27,0xFF01,0xF624,0x06DC,
    0x0102,0xFB5A,0x0778,0x030B,0xF7AF,0x00F5,0x00E9,0x039A,0x01A6,0xFDC8,0xF921,0xFF20,0x058F,0x0348,0x029C,0x0122,
    0xF7AC,0xFB90,0x09EE,0xFE64,0xF963,0x0B12,0xFE53,0xEE85,0x0CBA,0x0B17,0xEC3F,0xFF44,0x039D,0xF58B,0x0BA6,0x0646,
    0xF898,0x0962,0xFCF8,0xF64F,0x0D85,0x00DF,0xF0B8,0x0BE5,0x0B96,0xEED1,0x0559,0x0A20,0xE517,0x0734,0x192B,0xF9E2,
    0x0554,0xFBE1,0xEF43,0x0633,0x061E,0xF7EB,0xFE45,0xFC34,0xF462,0x002C,0x08AC,0xF7C1,0xF730,0x0CAF,0xFD77,0xFA92,
    0x0C75,0x0139,0xF595,0xFDE0,0x09F7,0x0537,0xFA97,0x01AE,0xFD93,0xF90A,0x0D2E,0x01FF,0xF485,0x06A4,0x0378,0xF41B,
    0x095D,0x08B6,0xF50E,0xFBA5,0xFCD3,0xFE5D,0x128F,0x030C,0xFBBC,0x07FD,0xF128,0xF2E4,0x13B9,0x015B,0xFD31,0x1731,
    0xF897,0xE65E,0x1915,0x106B,0xECCB,0x07E2,0xFE6F,0xE7A1,0x077E,0x141C,0xF8FE,0xFAAE,0x082F,0xFE42,0x0207,0x0E34,
    0x041C,0xEC6B,0x00ED,0x0CCE,0xFE15,0x06D5,0x0404,0xEF69,0xF142,0x1879,0x04E7,0xF47F,0x016E,0xF400,0xFB21,0x1436,
    0x059B,0xF010,0xF8D4,0xF099,0x08D0,0x0F03,0xFB13,0xFC40,0xF993,0xF132,0x0677,0x15DE,0xFBD9,0xE720,0xFD39,0xFB94,
    0xF5CF,0x0DCC,0x0CC7,0xF1E9,0xF374,0x02BE,0xFED2,0x0A85,0x0854,0xF6EA,0xED45,0x099A,0x0B22,0xEECF,0xFFF5,0x0FDC,
    0xF8C2,0xFEE9,0x12D1,0xFC3E,0x042E,0xFB08,0xEBB8,0x0A06,0x17EF,0xF290,0xF312,0x0085,0xFCCB,0x06AF,0x0788,0xFE25,
    0x06A9,0x0176,0xF2AB,0x1368,0x1481,0xEFDA,0xF319,0x0414,0xF38F,0x0D52,0x136A,0xF63A,0xF7D3,0xFD3C,0x0076,0x0F47,
    0x0BA3,0xF533,0xF9F3,0x02A2,0xFF2C,0xFFB0,0x0A7B,0x0503,0xF4FF,0x05BC,0x1222,0xF31D,0xECF0,0x05D8,0xFE08,0xFDCB,
    0x1591,0x0B56,0xEC21,0xFA32,0x0212,0xF69C,0x0FF4,0x10BD,0xEA7C,0xF7E3,0x0A28,0xF6BB,0x078D,0x0B5B,0xEB87,0xF35E,
    0x0493,0xFEB7,0x0144,0x02C9,0xFD45,0x0422,0x02C7,0x0171,0x0A0F,0xF8BA,0xF04A,0x02D3,0x07BA,0xF47A,0x08F3,0x00AD,
    0xEBD0,0x048B,0x03EF,0xFDA7,0x0BD0,0x0A68,0xEC3B,0xF636,0x0A36,0x03B5,0xFC58,0xFF8A,0x00BC,0xFCCF,0x0A7E,0x0636,
    0xF5D5,0x01A1,0x0193,0xF30A,0x04F8,0x0BBE,0xF416,0xF65C,0x0495,0xFC44,0xFEDC,0x0CE9,0xFE1B,0xFB25,0x04B8,0x02F9,
    0x05BC,0x03F2,0xFB5A,0xFE8C,0xF689,0xFA00,0x0ABF,0x0925,0xF6D0,0x0292,0x01A6,0xFCAE,0x0EA9,0x0776,0xF077,0x00B8,
    0x0BBE,0xF25D,0x0FA1,0x0E2F,0xEA50,0xF48C,0x114B,0xFA18,0xF438,0x0ED3,0xFD27,0xF115,0x0BFB,0x0F71,0xEF6B,0xFD49,
    0x0E04,0xE986,0xFB11,0x1E7B,0xFED4,0xF1AA,0x135F,0xF803,0xEDF3,0x13D9,0x010A,0xEA4F,0x02C9,0x06BF,0xF30A,0x0227,
    0x09AF,0xFAE4,0xF48C,0x0C3A,0xFF66,0x0129,0x04DA,0xFB6F,0x026A,0xFDA1,0xFCD8,0x0812,0xFC8B,0xEA18,0x094A,0x02F4,
    0xF36C,0x0F35,0x0265,0xEF95,0xFEA5,0x0B22,0x015E,0x0360,0x05EB,0xFCB6,0xF4DC,0x0579,0x0C7A,0xFA0B,0xFF1E,0x0670,
    0xF4AC,0xFAAF,0x12D9,0xFAE0,0xF93F,0x0749,0x040A,0xF56E,0xF8B5,0x0AB8,0x07F8,0xFE1E,0xFEAF,0xFAC3,0x05D6,0x03A2,
    0xF904,0x011C,0x0196,0x0127,0x0390,0xF74A,0xF76D,0x036F,0x02E3,0x00E2,0xFBCA,0xFFB3,0x06DC,0xFB65,0xF7DE,0x0E32,
    0x07C2,0xF415,0xFDB9,0x0879,0xF458,0x113B,0x0DDC,0xE6A9,0xF71F,0x0AC3,0xF90E,0x0A41,0x12AC,0xFF3E,0xF5DC,0x00C5,
    0x012F,0xFACC,0x0C97,0x0092,0xF416,0xF829,0x0992,0x0589,0x01C8,0xFB2D,0xFD0D,0xF898,0x01EB,0x04FD,0xF9F7,0xFE9F,
    0xF3AE,0x02CB,0x0EE0,0xFE2D,0xFF6E,0xFB10,0xEEBF,0x0254,0x0DB2,0xFEF4,0xFF76,0x04CD,0xEF09,0xF9F5,0x11A3,0x011C,
    0xF856,0x1579,0xFB63,0xFEA9,0x0F54,0xFDBC,0xEAF4,0xF45A,0x0582,0x0200,0x1008,0x03C5,0xE8F2,0xEF7B,0x0E5B,0x0DA0,
    0x04C3,0x04A0,0xEFBE,0xEF89,0x058F,0x0F92,0x01E2,0x032B,0xFBEE,0xFA4A,0x04DF,0x0BF8,0x0378,0xF6B6,0xF792,0xEE0E,
    0x0011,0x1A08,0x0E34,0xF7CE,0xF904,0xFC4B,0xF30D,0x0223,0xF95C,0xF116,0xFA3F,0x0667,0x09C9,0x0D7D,0x097A,0x01EE,
    0x09A2,0x0B91,0xFF6D,0x0122,0x0024,0xEBF1,0xEFDF,0x0571,0x0180,0xFA6C,0xF437,0xED28,0xF3B0,0x0A9D,0x0F52,0x0739,
    0xFCBA,0xFE50,0x0970,0x1293,0x1997,0x07BB,0xFCF4,0xF30C,0xF976,0xFD76,0x03C0,0xED65,0xE87B,0xE580,0xEA45,0x0471,
    0x0EF0,0x0571,0x1594,0x11B0,0x0A09,0x1E0E,0x1174,0x0166,0xFB45,0xF8B7,0xFBD4,0x04BA,0xFF5D,0xECA1,0xE556,0xEEEE,
    0xFD81,0x0626,0x012F,0xF3F3,0xFAA6,0x0355,0x0675,0x0E54,0x0D83,0x0287,0x017C,0x0F25,0x0E76,0x13B2,0x0380,0xED4C,
    0xEBAC,0xF611,0xF890,0xFC2E,0xEEB2,0xE5E3,0xF18D,0xFD3C,0xFAF6,0x0DA7,0x10B2,0x052C,0x0DF9,0x25D6,0x15B3,0x0390,
    0x02B7,0xF90E,0xF184,0x059F,0x02F4,0xF540,0xEC5C,0xF34F,0xFAB7,0x052D,0x0075,0xF9A3,0x0315,0x08D8,0x1030,0x1BAB,
    0x187C,0xFC78,0xEE7D,0xF561,0xF8F7,0x082D,0x07D5,0xFB03,0xEFB2,0xFFC7,0xF79F,0xF980,0xFD41,0xFA4D,0xEC51,0xF9F0,
    0x151D,0x154E,0x0945,0x0B27,0x0775,0xFC16,0x0D8F,0x0A09,0xFA22,0xF67E,0xE9FE,0xEA15,0xF862,0xF959,0xEC59,0x05D4,
    0x0EF8,0x0A66,0x1287,0x0F7A,0xFAB7,0xF684,0xE8F7,0xF101,0x0A2C,0x0B8C,0xED2C,0xED61,0x0AF2,0x0719,0x06E6,0x01F8,
    0xF84E,0xFA45,0x039D,0x0EB0,0x0758,0x0228,0xFA7C,0xF4AE,0x017C,0x06FA,0x093F,0x0C08,0xF96B,0xF7F8,0x0702,0x066D,
    0xF5CD,0xFCF4,0xFD57,0xF402,0x0569,0x0E6C,0xF548,0xF6AE,0x0802,0x022A,0x0284,0x0E79,0x0127,0xF1FC,0xFD8F,0xFDF1,
    0x01A6,0x067D,0xEE46,0xF531,0x0A45,0x033D,0x0020,0x0C99,0x02DE,0xEA40,0xF5CA,0x07DA,0x02AC,0xFBF4,0xF9AD,0xEFF0,
    0xF833,0x0EC6,0x07D0,0xF8CC,0x03B4,0xFEEC,0xF9FF,0x0FCC,0x0881,0xF2A2,0x0028,0x08C1,0xFB00,0x0AB5,0x063A,0xF745,
    0x0502,0x0565,0xFAFD,0x0572,0x062A,0xEECA,0xFF4B,0x0456,0xFD25,0x0476,0x06EA,0xF57B,0x01E2,0x0BB5,0xFC06,0xFD35,
    0x0299,0xF339,0x058C,0x0F6A,0xFF66,0xF787,0xFD3D,0xF921,0xFD05,0x0B99,0x11D7,0xFD8B,0xF268,0x0212,0xFFE5,0xFED4,
    0x075C,0xFFAB,0xF947,0x0908,0xFEC2,0x0498,0x0B96,0xF580,0xF1D6,0x0C02,0xFFB3,0xFC5E,0x0807,0xF8AC,0xED89,0x1208,
    0x1244,0xFFF2,0x0B1F,0xF386,0xE85D,0x08A1,0x0A33,0xF1CC,0x06B4,0xFE23,0xF25E,0x094F,0x1228,0xFBA4,0xFFE4,0x0393,
    0xFC5B,0xFDA9,0xFD91,0xFA55,0xFD62,0x0459,0xFF43,0xFB78,0x05A4,0xFDD0,0xF614,0x028F,0x0DD2,0xFCFD,0xFB80,0xFEEF,
    0xF26B,0xFC3C,0x121C,0x0269,0xF425,0x00E2,0xFE00,0xFF33,0x146D,0x03BA,0xFD81,0xFBEF,0xF538,0x0129,0x1350,0xF37C,
    0xFC4C,0x0B1D,0xF1B5,0xF98D,0x19EC,0x0065,0xF3F8,0x04D6,0xFB63,0xF777,0x07E7,0x0525,0xF4AF,0xF531,0xF586,0x028C,
    0x04BD,0xFF60,0xFFEC,0x0109,0xF897,0xFC0A,0x116B,0xFEDA,0xF367,0x0247,0x07A0,0xEFD5,0x035E,0x125C,0xF6F5,0xF39B,
    0x0A98,0x0BC8,0xF4DB,0xFA27,0x020F,0x02FE,0xFCAD,0x00F2,0x0340,0xFFF7,0xF90A,0x089E,0x0AB7,0xF7BC,0xF90F,0x0854,
    0x05E1,0x00AD,0x0F25,0x0804,0xEAAC,0xF319,0x0EF5,0x0749,0xF1DC,0x0370,0x050F,0xF673,0xFA62,0x059E,0x027D,0xFE18,
    0xFD1D,0x0D7D,0xFEFF,0xF79F,0x0304,0x0AE8,0xFACE,0x00AD,0x0D65,0x016F,0xF58D,0x0AE0,0xFDA6,0xF44A,0xFFF2,0xFF80,
    0xECE2,0xFFB2,0x0E7E,0x0009,0xF75A,0x02F4,0xF9A1,0xFD77,0x07C5,0x0905,0xFB67,0xF671,0xFFB0,0x0A90,0x00B3,0xF835,
    0x026A,0x02F9,0xF182,0xFCCF,0x11BE,0xFFC8,0xED67,0x041E,0x0244,0xF580,0x0611,0x100B,0xF145,0xF6EB,0x0C94,0x014C,
    0xF9A0,0x030C,0xFEBF,0xF8B4,0x05C3,0x07D7,0xFFA0,0xFCBB,0x007A,0x088B,0x0678,0xFA45,0x0132,0x004D,0xEDC4,0x000E,
    0x12AE,0x0564,0xF70D,0xFFE4,0x011C,0xFD83,0x02D7,0x1183,0x0B67,0xEF2E,0xEE3E,0x04EA,0x0B52,0xFEF3,0x02AA,0xFDF8,
    0xFB38,0xFFEF,0x0694,0x07B2,0xFCE0,0xF624,0xFDDB,0xF9DA,0xF919,0x00FD,0x056E,0xFE5A,0xF9FF,0x003B,0x08B8,0x030C,
    0xFA00,0xFF39,0x06B9,0x016B,0x09DC,0x05D0,0xEE92,0xF3FD,0x1043,0x0247,0xFF04,0x0CC7,0xFAE8,0xF18D,0x0825,0x08D3,
    0xFB98,0xFD9F,0xF03C,0xF6F5,0x0790,0xFD3C,0xFE94,0x0A8A,0xFAE1,0xFF3E,0x1496,0x04C3,0xF3CD,0x0134,0x0063,0xF4F6,
    0x0CF4,0x14AA,0xF3F3,0xEE4B,0x0569,0x03E2,0xFE91,0x1141,0x060D,0xEF49,0xF710,0x0B19,0x055A,0x00C7,0xF1BA,0xF531,
    0x08F1,0x028C,0xFEEE,0x0B07,0xFE0D,0xE991,0x06F1,0x119E,0xF178,0xFB0E,0x07D5,0xF34E,0xFB28,0x123A,0xFBD9,0xF2C0,
    0x03B2,0x0652,0x0814,0x10A7,0xF661,0xEF23,0x013A,0x090E,0x00C2,0x09C7,0x04F5,0xF110,0xF5B3,0x107A,0x0A49,0xFA5D,
    0xFA67,0xFF0B,0x06B2,0xFA62,0xFC2C,0x00C5,0x0360,0xF691,0xFF68,0x0561,0xF89F,0xFF7A,0x02BE,0xF9B1,0xFE99,0x0BD3,
    0xF396,0xF5B3,0x0943,0xFF21,0xF42A,0x09D4,0x0783,0xEDD4,0x0619,0x0A98,0xF852,0xFA89,0x0800,0xF656,0xFA9C,0xFD96,
    0x0153,0x02B2,0x069D,0x03B7,0xFE2B,0xF82B,0xFAD1,0x099F,0x0C32,0xFFB2,0xFBD5,0x073C,0xFA24,0xF6E3,0x05E8,0x0247,
    0xFD5F,0xFE7C,0x04A5,0xFDE1,0xFDCE,0x0668,0xFE5F,0xFA10,0x005E,0x0818,0x081D,0xFDA4,0x031B,0x0719,0xFFB0,0xF07F,
    0x0600,0x0790,0xFC24,0x0186,0x0D31,0xF752,0xF674,0x0B27,0x034E,0x0031,0x0539,0xFF21,0xF68B,0xFF61,0xFE99,0xFE75,
    0x0419,0xFBD4,0x03BF,0x0657,0xF8E7,0xF1F6,0x058C,0x0076,0xFF55,0xFF55,0xED5C,0xF58B,0x054A,0xFE38,0x035E,0x14A6,
    0xF84E,0xE859,0x0E7B,0x1AB8,0xF13B,0xFDB8,0x0B4E,0xEC98,0xFCA8,0x1675,0xFB0D,0xE961,0x0056,0x0164,0xFCD0,0x0E01,
    0x00AB,0xEE4B,0x04CE,0x06CD,0x0068,0x06FA,0x04BD,0xFCD8,0x0554,0x0B94,0xFDCC,0x00F1,0xF708,0xEF1B,0x04EF,0x0985,
    0xEF2F,0x0447,0x0AD4,0xF233,0x0AD8,0x17B2,0xF85D,0xFA8C,0x10DA,0xF9C3,0xF728,0x0498,0xFAA4,0xFFD7,0x0B46,0xFC58,
    0xFAB4,0x0E99,0xFCFA,0x02B6,0x131E,0xFA82,0xED7E,0x08B1,0x082D,0xF91F,0x0C4D,0x0C15,0xE5FA,0xF7B6,0x0D82,0xF636,
    0xF55D,0x0F75,0xFD62,0xF528,0x0A40,0x0478,0xEB97,0xFD2F,0x0B39,0xF7EC,0x06E4,0x09CA,0xF53E,0xFCF2,0x0770,0xFE8D,
    0x04A6,0xF703,0xE442,0x03A5,0x1056,0xFD2F,0x02BC,0xF880,0xE661,0x0235,0x0FDE,0xFBAC,0x0159,0x0412,0xEAE3,0xF37B,
    0x12AF,0x0950,0xF125,0x043C,0x060D,0xF32F,0x084C,0x0F0D,0xFA44,0xF90E,0xFF4D,0x034A,0x034D,0x0460,0xFA1F,0xFE2B,
    0x0793,0x0003,0x0279,0x0B71,0x00BC,0xFA25,0x06C5,0xFCF7,0x0586,0x0721,0xF592,0x0121,0x0BD8,0x0545,0xFF95,0x0839,
    0xFAC7,0xF057,0x0C60,0x1378,0xFA57,0x00CA,0xFB6F,0xE98B,0x134B,0x126F,0xEF7B,0x0793,0x0BFA,0xE890,0x06B4,0x17F5,
    0xE7B9,0xF0BC,0x0FBB,0xF67E,0xF9BE,0x1228,0xEDA9,0xDBBD,0x0551,0x0EF7,0xF631,0x0851,0x1106,0xF622,0xFCB3,0x19AF,
    0x0A18,0xF109,0x023D,0x051F,0xFA81,0x0B19,0x05AE,0xF041,0xFB55,0xFC95,0xFD9F,0x104B,0x03F9,0xFC0C,0xFBBA,0xF08B,
    0x059B,0x0A48,0xF684,0xFF33,0xFDB1,0xF442,0x055C,0x0C7F,0xF341,0xF87B,0x0FBE,0x0060,0xFC1E,0x17D7,0xFEB7,0xE462,
    0x0510,0x09EC,0xFA37,0x05C8,0x0200,0xF1E2,0xFF4B,0x071C,0xFB4D,0xFD54,0xF8D7,0xEDD1,0xF4CE,0x0B0F,0xFA41,0xEE83,
    0xF373,0xF8FF,0x07FF,0x0746,0xF7A9,0xF46C,0xF7A2,0xFD10,0x0F84,0x10B0,0x064A,0x0320,0xF97B,0x0CEC,0x15C9,0x057E,
    0x0098,0xFE06,0xF792,0x0678,0x0DDF,0x0F0F,0xFF53,0xE8B0,0x02C6,0x0B5F,0xF663,0x03E2,0x00D5,0xE6E9,0x009A,0x0FD8,
    0xF4CE,0xF8F2,0x0773,0xF742,0xFA84,0x1AA2,0x09F7,0xF86E,0x08F0,0x0655,0xFEC4,0x115E,0x0668,0xF64E,0x021F,0x041A,
    0xFFEA,0x07D5,0x07E0,0xF839,0xF4F9,0x0955,0x0198,0xFAE6,0xF890,0xEB3B,0xE600,0xFB19,0x08C8,0x0245,0xFF5E,0xF605,
    0xF43D,0xFD9F,0x071E,0x0628,0xFE84,0xF307,0xFAB7,0x03B0,0x01AB,0xFD35,0x0039,0xFED2,0xF684,0x0A92,0x0D65,0xF986,
    0x010C,0x01AD,0xF1F7,0x07CA,0x09C9,0xF1B7,0xF5BD,0x0163,0xF9CB,0xF906,0x0D5A,0xFD25,0xF445,0x091D,0x0861,0xFA77,
    0x0B0A,0x0B4A,0xF4E4,0x00F4,0x1502,0x0C30,0xFF51,0x0117,0xFA65,0xF374,0x0852,0x0520,0xF74C,0x053A,0xF826,0xED45,
    0x060E,0x14EC,0x05A1,0x0665,0xFEEC,0xF7FB,0x0443,0x0549,0x0479,0x0245,0x01C3,0x0436,0x035D,0xFC85,0xFA20,0xFCED,
    0xFCE8,0x02FB,0x0957,0x09B7,0xF6AD,0x026D,0x0375,0xFE6D,0xFD71,0xF927,0xF7B2,0xFEE4,0x074C,0x06A9,0x09CA,0x0286,
    0xFB30,0xF0F5,0xF14F,0xFA42,0xF92E,0xF882,0xF96B,0x04CE,0x0E5E,0x10E2,0x1235,0x0E17,0x0A1B,0xFFBA,0x022C,0xF9E3,
    0xFD7A,0xFA69,0xF13F,0xF2EF,0xF8FA,0xFF4D,0xFFD8,0x0805,0xFCEF,0xF9C2,0xFC60,0xFF1C,0x1338,0x1844,0x0D52,0x0608,
    0x0ACF,0x033E,0xFB7D,0xF644,0xFE6C,0xF810,0xF341,0xEFC2,0xE2B0,0xEB41,0xFAB3,0xF5A8,0x0166,0x0FC3,0x079A,0x08DE,
    0x1013,0x053A,0x05A9,0x1033,0x053F,0x03EC,0x0E2E,0xF41A,0xDE40,0xF575,0xF5B0,0xEDDE,0x0060,0xFF5E,0xF1F7,0xFFFA,
    0x00B7,0xF6B9,0x0A3B,0x0A0C,0x0299,0x1261,0x179A,0x05BC,0x0127,0x0778,0xF8BF,0xFC36,0xFEC9,0xF194,0xEF2C,0xFAF6,
    0xF7E6,0xF9C6,0x03CA,0xFBEE,0xF825,0x0992,0x17BD,0x1798,0x1174,0x0D90,0x03ED,0x03C7,0x0918,0xFEE1,0xF6BE,0xF9F5,
    0xE914,0xF1CF,0xFF2B,0xF0C1,0xF381,0xFC01,0xEACE,0xF752,0x12C0,0x1297,0x0B63,0x15B0,0x027A,0xF8E4,0x0D66,0x039D,
    0xFA20,0x0B9B,0xFD86,0x0014,0x0E8E,0x0180,0xEF53,0xFB3A,0xFD45,0xFDBB,0x05F1,0xFC26,0xF32D,0xFA7C,0x009F,0x0862,
    0x0BB5,0x064F,0xFE4F,0xFE75,0xF657,0xFEB2,0xF57A,0xEEFF,0xFFF8,0xF772,0x014F,0x1B1C,0x04EF,0x0C95,0x05AE,0xF523,
    0xFE20,0x0352,0xEECD,0xEB2D,0xFBFE,0x00DC,0xFE64,0x0CCC,0xFA8A,0xF89A,0x09EB,0x0164,0x08F5,0x1571,0xEFBD,0xF71D,
    0x0E34,0x022F,0x02D7,0x0D19,0xFCD0,0xFC27,0x05FB,0x01FF,0xF347,0xFF06,0x0085,0xFF61,0x1330,0x0BAE,0x046C,0x0238,
    0xFA57,0xF583,0xFA44,0xFE5D,0xEFCF,0xF418,0x01C9,0xFD3D,0xFED6,0x059E,0xF91A,0xFBDE,0x089B,0x0023,0xF7E8,0x0685,
    0xFCD5,0xF55E,0x03EA,0x00B3,0xF7DC,0x0869,0xFB3B,0xE718,0x0682,0x0A7B,0xFA08,0x0544,0x05F3,0xF6CE,0x0CEF,0x10A4,
    0xF63C,0x0810,0x0A7E,0xF2D7,0x0DCC,0x189B,0xF659,0x0496,0x097C,0xEC1C,0xF5BA,0x042B,0xFFC8,0x0610,0x10A2,0xF93B,
    0xF01D,0xFF4B,0xF45C,0x06D1,0x1807,0xFF53,0xEFB0,0xFCCD,0xEE87,0xFB2A,0x1433,0x0756,0xF9DE,0x0039,0x05A1,0xEEB4,
    0x000C,0x0FF9,0xF926,0xFC61,0x014F,0xF836,0x0456,0x0A76,0xFAB7,0xFB58,0x09C6,0x02F0,0xFC26,0x1A2D,0x025A,0xE005,
    0x0265,0x0062,0xF283,0x0AEA,0x02DE,0xEE5D,0x04D2,0x0AEC,0xF615,0x087C,0x0335,0xED71,0xFFEA,0x0CFE,0xFAD4,0x0852,
    0x02DF,0xEB9F,0xFB52,0x0512,0xFEC9,0x0724,0xFE9C,0xF250,0x081A,0x16D7,0x05D0,0xF84E,0x025F,0xFDC6,0x0411,0x0F18,
    0x0066,0xEFC5,0xF8BD,0x0EBE,0x0662,0xFC41,0x06B5,0xECC2,0xE470,0x0DD2,0x093F,0xFE80,0x00C0,0xEF90,0xFAE0,0x1188,
    0x026C,0xFEC4,0x0A60,0xEE82,0xE8E5,0x14C8,0x0AB5,0xF94E,0x0265,0xEAE6,0xEC79,0x11BE,0x1010,0x0051,0x0697,0xF46F,
    0xF16A,0x0FF8,0x079D,0xF8D9,0x050D,0xFB4A,0xECA8,0xFE3F,0x0E99,0x03F2,0xFA00,0xFDC0,0xF661,0xFBBA,0x06CA,0x03A7,
    0xF1C4,0x044C,0x04A8,0xEECF,0x0129,0x10B8,0xFBB7,0x00D2,0x044B,0xF981,0x094A,0x04C5,0xF3E5,0x0491,0x0AF0,0xFF40,
    0x0940,0x05C1,0xF0A7,0x05C1,0x1313,0xF6FD,0x010F,0x1325,0xFBBA,0xF489,0x09CA,0x00F2,0xFE2B,0x0171,0xFB0E,0xF8D4,
    0x0608,0x049E,0xFC4C,0xFAC4,0x01EA,0x00DA,0x06AC,0x08DE,0xFBFA,0xFD7C,0x011F,0xF691,0x01EB,0x0C71,0xFB1D,0xFEA4,
    0x0EFB,0xF41A,0xF394,0x10A2,0xFC73,0xEE4E,0x079E,0xFD61,0xF8C4,0x1126,0xFF7B,0xF508,0x0153,0xFB52,0x0788,0x0F8F,
    0xF9B0,0xF882,0x0930,0x00DD,0xF8C4,0x0834,0x0360,0xF14D,0x05AF,0x0CF1,0xF8B2,0xF863,0x03AC,0xFBE9,0xF7EB,0x0D98,
    0x060D,0xFBBC,0xFE32,0xF6E8,0xF81D,0x0466,0x0658,0xFE20,0x04B6,0xF62C,0xF6A3,0x0C00,0x05E4,0xEFD2,0x03A4,0x034B,
    0xEEA4,0x0D04,0x1168,0xECDB,0xF8B7,0x0B19,0xF853,0x043E,0x1328,0x016F,0xF4AE,0xFAFE,0x01BB,0x02D4,0x0365,0xFD27,
    0xFDF6,0xFF03,0xF9E2,0xFE85,0x0619,0xF8C2,0xF37B,0x07AE,0x03FA,0xF808,0x055A,0x07FC,0xF357,0xFA81,0x0FAC,0x002E,
    0xFE13,0x07DA,0xFD42,0xFEAD,0x081D,0xFFCA,0xFEC6,0xFAAC,0xF2B2,0x0AF2,0x12F6,0xF213,0xFDC1,0x08A9,0xF0CB,0xFC5B,
    0x1AFC,0xFE64,0xEB93,0x0760,0xFDD8,0xF39B,0x0F35,0x0CCC,0xF438,0xFDE1,0x0601,0xFFEC,0x011C,0x00DD,0xF75C,0x00B8,
    0x00F1,0x071B,0x064A,0xF892,0xF715,0xFF26,0x0C4D,0x0159,0xFF6D,0x0FBB,0x00E4,0xEFEA,0x0677,0x0A53,0xF339,0xF5A0,
    0x05F8,0xFA8A,0x0325,0x0856,0xF3D3,0xF52C,0xFF3C,0x023D,0x121A,0x0899,0xED3F,0xFB97,0x02B1,0xFB3D,0x0C50,0x0B4E,
    0xF296,0xFD6C,0x07B3,0x00CC,0x087C,0x0B89,0xFB28,0xF4D2,0xFEAC,0x0B6E,0x0B4C,0xFD27,0xF777,0x02E8,0x00CD,0x0345,
    0x0B5E,0xFC2E,0xF1BF,0xFE16,0x0029,0xF944,0xFC04,0xF9AD,0xF986,0xFD29,0x0463,0x0A8B,0xFD0C,0xF1F4,0xF9DE,0x0841,
    0x08C3,0x0572,0xF742,0xEF31,0xF8D7,0x048E,0x0BA9,0x09FB,0xFC5E,0xFEFB,0x060B,0x03F4,0x0A0E,0x0D6E,0xF0C6,0xF2D3,
    0x0CE4,0xFE88,0x0390,0x12C9,0xF9CA,0xEF16,0x0555,0x0697,0xFC5C,0x0380,0xF447,0xF5B8,0x05B1,0xFD54,0xFC98,0x0217,
    0xEA22,0xEFF0,0x194A,0x07B2,0xFAF0,0x08E5,0xFDD4,0xF5FF,0x0687,0x0E9B,0x0355,0xFBF9,0xFE33,0xFC4C,0xFE84,0x06F1,
    0x083D,0xFC68,0xFB5D,0x013F,0x0402,0x0248,0xF55B,0xFA9B,0x0411,0xFB20,0xFE60,0x144C,0xF251,0xDA84,0x10EA,0x1814,
    0xEFB3,0x058A,0x0645,0xE2D0,0xFF8D,0x1A63,0x0D7D,0xFC1C,0xF671,0xEC29,0x013E,0x18A4,0x0F4A,0x041F,0xF3D3,0xE768,
    0x02E4,0x158F,0x0358,0x021A,0xF57D,0xE7B7,0x0171,0x14CD,0x0269,0xF593,0xFB01,0xFB21,0xFD2A,0x0A82,0x066B,0xF0E6,
    0xFC85,0x0E0E,0x006A,0x016C,0x0B6B,0xF351,0xF44D,0x17C0,0x084A,0xF349,0x079A,0xFCF7,0xEF78,0x1114,0x0FB3,0xF147,
    0x01A8,0xFC88,0xF9FA,0x0C10,0x0D48,0xFFE0,0x02EE,0xFA96,0xF56D,0x0576,0x0A1B,0x0444,0x0121,0xF084,0xF65F,0x0965,
    0xF8AC,0xF08F,0x06B5,0xFEBC,0xF334,0x0C03,0x028F,0xECA1,0xF8DD,0xFDD4,0xF44D,0x0997,0x13E4,0xFFBA,0xEFBB,0x042F,
    0x1200,0x0023,0x08DE,0x0609,0xECEA,0xFA37,0x1857,0x0377,0xF4BF,0xFB8F,0xF373,0xFBDE,0x0512,0xFF59,0x0925,0xFAEC,
    0xEDCC,0x0491,0x0562,0xF664,0x0193,0x0685,0xF595,0x023F,0x13AA,0xF983,0xFB0E,0x0DCA,0xF1D1,0xFCE0,0x17B3,0xF961,
    0xEB41,0x0522,0x06E1,0xFCD2,0x0824,0x06D5,0xF60D,0xF954,0x099D,0xFD1F,0x06BF,0xFEF6,0xE51F,0xFAEB,0x0E04,0xFC71,
    0x0635,0x07D7,0xED10,0xFB15,0x140E,0x0023,0x0039,0x0713,0xF1C2,0xF572,0x12E6,0x0960,0xFA3C,0x056F,0x07EC,0xEFA6,
    0x000E,0x10F9,0x019C,0xFE95,0x0093,0xFB3D,0x1360,0x0515,0xF452,0x08E1,0xFC71,0xFB9F,0x1940,0xF8EC,0xE914,0x085C,
    0x06D1,0xEFCF,0x0807,0x0894,0xDDEC,0xF705,0x147D,0xF33E,0x065D,0x14E4,0xE9EA,0xEF93,0x146E,0x096F,0xF68B,0xFCBD,
    0xFD9F,0xEA72,0x0429,0x18BB,0xFDFB,0xFA99,0x0FE8,0xEC17,0xFA4F,0x234D,0xFAF1,0xE0B3,0x0EA5,0x117B,0xF21F,0x0AD7,
    0x0028,0xE9A9,0x0609,0x05C9,0x01D6,0x1195,0xFB1B,0xE34D,0x05CC,0x001C,0xFAC9,0x08F1,0xF11B,0xE88E,0x141E,0x0D14,
    0xFB5A,0x0460,0xFE92,0xF5E2,0xFE1B,0x0C77,0x0C72,0xFEAA,0xF501,0xF1A1,0x03AF,0x15AC,0xFBE6,0xF6A8,0x0A38,0xF895,
    0xFB57,0x1117,0xFF78,0xED3D,0x01AB,0x0EFA,0xF44D,0xFB09,0x1318,0xE996,0xE86B,0x214E,0x11A1,0xEEBF,0x0740,0xF96C,
    0xF170,0x0D72,0x06F2,0x03D9,0x0194,0xEC1E,0xFE67,0x1332,0x04F2,0x063E,0x0252,0xE974,0xFB67,0x1394,0x0694,0xFFFF,
    0xFE23,0xEA69,0xF561,0x0945,0x07CA,0x01D0,0x016C,0xEF90,0xF990,0x063E,0x021D,0x0648,0xFE03,0x024C,0x0B71,0x06C4,
    0x0965,0xFD27,0xF04A,0x08F6,0x064B,0xFF11,0x1BB6,0x022D,0xF10B,0x0C1D,0x0958,0xF08F,0x019E,0xFA89,0xEA48,0x0E0C,
    0x123F,0xEF85,0xFA99,0x03FE,0xE840,0x08A4,0x1E0C,0xFE0E,0xF970,0xF78A,0xE789,0xFF3B,0x161D,0x04BD,0xF3D5,0xEFCB,
    0xFDE8,0xF907,0x01ED,0x15E6,0x09B4,0xF2FD,0x024D,0x0C15,0xFD4A,0xFE64,0xF1BC,0xFE6C,0x0D1B,0x1541,0x0A5D,0xFE30,
    0xF07A,0xEE10,0x027F,0xF97C,0xFA08,0x1245,0xF801,0xE610,0x1121,0x054C,0xE5BF,0xF8CD,0xFA69,0xF8CD,0x108F,0x01B9,
    0xF961,0x074E,0xF148,0xF099,0x1984,0x0E6C,0xFC41,0xFEE2,0xF8BF,0x01A1,0x0DD7,0x0A69,0xFAF8,0x0157,0x0753,0xFEF3,
    0xFE18,0x09AD,0x05DC,0xF29E,0xFE00,0x09AF,0x0507,0xF73C,0xF62A,0xF497,0xF944,0x0ADD,0xFF30,0x0729,0x0055,0xF9B1,
    0x0AA5,0x168C,0xFD74,0xFDDD,0xFDA3,0xF09F,0x059B,0x10BA,0xF8B4,0xF7F1,0x0527,0xFCDD,0x0B4A,0x0B59,0xFCA8,0xF89B,
    0xFC43,0xF72A,0xFA5C,0x07D7,0xF9FF,0xF9B3,0x02E8,0x06E2,0x06BF,0x05DB,0xF241,0xF6C0,0x05CB,0xF8D2,0xF974,0x014B,
    0xFE2E,0xF9AD,0xFF80,0x0FF6,0x0C3A,0x0CEE,0x0402,0xFC6E,0xF919,0x053A,0xF84A,0xF3F2,0xFAD4,0xEFF5,0xFA54,0x0F18,
    0xFF17,0x0174,0x0DE7,0x05BF,0x05C3,0x0D78,0xFFD2,0xF520,0x0D3E,0x0493,0xF339,0x0AAF,0xFB0E,0xE25C,0xF74F,0xFA12,
    0xE818,0x005E,0xFDF5,0xF4B4,0x01C9,0x11D0,0x0D66,0x07DF,0x083F,0x0075,0xF95E,0x0B49,0x13AF,0x03C0,0xF897,0xF224,
    0xF2FD,0xFC23,0xF957,0xFA4D,0x0085,0x004B,0xF177,0x062E,0x16B6,0x0244,0xFF3C,0x071B,0x038F,0xFAC1,0x0A6E,0x026C,
    0xF9ED,0x01D0,0xFF59,0xFBA8,0xF989,0xF36F,0xF435,0xF604,0xF3C5,0xFE45,0x07AE,0xF6C6,0x00CF,0x195D,0x1527,0x1441,
    0x1058,0xFF2E,0xFED4,0x0539,0xFF6D,0x087B,0x00CF,0xE589,0xE8DD,0xF533,0xF280,0xFAB9,0xF7D7,0xF20F,0xFBC7,0x0D75,
    0x07F4,0x1227,0x1262,0xFF2C,0x0613,0x1257,0x0D1B,0x07C7,0xFF11,0xF4F6,0xFDA3,0xFF76,0x009F,0x0259,0x00AD,0xFCA3,
    0x07BD,0x0A0C,0xFD39,0xF799,0xEFFA,0xF6AB,0xFD0F,0x03F9,0x0A1E,0x00F9,0xF4C1,0xFEDA,0x0040,0xF33F,0xFA1F,0xEC54,
    0xE921,0xF46A,0xF617,0xFBD5,0x0EA6,0x0532,0xFF3C,0x1BEF,0x1A45,0x0D7E,0x1392,0xF77C,0xE554,0x06A7,0xFFBB,0xF0AB,
    0x03FC,0xFF07,0xF75C,0x0B07,0x0BE5,0xFF0E,0x07DA,0x0222,0xF2CB,0x031D,0x097A,0xF89F,0xF402,0xFAD9,0xFC09,0x0282,
    0x126F,0x08D0,0xEFFF,0xFDD6,0x011C,0xF6CE,0x06E7,0x0F7C,0xFB6B,0xFC6E,0x07CB,0xFD45,0xFFFC,0x07E2,0xFB68,0x0308,
    0x1210,0xFABB,0xF1CC,0x0281,0xF6DB,0xF63C,0x0DCF,0x0380,0xFFAD,0x0653,0xF74A,0xFC71,0x0F57,0x04D5,0xF4C9,0xF7FC,
    0xFE18,0xFF29,0x0277,0xFCF4,0xF280,0xF86A,0xFD89,0x02F6,0x0884,0x0978,0x01E0,0xF162,0xF533,0x036F,0x0616,0x0B71,
    0x0682,0xF96C,0xFD7F,0x0867,0x0086,0x005E,0xFD5C,0xFC78,0x0051,0x0A80,0x0899,0x0031,0xF639,0xF5A3,0x0320,0x08C1,
    0xFEA4,0xF8A5,0xFEF7,0xFAB3,0xFEBD,0x0992,0x01D6,0xF644,0xF727,0xFC5E,0x07C7,0x07DB,0xFE7F,0xFA57,0xF7B9,0x0222,
    0x1269,0x09C1,0xF9D6,0xFAA1,0x08A9,0x02C6,0xFECA,0xFA44,0xFA37,0x0502,0xFB16,0xF993,0x05F6,0xFC04,0xF201,0x05AF,
    0x0BC1,0x03CF,0x047C,0xFA47,0xF044,0xFAA4,0x004E,0x0181,0x0257,0x011A,0x0028,0xFA05,0x034D,0x080F,0xFC1E,0xFF43,
    0x06BF,0xFE80,0x01CE,0x0D5A,0xFFCF,0xF84D,0x055D,0xFC31,0xFF6E,0x0F84,0x02E8,0xF690,0x02BF,0xFFBB,0xFD3C,0x07EC,
    0x00C7,0xF6BB,0x0802,0x0B8B,0xF934,0x03C7,0xFC51,0xEAEC,0xFF9E,0x0B2A,0x03F4,0x0C50,0xF9AB,0xE6A9,0xF49F,0x0122,
    0x03A0,0x0972,0xF957,0xEC39,0xFECF,0x0BEE,0xF65C,0xFC86,0x0844,0xFB94,0xFE22,0x0817,0xFBFF,0xF75A,0xFE88,0xFC0F,
    0xFD2A,0x0808,0x0E4E,0xFD4C,0xFB43,0x0B31,0x010C,0xFD0A,0x0A01,0xFE13,0x0250,0x0DCA,0xFCD7,0xF379,0x029C,0xF8B4,
    0xFB3D,0x110C,0x055A,0xF850,0x046E,0xF582,0xF52C,0x0BEB,0x04D5,0xF1C2,0x0373,0x053F,0xFFC7,0x079B,0x07B8,0x0039,
    0x0228,0xFF0E,0x047C,0x101D,0x0734,0xF108,0xF863,0x03E1,0xFF31,0x0008,0x07BD,0xF5F9,0xEC47,0x0227,0x0567,0xF9CB,
    0x0726,0xFFC7,0xEB4B,0xFE08,0x0F71,0xFC95,0xF597,0x0137,0xFADE,0x0579,0x0CA1,0xFC5C,0xFB45,0x03E5,0xF9B6,0x020D,
    0x0C87,0xFD05,0x04BD,0x0CAF,0xF43A,0xFCE5,0x0F3F,0xF65F,0xF9EB,0x164A,0x00B7,0xF984,0x0F91,0x033D,0xF362,0x0234,
    0x052D,0xFA10,0xF7CB,0xFB90,0xF5B2,0xFB30,0xFDA4,0xFBE6,0xFC23,0xFF9B,0xF961,0x0151,0x0937,0xFFE2,0xFC64,0x06C1,
    0xFB15,0xFB63,0x19D4,0x0F8F,0xEEF2,0x060D,0x07DF,0xFA8F,0x127E,0x0EE0,0xF2B5,0xF69C,0xFBEC,0xF9CD,0x0AAF,0xFF0C,
    0xF06F,0xF8EC,0xFC07,0xF700,0x10FF,0x0212,0xED59,0xFE6C,0x067F,0xF7AA,0xFC70,0x0D4D,0xFD6E,0xEF2F,0x01D8,0x0805,
    0xFF53,0x063A,0x0766,0x0149,0x0603,0x099F,0x0291,0xF5F2,0xFB60,0xF769,0xFF58,0x07FF,0xFDBB,0x0070,0xF93B,0xE7EE,
    0x07CF,0x159B,0xF3CE,0xFF5B,0x0B3F,0xEAE3,0xFDE6,0x1267,0xFCEA,0xF48C,0x029F,0x030E,0x0544,0x0A24,0x0370,0xFFD0,
    0xFFD5,0xF9FF,0x0AC5,0x0A59,0xF626,0xF21B,0xFFC2,0xFB7A,0xF9D6,0x0660,0x046E,0xEC12,0xF1FC,0x044F,0x0736,0xFB0E,
    0x009F,0xFCDA,0xF442,0x0C64,0x0D43,0xFE4D,0x0144,0x0141,0xFEE1,0x081C,0x045E,0x07B6,0x08C0,0xFC88,0xFC46,0x16AC,
    0x0B5C,0xF415,0x03D4,0x016C,0xF228,0x06DE,0x0AB7,0xF539,0xF656,0x00E4,0xFB03,0x018B,0x049D,0x0AA0,0xF6B1,0xEB75,
    0xFB2D,0x0B94,0x0282,0xF40B,0xFFEF,0x0035,0xFF90,0x0BA3,0x0723,0x0264,0xF4A9,0xFEBC,0x0CE4,0x0923,0x046C,0xFF24,
    0xEED4,0xF924,0x0BBD,0xFA38,0xFB70,0x08AB,0xF53D,0x01D8,0x0C4C,0xF9EA,0xFA12,0xFF4B,0xF16A,0x031B,0x0DDA,0xF305,
    0xF4BC,0x0FC9,0xF65F,0xFE2B,0x13A5,0xF696,0xF231,0x0D97,0x07E5,0xFFB8,0x06E7,0xF833,0xF40B,0x069F,0x02B1,0x0E11,
    0x0DD8,0xF25B,0xF2AB,0x0AC7,0x0942,0xFF66,0x07B8,0x04A8,0xF410,0xF5DF,0x09B2,0x0609,0xFDD1,0x00AB,0xF988,0xF415,
    0x052F,0x04C5,0xF7B4,0xFB9D,0x019B,0xF8D4,0x0107,0x0E5E,0xF5BF,0xF98E,0x08A4,0xFF5D,0x0363,0x0C87,0xFD17,0xFE12,
    0x0A8B,0xFC96,0x0107,0x0655,0xF2BF,0xFC59,0x0DD4,0xFB58,0xFF7A,0x032D,0xEC90,0xFAEC,0x0C55,0xFF46,0x0B01,0xFFB0,
    0xE9F2,0xFCA6,0x10B0,0x0479,0x05DE,0x01F8,0xF105,0xF474,0x0982,0x0AA5,0x0446,0xF60D,0xECD0,0x023D,0x09CC,0x09B4,
    0x111E,0xF5CC,0xEE09,0x06EC,0x0D3D,0x05CC,0x0508,0xFD05,0xFBD7,0x05E1,0x087C,0x0199,0xFEAF,0xFAE8,0xFC9D,0x035B,
    0x0B8C,0x0097,0xE86D,0xF391,0x1303,0xFC37,0xF9D3,0x0BA1,0xECE2,0xE4DE,0x0B02,0xFDC9,0xEAB7,0x0397,0x0309,0xF3A9,
    0x0646,0x03A2,0xF052,0xFF36,0x0605,0xFF83,0x0F20,0x039A,0xEFEB,0xFBF7,0xFAAC,0xFB70,0x161A,0x059C,0xF5DF,0x0121,
    0x00E4,0xFEDE,0x0CC9,0xFE75,0xF22B,0x06DC,0x013F,0xF94F,0x0E9D,0x07B3,0xEF89,0xF99B,0x0724,0x03AF,0x0035,0x1168,
    0xF968,0xE888,0x085E,0x0D7D,0xF9A6,0x0370,0x065B,0xF6D5,0xFB2B,0x0FBC,0xFC60,0xF122,0x0706,0xFBDC,0x0507,0x15E5,
    0xF88B,0xF787,0x0124,0xF839,0x08A3,0x07D8,0xF835,0xFB75,0xF74D,0xF4C9,0x0D93,0x1877,0xFAFE,0xF0B4,0x0196,0xFF63,
    0x0421,0x14D0,0xF5AA,0xEFE3,0xF9F0,0xF8B2,0x0618,0x154A,0x05EC,0xF452,0xFFA0,0x0E70,0x03D2,0xFDE1,0x095A,0xFEE6,
    0xEE9F,0x097C,0x0733,0xF75F,0x03B4,0xF657,0xF575,0x123C,0x09A4,0xF590,0xFB48,0xFB42,0xF4D4,0x02EB,0x0709,0xFB16,
    0xEAEB,0x0104,0x075E,0x0499,0x125F,0xFE23,0xFA6E,0xF6AB,0xF9E8,0x19E4,0x090B,0xE979,0xFF80,0xFB98,0xF22E,0x1CE1,
    0x0230,0xEE80,0x0186,0x04EB,0xF631,0x03F9,0x105E,0xECB8,0xEDFC,0x1387,0xFDBE,0xF78A,0x099D,0xF28B,0xEF1E,0x179D,
    0x160B,0xF1BD,0xFB62,0x0A16,0xEB03,0xF246,0x1E36,0x0213,0xF1CC,0x04D5,0xF5CA,0xFF3B,0x1BB6,0xFEE2,0xEB1E,0x096A,
    0x0161,0xF80C,0x132A,0x0B2C,0xE6DD,0xFBE1,0x0F0F,0xFB8F,0x0388,0x0B93,0xF1E4,0xFCED,0x03DD,0x0652,0x088F,0xFAC4,
    0xF1FB,0x077B,0x0306,0xFE4D,0x092D,0xEFF7,0xEBEC,0x0A2B,0x121D,0xFCD3,0x03A0,0x0E4C,0xE369,0xE9D3,0x27B4,0x0EA8,
    0xE382,0x0CAF,0x00A3,0xE354,0x2169,0x14A5,0xE6AE,0xFEE4,0xF866,0xEF23,0x10EA,0x17B5,0xF3EB,0xFCA2,0x01E2,0xFAA7,
    0x100B,0x11BB,0xF8F9,0xF158,0x02CF,0x057C,0x069F,0x037D,0xF5A7,0xFDD9,0x015B,0xFDD3,0x0994,0xFD51,0xF039,0xF9FB,
    0x01A3,0x124D,0x08AB,0xFB84,0xF56A,0xF224,0xFE0D,0x1126,0xFCE0,0xF970,0xF33A,0xF468,0x0C13,0x0F62,0xFBC1,0xF85E,
    0xFE2B,0xEF49,0x0F0D,0x1ECF,0xF091,0xF015,0xFF56,0xED0D,0xFE6D,0x28E2,0xF321,0xE728,0x0F5A,0xFCFF,0x08B8,0x14EF,
    0xF814,0xEF68,0x00BD,0x0043,0x04ED,0x088E,0xF44F,0xF3CE,0xF882,0x1060,0x14EF,0xF852,0xF767,0x043E,0xF9C5,0x0CC7,
    0x0F15,0xF63E,0xF25D,0x060E,0x07B3,0x04D2,0x09F4,0xFABC,0xF367,0x01CB,0x0802,0x0A11,0xFB46,0xEA4A,0xFDF3,0x0734,
    0xFFBD,0x15E1,0x08AE,0xE791,0xFE7A,0x0859,0xF2B5,0xFCFC,0x006D,0xEECD,0xFF5D,0x09EE,0xF8AF,0x0058,0x0717,0xEE6A,
    0x0144,0x18F5,0x067A,0xF989,0xF901,0xF1BA,0xF9CE,0x07F4,0x1759,0x05D9,0xEE42,0xFB85,0x0851,0x05B1,0x0AEC,0xFB88,
    0xEE40,0xFF03,0xFF33,0xFAB3,0x0ACF,0xF67E,0xD3D7,0xFBBD,0x0B99,0xFE2A,0x20E7,0x0FBC,0xEE00,0xFF65,0x0620,0xF988,
    0x029C,0x01B1,0xF5BB,0x0552,0x0837,0xF88B,0x057A,0xFA7E,0xE642,0x0CCE,0x1AF9,0xFB5B,0x0402,0xFD6E,0x00EF,0x19C6,
    0x0ECB,0xF9F8,0xF70B,0xF13D,0xED42,0xFFFD,0x0D0C,0x04D8,0xFE6C,0x020A,0x131B,0x12D1,0x0F6F,0x0B0D,0xF36E,0xED6D,
    0x006B,0x0657,0xF10D,0x030B,0xE120,0xDFB9,0x0B4C,0xF3D0,0xFA7E,0x1214,0xE8ED,0xEF41,0x226B,0x0460,0x035D,0x2D77,
    0x04D8,0xEE1E,0x1C5D,0x0BF6,0xDE8B,0x01AB,0x03CA,0xDF93,0x00ED,0x0619,0xE1FC,0xF059,0x05B1,0x04DA,0x0DFF,0x183F,
    0x10C7,0x0078,0x06D9,0x14D5,0x08E8,0xF703,0xF0C3,0xF32D,0xF52B,0x04D2,0x0992,0xEAA2,0xE337,0xF7FE,0xFE2D,0x0375,
    0x0D43,0x08B1,0xF4CC,0xFA8C,0x2475,0x1AB2,0x0220,0x0BC8,0x0173,0xE526,0x0AEA,0x149D,0xDBEC,0xE7CE,0xFF51,0xDD7D,
    0xF209,0x1C08,0xED69,0xE47D,0x1438,0x03BC,0x0370,0x272E,0x0F3A,0xFA0F,0x11B6,0x0F62,0x0DA5,0x0643,0xF2EA,0xECC8,
    0xF63A,0xF81E,0xFBDE,0xF376,0xEFFD,0xF402,0xF8E5,0x0127,0x1493,0x08B4,0xF20B,0x04CA,0x1B12,0x0E64,0x053F,0x020A,
    0xFA20,0xF6BD,0x04E5,0x11F8,0xFB4E,0xF071,0xFB75,0xF873,0xFD66,0x1276,0x0366,0xE4B5,0xFE65,0x0B88,0x029E,0x1682,
    0x12F8,0xF796,0x06EA,0x0D88,0xEFA3,0xEAFB,0xF162,0xE41E,0xEE15,0x08D9,0x06A9,0xFEDC,0x01F5,0xF951,0x008F,0x0E41,
    0x111E,0x008A,0xF13A,0xF92C,0x065D,0xFF5B,0xF7B4,0xFAAB,0xF845,0xFD94,0x14AB,0x0DA5,0xF8A4,0xFBAD,0xF0D9,0xEE3B,
    0x11FD,0x0DE4,0xF921,0xFD5C,0xFAFE,0xFBD2,0x0058,0x0393,0xFC60,0xFB03,0x0107,0x0765,0x0BA4,0xFD9C,0xFD71,0xFA1C,
    0xFCC0,0x0A50,0x0A26,0x0618,0xFB06,0xF76A,0x0191,0x15B6,0x081D,0xF18D,0xFE12,0x02F8,0x0967,0x0BFE,0x06CD,0xFFC0,
    0x0300,0xF4FC,0x010A,0x137F,0xFCB5,0xF912,0xFE50,0xF501,0x0101,0x11A5,0xFE82,0xF4F7,0xF97E,0xFA3D,0xFCE2,0x087F,
    0xFD07,0xF465,0x05D4,0xFFAD,0xFF8B,0x06B5,0x0028,0xF1A7,0xF53D,0x05D6,0x0372,0x015B,0xFC90,0xF570,0x0297,0x074B,
    0x023D,0xFABE,0x0205,0x027A,0xFA3D,0x02BE,0x079E,0xFD9C,0xFBC7,0x038D,0x0119,0x0D58,0x0075,0xF6CE,0x080C,0x019B,
    0xFA92,0x092D,0x08B1,0xF0CB,0xF4A2,0x1129,0x01DA,0x02E9,0x077E,0xED2F,0xF558,0x131E,0x0180,0x02F4,0x05C8,0xEB76,
    0xF015,0x081D,0x0A1C,0x0CB6,0x0046,0xEF0E,0xEF75,0x04F3,0x0EAD,0xF841,0xFA07,0xFA4C,0xF273,0x0267,0x0E26,0x050A,
    0xF47D,0xF1C9,0xFE43,0x055A,0x1795,0x0751,0xEFAD,0x07C0,0xFD61,0xF755,0x081F,0x0544,0xEDDB,0xFD3C,0x04B3,0xFBAF,
    0x065B,0xFF0F,0xE947,0x0753,0x13CA,0xFCC5,0x0587,0x0B3C,0xFCA3,0x03DC,0x06CD,0x00D8,0x05D6,0xFD89,0xED1D,0x034E,
    0x0B0C,0xF97E,0xF644,0xFBAF,0xFB4A,0x1018,0x0DC7,0x051A,0x01A9,0xF0FE,0x054A,0x0CAA,0x083F,0xFC01,0xEECD,0xFB13,
    0x0690,0x07F2,0xFEC4,0xF98B,0xEADF,0xF519,0x13E7,0x14B0,0x0286,0x021B,0xF18C,0xE8B5,0x1846,0x1C28,0xFC93,0xFC37,
    0xDF1F,0xF249,0x1050,0xFF68,0xFE5F,0x0619,0xED86,0xEE77,0x18F3,0x09D9,0xF31F,0x0496,0x0360,0xFD76,0x12AC,0x066A,
    0xEF1E,0xF185,0xF54B,0x0BE0,0x154E,0xFC75,0xEF33,0xF8AD,0xFC21,0xFFF8,0x14AA,0x0A76,0xEBCF,0xF3A0,0x0B46,0x10AA,
    0x0532,0x03B5,0xF410,0xE90D,0x0648,0x21ED,0x03FE,0xFC2E,0xFE74,0xEDD1,0x04E7,0x0D90,0xFF1E,0x0B31,0xFB8F,0xEC80,
    0x0E96,0x0500,0xF2B2,0x0E3F,0x038F,0xE374,0x0B14,0x1944,0xEDB9,0xFD27,0x0738,0xEE46,0x0048,0x162A,0xEF2F,0xED9E,
    0xFE1B,0xFB7F,0x046B,0x06A0,0xF7D3,0xFB70,0xF912,0xF727,0x15F6,0x1077,0xEDB1,0xEE7D,0x08AE,0x021A,0xF8AA,0x0648,
    0x010C,0xE2FF,0xF6E6,0x1522,0x0390,0xFB82,0x0A41,0x00BF,0xEDF1,0x0779,0x09DF,0xF5FF,0x022A,0xFE8D,0xFA51,0x0815,
    0xF86D,0xEE5F,0x02C3,0xFB03,0xFFE7,0x2247,0x03A7,0xE8C8,0x05E6,0x08A9,0xF74F,0x12A4,0x11EF,0xE1DF,0xF931,0x08EE,
    0x0F94,0x0E39,0xFEE1,0xEA13,0xFB60,0xF8B2,0x1541,0x10EF,0xFF69,0xF6DE,0xF863,0x04DD,0x05CC,0x0532,0x05DC,0xF58E,
    0xE8F9,0x0859,0x0D14,0xF7D1,0xFCB5,0x0DAA,0xF0E0,0xFD4C,0x1EAD,0xFCC7,0xF2E2,0x0E74,0x015C,0xFF49,0x0EC0,0x001E,
    0xF09F,0xFD31,0xFC75,0x0978,0x1035,0xF06C,0xF67B,0x0C27,0x042B,0x024C,0x1C76,0xF233,0xE40E,0x06BD,0x19E7,0xFE80,
    0x0213,0xFF0C,0xF300,0xEFC8,0x0CA6,0x09B5,0xFC19,0xF3C9,0xFC29,0xFDF1,0x061E,0x08D1,0xFC50,0xFDE0,0xFAE9,0x07CF,
    0x0EC3,0x07B5,0xED44,0x056C,0xFE80,0xF2F0,0x1401,0x1BC8,0xE002,0xF379,0x0B63,0xFCD0,0x0652,0x0B09,0xF0D4,0xF6A1,
    0x0A31,0xFC2B,0x022C,0x02E3,0xEA33,0xFF06,0x1537,0xF641,0x0466,0x0272,0xE507,0xF099,0x0FC1,0x08AE,0xFED9,0xFE3D,
    0xED92,0xF49C,0x07CA,0x0859,0x033D,0xF5C0,0xF5FD,0x044C,0x0D0B,0x0995,0xF9B6,0xF533,0xF7C4,0x00D5,0x053F,0x045B,
    0xF1A4,0xE8DF,0x05DE,0x01AE,0xFE4D,0x1829,0x0114,0xE7CC,0x14B2,0x135F,0xFA96,0x1628,0xF959,0xDBD0,0x0935,0x0C05,
    0xFAD1,0x0E36,0xF5E2,0xED87,0x06B1,0x0A63,0x03AD,0x07F2,0xF671,0xF099,0x1B6B,0x153A,0xFA0B,0xFDE5,0xEFC0,0xF110,
    0x0B7B,0x13E1,0x02C3,0xED2A,0xF30C,0xFEEF,0x0537,0x0957,0x0B5F,0xF290,0xFBEE,0x0B3A,0x065B,0x027D,0x0B4F,0xEB33,
    0xF68B,0x0AF2,0xFFAB,0x031E,0x0412,0xEA52,0xF403,0x1853,0x0886,0x0424,0x01F6,0xE863,0xFBA5,0x1945,0xF835,0xF1D4,
    0xFF11,0xEF90,0xFAC9,0x1DC5,0x0DCD,0xE047,0xEE18,0x004B,0x0AFA,0x0E12,0xFF33,0xFDF3,0xED3C,0xF233,0x01F0,0x0638,
    0xF4C7,0xE986,0xFE2D,0xFDB4,0x08B4,0x0B90,0xF6F8,0xF062,0xFAAB,0x0B74,0xFFBF,0xFDA4,0x0CC6,0xF582,0xECB8,0x0E46,
    0x0872,0xFD3C,0x19B2,0x0A11,0xFB60,0x1492,0x0BAB,0xF779,0x0A5B,0x0E3F,0xF443,0x0792,0x1480,0xFABF,0xFE52,0xFD41,
    0xEB70,0x0A9A,0x0F75,0x00E0,0x0BCE,0x01C0,0xF4C6,0xFF53,0x19A9,0x0866,0xF8BC,0xFEA9,0x072C,0xF65E,0x0040,0x06F6,
    0xEC44,0xEA91,0x05C1,0x0C8A,0xFB1E,0x0058,0xFA76,0xF271,0x00B7,0x142E,0x09AF,0xF865,0xE789,0xEB8B,0xFEE4,0xF1DF,
    0x0584,0x1234,0xE8FC,0xF1FC,0x0CFB,0x085E,0xFEC2,0xFEA5,0xFA2C,0xFDC1,0x0EDD,0x0127,0x02A4,0xF810,0xEB20,0x0117,
    0x0122,0x0028,0x0D62,0xF9BB,0xEA42,0x08F0,0x12D0,0xEF39,0x016B,0x07B0,0xF6F3,0x0BB8,0x1664,0x039A,0xEDEE,0x0591,
    0x0F1B,0x06FC,0x0CE3,0x040C,0xFEC6,0xF29E,0xF51B,0x030C,0x0C82,0x12E0,0x01A0,0xF261,0x0129,0x05B4,0x0259,0x0B27,
    0x02B6,0xF860,0x040F,0x0240,0xFFB0,0x0CF3,0xEA10,0xEC1F,0x0DF5,0x0A18,0x0483,0x0447,0xF051,0xFB21,0x0C99,0xF5C7,
    0x0A2C,0x0D43,0xEC04,0xF6A8,0x1340,0xFD7A,0xF334,0x0063,0xEA60,0xF0D3,0x181D,0x0999,0xE425,0xFA87,0x010C,0xE8A2,
    0x0B99,0x0FDB,0xFB2D,0xEE97,0x0E9E,0xFC9D,0xED8A,0x1310,0xFFEA,0xDC0A,0x0070,0x0DCC,0xFA82,0x00BD,0xF914,0xDFDE,
    0xF829,0x178B,0x06E9,0x0F51,0x03B7,0xE659,0xFAA1,0x1FF5,0x0FA4,0xFB6A,0x0818,0xF266,0xF0CE,0x1687,0x0547,0xFAC6,
    0xF9CD,0xF9CA,0x03B7,0x0854,0x0F4A,0x1056,0xFADC,0xFAC9,0x0C48,0x0E29,0x0821,0xFE9C,0xE59A,0xF757,0x0AEF,0xFBCF,
    0xFF8D,0xF845,0x0479,0x0065,0x0ECD,0x10A5,0x007A,0xFCCB,0xFE1D,0x0304,0x06EE,0x0897,0x03C2,0xF53D,0xF28E,0x089B,
    0x0A69,0x03F9,0x0605,0xF15A,0xEB0C,0x079E,0x01D5,0xF8AF,0x064F,0xF52C,0xEF34,0x0B5F,0x0667,0xEA9C,0xFEF1,0xFD77,
    0xF1C4,0x07AE,0x0D0E,0xF39B,0xEACF,0x027A,0x01B8,0x03BD,0x08D5,0xF93F,0xF5D7,0x06D9,0x0884,0x0743,0x0839,0x063A,
    0xF1E1,0xF6C5,0x0A92,0x0169,0xF723,0x02DE,0xF42B,0xFA5F,0x0859,0x0C6A,0x08AB,0xF283,0xF667,0x1276,0x075B,0xF772,
    0x0EA5,0x0B49,0xF506,0x0104,0x13C5,0xF973,0xF856,0x134A,0xEB95,0xF5D0,0x2AFC,0xF92E,0xDF56,0x088E,0x0F4F,0xF2EA,
    0x0613,0x0CB9,0xF054,0x041E,0x07B0,0xF9CB,0x0A90,0x0C48,0xE531,0xF39E,0x158C,0xFE25,0xFC2E,0xFFF2,0xF559,0xEBF7,
    0x05E9,0x0B01,0xF60F,0x087C,0xFA25,0xF24E,0x04A1,0x0238,0xF9E7,0xFDCC,0x010F,0xF342,0x08D9,0xFD10,0xFCC3,0x15F8,
    0xFB4B,0xFCAB,0x071C,0xF5BB,0xE533,0x006A,0x033D,0xF4A5,0x0C7A,0x023D,0xF06C,0x0208,0x0E99,0xF26E,0xFF31,0x0EA1,
    0xF0B6,0xFD54,0x18D3,0x0CD6,0xF4E6,0x07DB,0x01C1,0xF2DB,0x0796,0x0A7E,0xF747,0x033E,0x0E6B,0xF49C,0xFBCD,0x08F8,
    0xFF43,0x11EF,0x13C5,0xFD2A,0x001C,0x0024,0xF342,0x05D0,0x0A1C,0x0630,0x0733,0xF027,0xE991,0x053C,0x12C3,0xFB05,
    0xFA4C,0xFE9D,0xEDC1,0x05EB,0x1CB4,0x0459,0x073E,0x068D,0xF089,0xF5CD,0xFE0A,0xFDD0,0xE8C7,0xF511,0x08BE,0x0922,
    0x13E1,0x114B,0xF46D,0xF898,0xFD71,0xE973,0xEE97,0x0277,0xEBBF,0xFA2C,0x1AD7,0x0DAB,0x0CAA,0x13EA,0xFCF4,0xF24B,
    0x0688,0xFBEA,0xF194,0xF615,0xE63A,0xE7CF,0x08C8,0x04C5,0xF9F5,0x0086,0xFA7C,0xFBF4,0x0F2D,0x13CC,0x1020,0x0CF1,
    0x0B8E,0x0CD6,0x1009,0x07B6,0x020D,0xF29D,0xF180,0x0186,0xF30C,0xF46F,0xE75C,0xDF3A,0xEE7A,0xFDC8,0x0065,0x046B,
    0x1196,0x0C79,0x1788,0x1A26,0x0975,0x1918,0x139A,0xECC6,0xFB18,0x054F,0xEEA2,0xF3CB,0xF850,0xEDE3,0xFC75,0x0388,
    0xFDB4,0xF7DC,0x0597,0xFDCC,0x0DFD,0x1834,0x0380,0xFF93,0x089F,0xFF7D,0x07D2,0x0F59,0xFF29,0xEB5E,0xEA5F,0xF725,
    0xF398,0xFA05,0xFDE9,0xF969,0x0491,0x085E,0xF6B9,0xF4D4,0xFFC2,0x06E2,0x07B6,0x1761,0x0C8D,0xF432,0xF9C3,0xF3A9,
    0xEB66,0x01E3,0x0088,0xF069,0xF2AA,0xF6F3,0xF0D0,0xF89F,0xFDE8,0xEB4B,0x0053,0x14C0,0x0E14,0x17E5,0x1681,0xFC6E,
    0x049E,0x0E4E,0x07F0,0x09E9,0x127F,0x0510,0x0321,0x0BDD,0xFED1,0xF61E,0xF5F7,0xED94,0xFB85,0x1348,0x0409,0xFCA5,
    0x0469,0x0194,0x0A40,0x0BF6,0xFC46,0xF3A9,0xF6D8,0xF774,0xF8EA,0xF73D,0xF135,0xF37B,0xFD0F,0x0FC3,0x152A,0x0C6A,
    0x07D2,0xF494,0xEE7F,0x0AFC,0x16E3,0xFD2A,0x0763,0xFE7A,0xE725,0x04B2,0x0490,0xEBA0,0xFDA1,0xFC1F,0xEF5C,0xFD3A,
    0x0FDE,0x01B3,0x0D2B,0x1678,0xFC61,0x138F,0x1D09,0xFB85,0xE9C6,0xE71B,0xEB6E,0xFF68,0x0812,0xF282,0xF771,0xFB77,
    0xFF8A,0x13EC,0x1121,0x0222,0xF8AD,0x0240,0x0910,0x03E5,0x003D,0xF415,0xECF8,0xFDAE,0x0EC8,0x0378,0xF9CE,0xF909,
    0xEABC,0xFBE1,0x1DBF,0xFF92,0xF06C,0x048D,0x009D,0x0532,0x13B5,0x0A24,0xF961,0xFE37,0xF5F9,0x02D1,0x1992,0xF5E7,
    0xEABC,0xFE6A,0xF305,0x04B0,0x1849,0xF771,0xF5F1,0x0B09,0xFE25,0xFBA5,0x0D31,0x01D2,0xEDCF,0xF82E,0xFAEC,0xF6F0,
    0x0026,0xFC2E,0xF90E,0x088B,0x0F12,0x02A1,0xF44B,0xF1A5,0xFED9,0x1594,0x0DEF,0x0063,0xF491,0xEB7A,0xF566,0x0B9C,
    0x10CF,0x0437,0xF180,0xF8AF,0xFAD9,0x0857,0x19EE,0x1090,0xEC0F,0xEE8C,0x079A,0x092F,0x0BC9,0x0B6B,0xF7FC,0xF5BA,
    0x042E,0x0829,0x0E2E,0xFD89,0xF034,0xF8BA,0x076E,0xFD34,0xFB3B,0xFD62,0xF125,0x0247,0x1126,0xFB0B,0xF9CE,0xF6C3,
    0xF6F2,0x0926,0x0A6D,0xF408,0xF26D,0xFFB3,0xFAB7,0x03F6,0x0FF6,0xFC36,0xFAF1,0xFFBB,0xF980,0x0B4E,0x0C25,0xFA8C,
    0xF7E6,0xFA87,0x0070,0x03A5,0x0667,0x009D,0xFCA8,0xFE48,0x0A03,0x0922,0x0045,0xFB7B,0xFE72,0xFB2A,0x0926,0x100E,
    0x037D,0xF4D2,0xF3A8,0x000B,0x11B8,0x0A20,0xFEAC,0x0200,0xEB04,0xF228,0x2084,0x1143,0xF82B,0xFD56,0xF5A5,0xF21E,
    0x08EE,0x0A1B,0xFC37,0x0352,0x0167,0xF9D6,0x0592,0x00FC,0xF3F2,0x0879,0x09C7,0xFDD8,0x0926,0xFDAB,0xF59F,0x061D,
    0x076D,0x010F,0x0A48,0x032D,0xED03,0xFA57,0x0AE8,0xFF33,0xF57D,0x023D,0xF7AF,0xF478,0x09F3,0x03AD,0xF3C5,0xF243,
    0xFB35,0xFBD5,0x0306,0x0E1A,0xFB00,0xF32C,0xFD99,0xF8DF,0x071E,0x128F,0xF6D8,0xF16B,0xFDB3,0xFF5B,0x0446,0x0066,
    0xE9A4,0xF642,0x0BBE,0x0409,0x01A5,0x1029,0xEF93,0xF20E,0x195D,0x1382,0x0114,0x0F0F,0x0186,0xE896,0xFD0F,0x0B37,
    0xFCF7,0x0474,0xFB85,0xFC40,0x031D,0xFFF4,0x01B8,0xFF1E,0xF590,0x04A3,0x08C6,0x0ED8,0x0AA5,0xF6E5,0xF9E5,0x0035,
    0xFDA7,0x041F,0xF74C,0xFB9F,0x07A6,0x09AF,0xF42F,0xF437,0x0244,0xFA45,0xFD83,0x1675,0x0191,0xF9C6,0xFDDE,0xED35,
    0xF9D0,0x0F8E,0x007A,0x0340,0xFAAE,0xED74,0x0606,0x0B5C,0xFDE6,0x0CC9,0x11C0,0xF366,0xFD37,0x12D9,0x036D,0xFA15,
    0xF785,0xFE3F,0x0262,0x082F,0xFEB9,0xFBE6,0xFA7C,0xFAB7,0x05B1,0x0817,0x00E7,0xFC91,0x06BF,0xFCCB,0xF555,0x0619,
    0x09A9,0xF12A,0xF3EE,0x142B,0x07AA,0xF63E,0x0BC0,0xFB82,0xEEAD,0x12E9,0x14FC,0xFA6C,0x093F,0xF45D,0xE49F,0x0485,
    0x017E,0xF9DD,0x033B,0xF556,0xF5BF,0x0DFC,0x01FB,0xEC89,0x02B4,0xFC0C,0xEF8B,0x100B,0x141F,0xEE1B,0xF9A5,0x0599,
    0xF1D2,0x04ED,0x10B7,0x01E6,0xFE68,0x03E9,0xFF3B,0xFE53,0x0038,0xF00D,0xFCB2,0x0429,0x027D,0x0815,0x0BB3,0xF4F6,
    0xE8EC,0x06E7,0x0FB7,0x03AA,0x071C,0x032D,0xE821,0x01D6,0x0BE0,0xF715,0x047B,0x0D95,0xF954,0xFB32,0x0A33,0x0049,
    0xFD72,0x014F,0xF4EF,0x0744,0x15B6,0xF27D,0xF1E7,0x1098,0xF6E5,0xF20F,0x119D,0xFC50,0xEA99,0x0EA9,0x052F,0xF573,
    0x0821,0xFB72,0xEBF7,0x0AC5,0x0FB9,0x0DAF,0x0795,0xFD4A,0xF4FC,0xFD99,0x0C3A,0x0BB1,0x082C,0xFC9A,0xEE0D,0x02BF,
    0x08E1,0xF7E8,0x02CE,0x06F4,0xF216,0xFA15,0x04DB,0x034A,0xF12B,0xFD27,0x03FF,0xF494,0x0454,0x094B,0xF541,0xF969,
    0x02F1,0xF592,0x0198,0x081D,0xF550,0x06DC,0x107F,0xF901,0xF6BD,0x0422,0xE9CB,0x011A,0x19A7,0xFBDA,0xF3AE,0x06CF,
    0xFE0A,0xF5C2,0x140E,0x1220,0x02B6,0xFD7F,0xF0A9,0xF150,0x095D,0x0093,0xFD4E,0x0DD8,0x0164,0xFF5B,0x0BA9,0xF9D5,
    0xF175,0x044C,0x0606,0xFD99,0x027D,0x0592,0xF551,0x0131,0x1131,0x00F4,0xF65E,0x05A9,0x0189,0xFC4C,0x09DF,0x01CD,
    0xF3A0,0xF084,0x02C7,0x0DA8,0x0F99,0x017E,0xF8F1,0x01BB,0xFA3C,0xF7C4,0x15A1,0x0D2E,0xE625,0x00CF,0x0C5D,0xE217,
    0x0086,0x1AE5,0xE841,0xEC76,0x25A8,0x0D0E,0xEDD9,0xFD6F,0x02F4,0x0947,0x0BE6,0xFAC7,0xE75F,0xF748,0xFF04,0xFE57,
    0x0208,0xF47C,0xF2D2,0x08F3,0x0008,0x012E,0x13EC,0xF477,0xF2FF,0x017E,0xFCA0,0xFC1B,0x00CC,0x0B1F,0xF902,0xE986,
    0x093F,0xFE88,0xFE35,0x1A70,0x0AC8,0xF66C,0x0704,0x0DC0,0xFAA7,0x09C6,0x06DE,0xEB62,0xFCC7,0x1207,0xFDAC,0xF686,
    0x00AF,0xF556,0xFB8D,0x07B8,0x014E,0xFEF1,0xFAB9,0xFB42,0x01BB,0x067F,0x0635,0xFF1E,0xFBBF,0xFD6F,0x10A5,0x0A0F,
    0xEF64,0xF8CC,0x0161,0xF1CA,0x02CF,0x1D70,0x0A45,0xEC79,0x00FA,0x0719,0xFB5F,0x061B,0x0DA0,0xE7B9,0xF015,0x0BF2,
    0x0097,0x027A,0x0B9C,0xF6A5,0xEEA4,0x0E4F,0x063D,0xF949,0xFECC,0xF7A4,0xFC0E,0x00B5,0x0829,0x0E79,0x052D,0xF47D,
    0xFF7B,0x05E6,0xFCD3,0x069C,0x0422,0xF7AE,0xF9B5,0x0286,0xFBB5,0xF7BC,0x04E8,0xF20F,0xFA9F,0x0F27,0x0345,0xEB4D,
    0x0600,0x0C40,0xF037,0xF5C0,0x093F,0x01EB,0xFCC2,0x0636,0xF4C2,0xF558,0x0D0B,0x019B,0xF88F,0x0B25,0x01BD,0xF5AB,
    0x1063,0x03DD,0xED7A,0x0EC0,0x0704,0xF305,0x0F97,0x01D5,0xF448,0x009D,0x02DE,0xF7DC,0x0378,0x07B5,0x01F5,0xF071,
    0xFE3F,0x0D36,0xFC26,0xF7C1,0x0330,0x0313,0x027C,0x08E3,0x0C18,0xF49D,0xF195,0xFF96,0x007D,0x0272,0x0CAC,0xFE52,
    0xF408,0xFDCC,0x07D8,0x03A4,0xFA62,0x0591,0xF91F,0xE236,0x0C72,0x0F3C,0xE75A,0x02AF,0x0D30,0xF221,0x0AC3,0x15D8,
    0xFC0F,0xF13D,0x02A4,0x0358,0xFE4F,0x0202,0x0436,0xF856,0x011F,0x0BB0,0x0698,0x0599,0xFDD8,0xF50C,0xF510,0x0316,
    0x158E,0xFB90,0xF05A,0x09F3,0x05F3,0xFFF7,0x11CD,0xFA4F,0xF3DE,0xFB8C,0xFDF0,0x0685,0x0906,0x04E5,0xFB20,0xF125,
    0x0220,0x1310,0xFE72,0xFC3C,0x0151,0x0156,0x04F3,0x04CE,0x021D,0xF8E4,0xFE32,0xFE00,0xFCF8,0x123A,0x00E2,0xDEDD,
    0xFC6B,0x0DE2,0xF2C0,0x0518,0x025D,0xEA00,0x0392,0x0829,0x08CB,0x036B,0xFCA6,0x0255,0x052F,0xFAD4,0x05E3,0x0CCB,
    0xF128,0xFC5E,0x0B14,0x03FC,0xFBD4,0x0E19,0xF223,0xECDE,0x0D5A,0x071B,0xFEA5,0x0028,0xEA02,0xE778,0x175D,0x1720,
    0xF703,0xFACE,0x05F5,0xFEB1,0xFCAA,0x14E7,0x033E,0xE2DF,0xFB01,0x0E49,0x007E,0x0E31,0x083F,0xE109,0xFBCD,0x0945,
    0xE659,0x0C99,0x1BF8,0xEA4C,0xEDA4,0x06EF,0xF6A9,0xF93B,0x04C5,0xF641,0xFB52,0x1CF9,0x0431,0xF219,0xFEF3,0xF2E0,
    0xFE0B,0x14C2,0xF9E5,0x01FB,0x067A,0xF95B,0x0144,0x0BC5,0x097C,0xFECE,0xF543,0xF86D,0xFDCB,0x0891,0x0E2E,0xF9CE,
    0xF096,0xFBEC,0x00CC,0x0C8F,0x0CEE,0xEBD5,0xE5FF,0x0999,0x149A,0x0A93,0x0C48,0x0225,0xECF3,0x07B0,0x0DD7,0xFA14,
    0x0461,0x0DB7,0xF069,0xFF7D,0x16B6,0xF892,0xF174,0xF8AC,0xF4C7,0x09B1,0x0C87,0x0267,0xF92C,0xED38,0xF48A,0x071E,
    0x05F1,0x03BC,0xFD02,0xF673,0xFCED,0x0088,0x0043,0xFD4C,0x04B0,0xF0AC,0xFD7C,0x1F5E,0xFDED,0xF190,0xFD59,0xF1C7,
    0x07EF,0x1751,0xF954,0xFD1C,0xFEB7,0xF680,0x006A,0x0E89,0x09CF,0xF699,0xF4D9,0x093D,0x0EF8,0x0C79,0xFDE9,0xF708,
    0xF609,0x00FA,0x196D,0x0B1C,0xFB87,0xFFC8,0xEA40,0xEF12,0x1F1A,0x09F7,0xEEA7,0xFB10,0xF77F,0xFB3E,0x0A55,0xFD35,
    0xEF75,0xF3E3,0xF3D9,0x0D45,0x1326,0x02DC,0x00D2,0xF7E4,0xF206,0x1451,0x0BA0,0xDF71,0xE94C,0xF797,0xF6B6,0x0B27,
    0x20CA,0x072C,0xFCEB,0x114B,0x0C1A,0x0210,0x033B,0xEE06,0xD9AB,0xECD2,0x0433,0x06BA,0xF292,0xF3B9,0xF602,0xF015,
    0x0DF4,0x1599,0x0775,0x0E1A,0x0B96,0x0AB5,0x1C89,0x1A56,0xF77D,0xFF6B,0x0620,0xF3E0,0x1021,0xFFBA,0xD5EB,0xED49,
    0xF9F7,0xEA94,0x0DDA,0x09A7,0xEBC0,0x0048,0x0E51,0x0CA6,0x15A6,0x1136,0xFDAE,0x0114,0x0DD0,0x05A3,0xFC02,0xF946,
    0xEDE6,0xF578,0x051D,0x0362,0xFE7F,0xF598,0xF00C,0xF445,0x0238,0x1903,0x0CF3,0xF696,0x011C,0x0645,0x0FEE,0x15C3,
    0xFA92,0xF1B1,0x0802,0xF963,0xF6E6,0x0982,0xEBBA,0xD9C6,0xFCE0,0xFE22,0x031D,0x2429,0x0561,0xF0C4,0x19EB,0x2020,
    0x102E,0x10FC,0x03FE,0xF627,0x0111,0x0360,0xF17A,0xF00C,0xF00F,0xE377,0xF4FC,0x024A,0xFB32,0xF0E1,0xEC12,0x0370,
    0x1822,0x1880,0x156F,0x0164,0x06E6,0x055D,0xFCC5,0x0DC4,0x0BC1,0xF722,0xF9B5,0xFAEC,0xF586,0x010F,0x0572,0xED75,
    0xEB7B,0x01A0,0xF732,0xF919,0x0A5B,0xF194,0xF074,0x0D73,0x063B,0x07A8,0x0D6B,0xE8CD,0xE568,0x03A7,0xFA71,0xF6B9,
    0x060E,0xF499,0xFAA1,0x1468,0x0994,0xFF51,0x05F9,0xF8C4,0xFDF5,0x1643,0x0B57,0xF8FF,0xF715,0xFA76,0x01B1,0x0BDB,
    0x0AC5,0xFE08,0xF67E,0xF4BC,0xF95B,0x017B,0xFECF,0xF9E0,0xF1E2,0x088F,0x1ED0,0x0C97,0x0DCD,0x08C4,0xE8EC,0xFE7F,
    0x12D3,0xF72A,0xFBA5,0xFBAF,0xE765,0xFF96,0x0C3B,0xF458,0x02F4,0x0499,0xEB5B,0x0383,0x19F6,0xF38F,0xF09F,0x0066,
    0xF7A9,0x07DD,0x1531,0xFC2E,0xF702,0xFC01,0xF8F9,0x0765,0x139F,0x0161,0xF33A,0xF855,0x0493,0x05AB,0x06F7,0xFD12,
    0xF73A,0x04CD,0x0A95,0x0134,0xFCBD,0xF77C,0xFDA7,0x0414,0xFCAB,0x032B,0x04A9,0x0ECD,0x006A,0xF999,0x1062,0x08ED,
    0xFE80,0x04A3,0x02AE,0x018B,0x09FC,0xF74C,0xE94F,0x0537,0x0835,0xFED6,0x1336,0x02D6,0xE428,0xFB4D,0x072F,0xFF7E,
    0x0CEC,0xFE78,0xE804,0xFB6B,0x0B86,0xFC8B,0x0218,0x085F,0xF6E3,0xFE28,0x0BD8,0x03B4,0x0464,0xFD07,0xF65B,0x005B,
    0x0655,0x0AEC,0x02F1,0xED89,0xF344,0x018C,0x0891,0x10FF,0x0188,0xFA5C,0xFFAA,0xF45C,0x014F,0x0AD4,0xF4B1,0xF6BE,
    0x0BA4,0x04F8,0xF7CE,0x0102,0xFEAF,0xFF71,0x054F,0xF8FA,0x04D0,0x0DEA,0xFB18,0xFF3C,0x026C,0xF074,0xFD39,0x0456,
    0xEC6B,0xF18F,0x0A83,0xFE0E,0xF230,0x03D7,0xFBCD,0xEBC5,0xFDD9,0xFEBF,0xF90C,0xF7A4,0xFA8C,0x0723,0x0B36,0x1161,
    0x1010,0xF7B6,0xF856,0x0409,0xFF6B,0x06F9,0x0D41,0xF7E6,0xFA4A,0x0851,0x056C,0x0778,0x050A,0xEFB5,0xF5C8,0x0387,
    0xF6D1,0x03BA,0x06E9,0xEBF4,0xF4A5,0x0891,0x05DE,0x09A7,0x0300,0xF79C,0x0A56,0x0D03,0x09E4,0x0D70,0xFEB2,0xEE62,
    0x07AD,0x1127,0x00C7,0x03F9,0xF777,0xEC68,0x07EF,0x10F1,0x0524,0x05C8,0xF322,0xF101,0x053D,0xFE01,0x0545,0x06CD,
    0xF12E,0xF999,0x0286,0xFD2C,0x0008,0x0894,0xFEBC,0xF6C9,0x0147,0x0B99,0x0852,0xFEBD,0xFB8C,0x0065,0xFD54,0x0572,
    0x0D7D,0xF88B,0xF878,0x0597,0x02B7,0xF80E,0xFCE5,0x04A6,0x0261,0x01FF,0xFA7E,0x00C0,0xFE91,0xEDC7,0xFE15,0x14D0,
    0x0154,0x0072,0x0ACB,0xF47C,0xF789,0x08B1,0xFBD4,0xFEBF,0x0193,0xF5A5,0xFD4C,0xFE2B,0xFC4C,0xFB6B,0xF99E,0xF70B,
    0x03F4,0x0E57,0xF53E,0xF36F,0x0068,0xF4D7,0xF806,0x0EE6,0x0619,0xF90E,0xFE94,0x0365,0x070C,0x0BB3,0x088F,0xFB8D,
    0xF43F,0x0884,0x07BB,0xFCED,0x0ACF,0x07D7,0xF182,0x0279,0x021A,0x00A5,0x0D28,0xF90F,0xEC41,0x0AE4,0x0663,0xED0B,
    0x0D09,0x109F,0xF2D0,0x0146,0x0AC5,0xEF31,0xFA4F,0x0C42,0xF705,0x048E,0x115E,0xFAD4,0xF808,0x0323,0xFF96,0x0D4B,
    0x10DD,0xEE75,0xF2B2,0x010A,0x0411,0x0122,0x0190,0xF523,0xF503,0x02D1,0x01AE,0xF68E,0x0626,0x08F8,0xF12B,0xFC4E,
    0x1294,0xFFE5,0xF0F8,0x08FE,0x0960,0xF513,0x0A92,0x0BE3,0xF653,0xFA6C,0x09B9,0x047C,0x0872,0x03BF,0xF201,0xFD99,
    0xFE85,0xF6BD,0x1179,0x07FF,0xE8FF,0xFCA2,0x0D6E,0xFB8F,0x03BD,0x0A2C,0xF356,0xF2E4,0x050D,0x05A9,0xF77D,0xF9E5,
    0xF699,0xFBDC,0x0378,0x0A7E,0x0BA1,0xFD17,0xFC53,0x0083,0x0743,0x028F,0x02C4,0xFCA3,0xF3FE,0xF4C2,0x0518,0x01BE,
    0xF01D,0xFC2F,0x0AAD,0x0163,0x0336,0x0A6E,0xF91C,0xF4B1,0xFE67,0x0153,0x02B2,0x0702,0xFCF8,0xFF6B,0x005E,0xF7D7,
    0x099A,0x0E32,0xFAAC,0xF6A3,0x0C94,0xFAA1,0xF295,0x05C6,0xFB7B,0xE96C,0x0117,0x0C62,0xFA55,0xFD7F,0xFEBA,0xFB13,
    0x016C,0x08FD,0x00C2,0x065A,0xFDE6,0xFFD0,0x1200,0x0281,0xF1EA,0x020B,0x0114,0xFBC7,0x11A3,0x0FC1,0xF354,0xF158,
    0x0577,0x0392,0xFF2E,0x0D8F,0x0615,0xF2EC,0xFC44,0x022F,0x0320,0x0AB5,0x01EB,0xF66B,0x00F1,0x09E6,0x00D5,0x0B27,
    0x05D4,0xF2AA,0x0716,0x1052,0xF6D3,0xFA65,0x0740,0xF25E,0xFC1B,0x0739,0xF5B2,0xFA54,0x0743,0xFC2E,0x06C1,0x07F7,
    0xF43F,0xFC06,0x0610,0xF9B5,0x04F0,0x0E98,0xF499,0xF1B1,0x05BC,0xF8F4,0xFF2B,0x10C4,0x00FA,0xEC68,0xFDE1,0x0724,
    0xFDF3,0xFC96,0xFD0F,0xEF86,0xF5D7,0x0670,0xFEB5,0xF87F,0xFD1D,0xF639,0x0111,0x1338,0x06E6,0xF7B7,0xFE77,0xFDBE,
    0xFB19,0x0C5C,0xFD8E,0xF106,0x08E6,0x09B9,0xF551,0x027F,0x049E,0xEEDA,0x0109,0x0B54,0xFF07,0x0C33,0x01EA,0xE541,
    0xF1B1,0x06AD,0x0065,0x03C7,0x02D6,0xF2A3,0xFD27,0x057A,0x0174,0x1070,0x0AEF,0xF2C5,0xFB11,0x0CF3,0x0970,0x0225,
    0xFA3F,0xFDF5,0x0630,0x080A,0x048D,0xFEBC,0xFC48,0x05D9,0x0281,0xFA0B,0xFE2D,0xFAAE,0xFEBD,0x088F,0x0191,0xFF92,
    0x0768,0xEC71,0xEBA2,0x0E24,0x0796,0xF6AB,0x07C8,0xFFAD,0xEF71,0x02C3,0x041C,0xF998,0x06FF,0x0597,0xF9B0,0xFE32,
    0x0532,0xFEEF,0xF9B3,0xFD7C,0x0272,0x0023,0xF957,0x069A,0x0592,0xF0BB,0xFCA8,0x0922,0xF7B2,0x0626,0x1274,0xF4FE,
    0xF259,0x0721,0x09FC,0x0534,0x0D46,0x0630,0xF7FB,0xFF03,0x0A73,0xFF93,0xF010,0xFF06,0x08F1,0x00BF,0x0BDE,0x00C7,
    0xE8B3,0xFFB0,0x1016,0xFBC1,0x0867,0x1898,0xE9CE,0xEE05,0x122A,0x0645,0xF92B,0x05E6,0xFA97,0xFACC,0x0ECD,0x0B31,
    0xF568,0xF1C2,0xFF4D,0x070E,0x0DA3,0x09DA,0x0862,0x0174,0xF799,0xF95B,0x08B4,0x055F,0xFC36,0xF3D9,0xF9FB,0xFC1B,
    0x03CA,0x03BD,0xEF24,0xF66C,0x0A0E,0x0500,0xFA6C,0x13F7,0xFBA4,0xDCB8,0x09E9,0x15A9,0xF31A,0x03E1,0x0DF9,0xEEAC,
    0xFFC5,0x0DE4,0xF954,0xFEE9,0xFBC5,0xF2E8,0x006D,0x0A5D,0xFCEA,0xF9C5,0xEBF2,0xEF93,0x0761,0xFF03,0x0D85,0x0E4C,
    0xEDF4,0xF34E,0x1124,0x0CA2,0x00A8,0x027D,0x06BD,0x0443,0x019E,0x092B,0x01B6,0xF342,0x03B5,0x0559,0x02C4,0x088E,
    0xFE9C,0xF95B,0x005E,0x056F,0xFCCF,0x0AE7,0x0867,0xE8F9,0xEFBB,0x041E,0xF126,0xF690,0x13DF,0xFF11,0xF6B6,0x07A3,
    0x07BB,0xFE3D,0xFDE8,0xFBB4,0xF408,0x15EB,0x12C4,0xF619,0xF5D5,0xFCD7,0xF4AC,0x072F,0x0E27,0x00EC,0xFCB2,0x0235,
    0xFC8D,0xF671,0x0286,0x0CF1,0xF1FE,0xF560,0x0BAE,0x055C,0xFA0D,0xF4BE,0xF804,0xF1F9,0x016F,0x0F8F,0x0A0C,0x00B8,
    0x0518,0xF789,0xF590,0x0B2E,0x0A09,0xEE8C,0xFCC2,0x1062,0xFB2B,0xFEF1,0x0FFB,0xF24C,0xEB68,0x0CB9,0x0748,0xF80E,
    0x032E,0xFFD7,0xE4BA,0x0336,0x16C6,0xFA82,0xF916,0x0D11,0xFAF8,0xF32C,0x13E7,0x1136,0xFB7A,0xF69B,0x0AE0,0x0852,
    0xFE68,0x0AAF,0xF7E1,0xE580,0x066D,0x1750,0xFDCE,0xFEC9,0x0479,0xF0AF,0xE9D8,0x0E1E,0x0F3F,0xF438,0xFD14,0x08C6,
    0xF9D5,0xFCFC,0x0574,0xF84E,0xF845,0x06D7,0x0C60,0xFC2C,0x0444,0x011C,0xEECA,0xFFBD,0x0935,0x0444,0xFC7E,0x0072,
    0xF364,0xF809,0x01C9,0xFC19,0xF53E,0x03BC,0x06BF,0x0122,0x0C55,0xFEDC,0xECFD,0xFAE4,0xF927,0x0392,0x14AB,0x052C,
    0xFB3D,0xFDA6,0xFD51,0xFD08,0x057E,0x063B,0x0945,0xF72D,0xFCE8,0x0E95,0xFA87,0xFAA9,0xFFA0,0x01C0,0x00E9,0x0D46,
    0x0E4E,0xFB06,0xF4C2,0xFBF6,0x039F,0x0304,0x0D75,0x05F8,0xE904,0xFA2A,0x0318,0xFC98,0x041C,0x0E6C,0xF3B9,0xF17A,
    0x1C59,0x0903,0xF367,0x0829,0x0587,0xF49A,0x0E0E,0x0B0D,0xF592,0xFF66,0xFCFC,0xF998,0x02DB,0x03A4,0xF40D,0xFA37,
    0x058C,0x019B,0x00B5,0xFEE1,0xF943,0xF784,0x04A3,0x022A,0x01D2,0x029E,0xF5D4,0xF5EC,0xFF6B,0x02B2,0x0CA7,0x0B84,
    0x01E3,0xF634,0xF153,0xFB5B,0x062A,0x06DC,0x0586,0xFD9F,0xFF7A,0x03E4,0xF775,0xFD74,0x0824,0xFF30,0x0AE4,0x11BE,
    0x0065,0xFB1B,0xFFF4,0xEF0F,0xF2AE,0x01DA,0x0063,0xFF4E,0x0EE5,0x0D62,0x0350,0x0FD8,0x0BF0,0xFE4F,0x01B0,0x00C0,
    0xF015,0xF698,0xF337,0xECB8,0xFDA7,0x0912,0x14D7,0x17BD,0x1577,0x0075,0xF4CA,0xFDE0,0xFC6E,0xF666,0xF8B4,0xF266,
    0xE67C,0xFA8A,0xFF29,0xF718,0x06A5,0xFC4C,0xF03F,0x086A,0x1564,0x03ED,0x077B,0x0603,0x0200,0x0E64,0x1714,0x0632,
    0xFD66,0xF77F,0xEBD7,0xF1D6,0xFB13,0xE969,0xE8DA,0xFADE,0xEC1F,0xF86B,0x0CC9,0x0041,0x0AA7,0x1DC4,0x0E6C,0x128E,
    0x0D38,0x0132,0xEE8C,0xF319,0xF4A5,0xF44F,0x036B,0xFCD8,0xECF8,0xED54,0xF42A,0xF198,0xFFA8,0x0F27,0xF5F7,0xFDE5,
    0x1B0F,0x0AA0,0x04B3,0x1B90,0x0393,0x0530,0x22D8,0x0933,0xF789,0xF9C3,0xEBE5,0xE9AE,0xF615,0xF15F,0xFD9F,0x05F1,
    0xF663,0xF865,0x0CBE,0x11D7,0xFD5C,0x0C71,0x14AE,0x05EC,0x18D0,0x03D4,0xEEA4,0xF01A,0xF25B,0xEB33,0xF988,0xF9DD,
    0xE7B7,0xF0B1,0x00A7,0xFE52,0x03D5,0x1606,0x0B12,0xFFFA,0x0F89,0x0F45,0x07CF,0x1773,0x0C5A,0xF198,0x0A7E,0x0E4B,
    0xF664,0x0503,0xF978,0xE4CD,0x0105,0x0561,0xFAFB,0x0149,0xFA4D,0xEC07,0x02F4,0x1097,0x0841,0x107B,0x099A,0xFA4A,
    0x08AB,0x0825,0xDDF1,0xE44B,0xF3F5,0xF465,0x03D2,0x163D,0x07EF,0xF829,0x05A3,0x02BF,0xFC54,0x0B1C,0xFED9,0xEDBB,
    0x01DD,0x0C5D,0x052D,0xFCA3,0xFAF8,0xF39B,0xFED6,0x1857,0x0551,0xF61F,0x0319,0xEC90,0xF109,0x1BFF,0x0B8C,0xFDEB,
    0x0ADF,0xFB75,0xFCD0,0x145B,0x0795,0xEF19,0xFAAC,0xF653,0xFDCC,0x1A26,0x0BA9,0xEB5E,0xF9DB,0xFA6F,0xF7AC,0x10C7,
    0x0C55,0xF8CF,0xED52,0xF509,0x080A,0x0C67,0x0B51,0xFE92,0xED2C,0xF738,0x0309,0x0B24,0x0C06,0xF45C,0xEE7D,0xF9CE,
    0x0EFF,0x0B2C,0xFA38,0xF84D,0xE539,0x0D1B,0x226F,0xF926,0xFCA8,0x0370,0xEF2E,0xFEE6,0x1217,0xF8EA,0xEFBA,0xF9EB,
    0xF12E,0x0AB2,0x215B,0xF364,0xE6C9,0x00E9,0xFA02,0x0BA6,0x18AB,0xFF5E,0xED0B,0xF747,0x0000,0x012F,0x0E89,0xFA0D,
    0xEAE1,0x031E,0x0A93,0x0B24,0x00DA,0xF7B7,0xF16D,0xF944,0x0F7A,0x1A50,0x0E80,0xEE95,0xEA1A,0xFED4,0x0F61,0x0A21,
    0x0149,0x0426,0xF43B,0xFA25,0x19E6,0x0851,0xE3A7,0xFC73,0x05C8,0xFEFC,0x17F7,0x0DC4,0xE3D0,0xF657,0x06B4,0xFDAC,
    0x169C,0x0A39,0xE393,0xFB13,0x0BFB,0xFF8B,0x0131,0x0215,0xEB48,0xFF13,0x1A5A,0x05BF,0x0459,0x0102,0xDE0B,0xF7E8,
    0x09F4,0x081A,0x0313,0xF85E,0xF6A1,0xFE5D,0x0C2A,0xFD35,0xF034,0xF9DD,0xFE8F,0x08ED,0x09BE,0x0520,0xFD59,0xECA6,
    0xFF76,0x0E74,0x0390,0x1123,0xF21C,0xE3CE,0x0940,0x0454,0x0B24,0x139D,0xF5F5,0xEBC4,0x0BD1,0x0BCE,0x0453,0x08F5,
    0xF4F1,0xEA3A,0x0F05,0x0BF0,0xFA49,0x010F,0xEC81,0xEB04,0x0F17,0x0B7E,0x061D,0x0A23,0xF951,0xF45D,0x04A9,0xFD1F,
    0xFC90,0xFE28,0xF549,0xF09B,0x09A4,0x0E02,0xF5AF,0xF3E9,0x0262,0x0A83,0x07E2,0x09C4,0x091E,0xEDAC,0xF101,0x0528,
    0x0131,0x00EA,0x0460,0xF9BE,0x00D0,0x0CE4,0x0267,0x07D8,0xFE6F,0xEC8B,0x065B,0x1473,0xFD57,0x04F2,0x025C,0xE185,
    0xFFD2,0x14DB,0x010A,0xFCD8,0xFD3D,0xF615,0xF455,0x06E9,0x0489,0x035A,0xF647,0xEAD6,0x0335,0x0C9F,0xFF39,0xFFA2,
    0xF936,0xEA7D,0x02BF,0x160A,0x0E4F,0xFB21,0xF836,0x0228,0xF425,0x062D,0x11DA,0xFEC4,0xFA0F,0x0562,0x0269,0xFED7,
    0x013F,0x0286,0xF6F5,0x03F2,0x0B67,0x0642,0x09AC,0xFC7D,0xF74C,0x0778,0xF758,0xF61E,0x0CB6,0x02E9,0xEFC0,0x0587,
    0x0965,0xF8B2,0xFC34,0x095B,0xF890,0x046E,0x0A2B,0xFCAA,0xF17F,0xF017,0x00DC,0x0753,0xFD15,0x0582,0x0690,0xF6DB,
    0xF755,0x07BB,0x06D2,0xF90C,0xFA7F,0x030C,0xFB8D,0xFAC1,0x045E,0x029C,0xF63E,0xF946,0x0991,0x048E,0x0178,0x03B0,
    0x013E,0xFE91,0x0A59,0x0BB8,0x067D,0x016E,0xFFC5,0x02A4,0x0161,0xFE47,0x0D7A,0x0707,0xFB63,0x0476,0x08EB,0xF484,
    0xFB48,0x0C13,0xFA94,0xFCBE,0x126F,0x034B,0xFDF0,0x034E,0x0058,0x00A5,0xFFDA,0x0041,0x0366,0xFB50,0xF7CF,0x042C,
    0x0A40,0xFC3B,0xFDDE,0x04BD,0xF966,0xEE32,0x038D,0x05A6,0xF300,0xFFD7,0x0839,0x0451,0x0080,0xF931,0xF937,0xF67C,
    0xFC43,0xFAA1,0x06B1,0x0068,0xF376,0xF969,0x0072,0xF501,0x0773,0x10D5,0xEE3A,0xEDEE,0xFC9B,0xF448,0x05D0,0x1793,
    0x0657,0xEF8E,0xFD27,0xFEA9,0xF9DB,0x016C,0x0345,0xF29D,0xF8A0,0xFD1A,0x0265,0x0DC7,0x0097,0xF52E,0x00E7,0x0A16,
    0xF943,0xFE84,0x067F,0xF4A1,0xF9FD,0x0FD4,0xFF83,0xFB88,0x08C8,0xFD54,0xF1EA,0x0DF1,0x078B,0xF47D,0xFBB7,0x03C0,
    0xFD56,0x0DC2,0x0E2E,0xF337,0xF588,0x046B,0xFFFF,0x179A,0x0A69,0xF65C,0xFA08,0x07B8,0x006D,0x08D6,0x1186,0xFC53,
    0xF6F0,0x07E8,0x09B1,0x0776,0xFDAB,0xFD34,0xF520,0xFE60,0x104E,0x0190,0xF85E,0x0242,0xFDB6,0x00A3,0x0587,0x011C,
    0xFF66,0xFF39,0xF438,0x0200,0x0BE8,0xF83B,0xED18,0xFEE4,0xF551,0xF722,0x1063,0xFE7C,0xE0EE,0xFB09,0xFCDA,0xFF96,
    0x0F2C,0x0829,0xFBEA,0xF7A9,0xFBBF,0xFEF9,0x0404,0xFE82,0xF6F5,0x09B5,0xFCCD,0xF7B7,0x058C,0xFBFC,0xEA1A,0x08B8,
    0x0F2D,0xFA47,0xFD1A,0x0A66,0xF7EE,0xFC5B,0x0D88,0x09DA,0xFC8E,0x0289,0xFF86,0xF7D4,0x0D95,0x1052,0xF07F,0xF04F,
    0x0564,0x0C68,0x099C,0x0AAD,0xFA17,0xEED1,0xF765,0x08D0,0x2082,0x0404,0xEF93,0xFF3C,0x01C3,0xF7D6,0x0B3F,0x0874,
    0xE3A7,0xF951,0x177B,0x063A,0xFC13,0x00CA,0xE536,0xF971,0x1C35,0x0459,0xEB5B,0xFBDA,0xFE72,0xF8A7,0x153C,0x0318,
    0xF906,0xFBD1,0xF5F7,0x055F,0x14DD,0xFCD0,0xF30D,0x013F,0xF680,0x0731,0x1378,0x039C,0xEFB2,0xF573,0xFB67,0x0638,
    0x05FD,0x0618,0xFD9E,0xEC54,0x0303,0x033E,0xFEAD,0xFDDD,0xFEC2,0x006D,0xFE5A,0x06E2,0x044B,0x0AEC,0xE957,0xF064,
    0x128C,0x0474,0xFC9B,0x0D76,0xFD2F,0xE880,0x0DDD,0x0D26,0xF25E,0x02CE,0x02A7,0xEFFA,0x08B8,0x12D8,0xEB7A,0xF440,
    0x0F9F,0x0184,0x0B47,0x15D1,0xFE97,0xF5E2,0xF283,0xFA7A,0x10AD,0x175B,0xF8ED,0xFC5B,0x08DD,0xFD44,0xF55D,0x0023,
    0xFA20,0xEF06,0x042C,0x109D,0xFC07,0xFC7E,0x0470,0xEAAE,0x03E9,0x1564,0xFD10,0xF9D5,0x04C3,0xF26B,0xED28,0x0DE1,
    0x0C97,0xEAF1,0xFE87,0x06E4,0xFEBC,0x0FD1,0xFD74,0xE50C,0x0046,0x0B4A,0xFE45,0x1DAC,0xFD62,0xDF17,0xF6DA,0x003D,
    0x09E7,0x0A96,0x036F,0xEE21,0x0A11,0x083A,0x0279,0x0CE4,0x02B7,0xF7BC,0x0F1F,0x1583,0xFC26,0x0AE8,0xFC9A,0xED49,
    0x0D39,0x16F4,0x0AFA,0x05E3,0xF65C,0xF5C7,0xF6C8,0x12C8,0x0EBE,0xF506,0x01E8,0x0665,0xF0D1,0x0A2E,0x1030,0xDFFD,
    0xF872,0x0756,0xEED7,0x05B1,0x13D6,0xF458,0xD438,0x1188,0x0D93,0xF8BA,0x0C22,0xF135,0xF13F,0x0751,0xFFDA,0xF4EF,
    0xF680,0xE710,0x01DD,0x0E53,0xFD42,0xFB7A,0xF6B6,0xF7F3,0xFDBC,0x09CE,0x03B5,0x0C2A,0xE07F,0xEF90,0x1133,0x02AF,
    0x02A9,0xF6A1,0xF6DD,0xF5FD,0x03E4,0x1107,0x09AC,0xF830,0xEF6E,0x0645,0x0EF7,0x02F9,0x1075,0xFFA2,0xEAB6,0x0269,
    0x0E4B,0x0331,0x10E4,0xFD9F,0xEB2B,0x0274,0x12FB,0x05F6,0xFD56,0x023C,0xF364,0x0577,0x1242,0x0886,0xFC0C,0xFDC4,
    0xED38,0x084F,0x1B27,0x07D8,0xFC51,0xFE78,0xFD07,0xFDB9,0xFC4E,0x0714,0xFAB3,0xF0FB,0x06C9,0x043F,0x072C,0xFA67,
    0xF438,0xF9EB,0xFD22,0x14CF,0x0D00,0xFF68,0xEE18,0xF0F9,0x0922,0xFFCB,0x0238,0xFC9E,0xF1F4,0xF866,0x0EDE,0x063A,
    0xF415,0x0291,0xF632,0xF582,0x168F,0xFD3C,0xF9C6,0x0B4A,0xE868,0xF15A,0x13EF,0x03A8,0xFCB3,0xFCF0,0xFD22,0xEED9,
    0x06D9,0x0397,0xF693,0x0056,0x06BA,0xFBAF,0x0B42,0xFB90,0xED1F,0xFF4B,0x05A6,0x0355,0x094F,0x0203,0xF170,0xF7A1,
    0x095F,0x0FE9,0x0717,0x0B9B,0xF8C7,0xF4A2,0x02AA,0x11D0,0xFD22,0xFBF9,0x0771,0xFDDE,0x0281,0x169D,0xF8EA,0xFB87,
    0x08E0,0xEF60,0xFED9,0x1957,0xFB98,0x06BF,0x00EA,0xF182,0x0943,0x0AC8,0x0003,0xF4E6,0xF5C4,0xF941,0x059B,0xF86A,
    0xF727,0xFAAE,0xF94B,0x02F3,0x0B17,0x039A,0xF6A5,0xFD24,0xFF41,0x05AF,0x08CE,0x0A60,0x0505,0xF1CE,0xF6A9,0x00B3,
    0xF2D8,0xFC2F,0x1082,0x010D,0xF843,0x097F,0x0790,0xFCA6,0x089E,0x0035,0xFC83,0x07F4,0x12C1,0xFDFD,0xF8D1,0x01BD,
    0xF86A,0xF883,0x0832,0x10BD,0x018B,0xF49F,0xFC81,0x016F,0xFA49,0x03E5,0x01BB,0xEF14,0x03DA,0x098D,0xFBF1,0x05C9,
    0xFCB3,0xF4A1,0xFE32,0x0343,0xFAC7,0xF8C5,0xFC98,0xFB60,0xFAD4,0xFD31,0x044F,0x0360,0x06E7,0xFE47,0xFC81,0xFA4C,
    0xF744,0xFD4C,0xF3FE,0xFA4C,0x0B71,0xFBB7,0xF72F,0xF811,0xF91E,0x1345,0x098F,0xFD2D,0xFA5C,0xF6B3,0xEA9C,0x0906,
    0x10CC,0xFF1B,0x0E69,0x04D2,0xECCE,0xFFB5,0x038D,0xE63F,0xFB67,0x050C,0xF8DD,0x1596,0x19C6,0x1358,0x0FC3,0x0F3A,
    0xF6B8,0xF742,0x0068,0xFA1F,0xF551,0xFB72,0xFD54,0x053D,0x0618,0xF4F7,0xF85A,0x0A34,0x10EA,0x09B2,0x1264,0x0F2A,
    0xFE72,0x0807,0x0AD4,0x01B0,0x075E,0x0A7B,0xFFF7,0x03CA,0x0500,0xEC6B,0xEF9B,0xFB94,0xEDF4,0xEC37,0x0CA2,0xF937,
    0xF01A,0x0B9E,0x01C8,0x08B1,0x1886,0x0789,0xF6A0,0x0561,0x0362,0xFB63,0x067F,0xF983,0xE7D9,0xF3EB,0xF296,0xEC1E,
    0xFF23,0xF5FF,0xE8B8,0xF88A,0x0205,0xFCED,0x0FE4,0x0AC8,0x049D,0x0C1B,0x1272,0xFDC3,0xFC85,0x02B9,0xF810,0xF535,
    0xF27E,0xEDAB,0xEC16,0xEA69,0xF506,0xFBC1,0x0A53,0x0EDA,0x021A,0x0A3C,0x18E6,0x102B,0x1291,0x0E83,0x0011,0xF689,
    0xFF23,0xFAF9,0xF28A,0xF604,0xEDE0,0xE830,0x023C,0x0470,0xFB62,0x040E,0xFD3A,0xFDB3,0x0E74,0x0FD4,0x1013,0x1996,
    0x1576,0x003E,0xFB9C,0xFEA9,0x0001,0x09CC,0x02CC,0x0127,0x0FE6,0x04F7,0xF7B4,0xFBFE,0x0101,0xF9C5,0xFE01,0x003D,
    0xFD10,0x00BF,0x0279,0xFF41,0xFDF0,0x04CE,0xF8D7,0xF271,0x0486,0x0164,0xF84D,0xF3DD,0xF4B7,0xFDC0,0x0E1A,0x1449,
    0x0613,0x07D5,0x0478,0xEBE5,0xF376,0xFBCD,0xF5B3,0x0625,0x0902,0xFDD6,0x0800,0x112E,0xF5FA,0xECC0,0x0A09,0x040C,
    0xFF0F,0x087C,0xF26E,0xE956,0x07BB,0x0551,0xFF86,0x1326,0x030E,0xF676,0x068C,0x0B9C,0xFA52,0x0CBE,0x07AB,0xF04A,
    0x00A3,0x09FC,0xF07F,0xF838,0x02DF,0xEEDD,0x0031,0x1736,0x0397,0xF7FE,0xFA1F,0xFAC3,0x080D,0x0BC1,0x02BF,0xFC4B,
    0x0C2D,0x012A,0xF025,0xFEEF,0xF203,0xF017,0x04FF,0x04D0,0xFCC3,0x0C99,0x04B3,0xE551,0x0016,0x0F5A,0xF5AF,0xFEEF,
    0x0668,0xF58D,0xF678,0x0968,0xF9B5,0x01FA,0x0A0C,0xFC27,0x0139,0x0244,0xFCA5,0x02CB,0x011E,0xEF5C,0x0159,0x0F96,
    0xFC4E,0xFAE0,0x001C,0xF615,0xF999,0x109D,0x0565,0xF377,0x04F3,0x0A18,0x0001,0x06B2,0x086F,0xF6E2,0xFE25,0x0F15,
    0x011E,0xFF83,0xF683,0xF1B1,0x0193,0x08AC,0xFD9C,0xFCF5,0x0935,0xF65E,0xFE9C,0x1AE2,0x05AE,0xECAB,0x062A,0xF92E,
    0xF5BF,0x1A33,0x0F38,0xECCB,0xF37F,0xFAF8,0xF07F,0x1133,0x12DB,0xF064,0xF17C,0x02DE,0x02F3,0x08C0,0x087C,0xF5C5,
    0xFABE,0xFBAF,0xFF5D,0x083A,0x04F8,0xF314,0xED51,0x042E,0x092F,0x097D,0x0BB6,0xFA28,0xEB00,0xFAEE,0x0463,0x034E,
    0x0F9E,0x0677,0xF367,0xF590,0x08B4,0x01A6,0xFED1,0xFED2,0xF6C6,0xFD4E,0x0E37,0x0006,0x0031,0x0663,0xEC16,0x0171,
    0x1D98,0xFAB6,0xF45F,0x0AE5,0xF96E,0xEC66,0x07B6,0x04B3,0xF494,0x0B2E,0x075E,0xFA79,0x00FD,0xF56E,0xFE2E,0x0780,
    0x060B,0x03D4,0x0A50,0xF5E4,0xE8CC,0x006B,0x0AC5,0xFFD0,0x018E,0x054A,0xF19A,0x003D,0x18D1,0x041F,0xF4BC,0xFA6E,
    0xF86A,0xF6BE,0x108D,0x1678,0xF46D,0xEF16,0xFA25,0xFD7C,0x0A7B,0x0BC8,0xFA87,0x02AA,0x0479,0xF8C0,0x087E,0x04CB,
    0xE97E,0xFB7A,0x0CF3,0xF7E3,0x0333,0x0ED0,0xF153,0xEF51,0x07F2,0x043B,0xFBA4,0x085F,0x011C,0xF2D7,0xFE5A,0x0601,
    0x0D9F,0x0572,0xF7A6,0xFC68,0xFF75,0xF57E,0xFDD3,0x0171,0xF87D,0xFB2D,0x1101,0x0F3D,0xFA7F,0xFA0B,0x0240,0xFD32,
    0xF828,0x1358,0x05F3,0xF536,0x06C1,0x037D,0xEF56,0xFBEF,0x04A6,0x006E,0x0798,0x03E2,0x007B,0x0495,0xF840,0xF5FA,
    0x1010,0x05D0,0xF843,0x0DE7,0x02BE,0xEB1C,0x09EB,0x0CCF,0xF893,0x01F2,0x01FB,0xF738,0x033E,0x1149,0x05E8,0xF6C3,
    0xF66E,0xFA2F,0x0C2D,0x0985,0x045B,0x0449,0xF081,0xF25E,0x0636,0x10FC,0x025D,0xF705,0xFEAC,0x0510,0xF0AC,0xFFBD,
    0x0DF9,0xF614,0xF374,0x11EF,0xFE7A,0xEF85,0x0169,0x00DA,0xFA20,0x0083,0xFFF8,0x0577,0xFC98,0xF4B1,0x04D3,0x0C12,
    0xF781,0x0343,0x05AE,0xEB5D,0xF4EE,0x1CC4,0x0319,0xEFEB,0x03D1,0x02D7,0xF563,0x082F,0x09AD,0xF1C4,0xFA6F,0x0056,
    0xFD08,0x0213,0x0202,0xFEA1,0xFF36,0xFCA2,0x0459,0x0B7B,0x0127,0xFA17,0xFD7C,0x03BF,0x0431,0xFF59,0x034A,0xF865,
    0xEE1E,0x059C,0x072B,0xFB7F,0x0051,0x1053,0xF123,0xF4F3,0x135B,0x0586,0xF108,0xFFAA,0x03EF,0x0092,0x059C,0x0124,
    0x0011,0xF656,0xF9F8,0x0CAC,0x1094,0xF774,0xFC21,0x0559,0xFC78,0x00AF,0x0D9A,0xFC02,0xF285,0xF60C,0x0370,0x0847,
    0xFF5B,0x005D,0x0447,0xF5E5,0x02BB,0x1A4D,0xFDCC,0xE433,0xF97B,0x05F5,0xFCE5,0x0C79,0x0FB1,0xF77F,0xF44F,0xFF38,
    0x0812,0x0DC7,0xFE2E,0x001B,0xF89B,0xF54D,0x034E,0x09A1,0xFB2D,0xFAEC,0xFDB1,0x00E7,0xFD1F,0xF8B8,0x04FB,0xF953,
    0xF545,0x06C1,0x0C32,0xFC2E,0x03C5,0x0D58,0xED81,0xFA4C,0x16A5,0x0058,0xECF2,0xFC56,0xF764,0x05A6,0x12C0,0xFC86,
    0xF986,0x006D,0xF7DC,0x04DD,0x12BC,0xFAC3,0xFAFB,0x0D45,0xF7A9,0xFE8A,0x103A,0xFB45,0xEEA0,0xFDAB,0x08A3,0xFA32,
    0x051C,0x0CD3,0xFC9B,0x05FD,0x0B8C,0xF769,0xF5E2,0x037F,0xF654,0xFD15,0x0EB3,0x09A4,0x0761,0x02C9,0xF057,0xEF79,
    0x0DFC,0xFE68,0xF472,0x0985,0x011F,0xF5E7,0x0DEC,0x0B05,0xF4D9,0x0139,0x092A,0xF55B,0x0D0E,0x0680,0xF025,0xFB9A,
    0xFE50,0xF9DD,0x0995,0x02CF,0xEC76,0xF8DC,0xFF68,0xFB5F,0x07F2,0x0CCE,0xFBB1,0xF816,0x0DC7,0x011F,0xF8E4,0x07F5,
    0xFF1C,0xE868,0x04FA,0x1628,0xFB05,0xE991,0x09F7,0x02F4,0xEB9A,0x08C4,0x1234,0xF7BF,0xFAF0,0x0574,0x05B6,0xFAEE,
    0xFAE1,0x0493,0x096D,0xFE8F,0xF6E3,0x019C,0x04CE,0xFDB3,0x0935,0xFFBD,0xF3B6,0xF97E,0x04F7,0xFAF1,0xFD7A,0x02C7,
    0xF437,0x0006,0x1819,0x04BE,0xF856,0x0105,0x0478,0xF349,0xF821,0x0BA8,0xFD49,0xF7CE,0x0E9B,0x0378,0xF09B,0xF4A5,
    0xFFE4,0x02D6,0x044F,0x02F8,0xFA3C,0xF1B1,0x00C7,0x06EF,0x03F9,0x0412,0x01A6,0x0048,0x0181,0x010C,0x01DB,0xF53D,
    0xFE42,0x050D,0x030E,0x05AF,0x004D,0xF02D,0xF634,0x10B7,0x09CA,0xF48D,0xFE47,0x05D3,0xFD94,0xFEF7,0x103E,0x0383,
    0xE807,0xFC3B,0x0E4B,0x0412,0x012A,0x039C,0xF646,0xEDB9,0x02CC,0x0461,0xF809,0x014F,0x0284,0xFB60,0x04A0,0x128E,
    0x0043,0xF3ED,0x0915,0x02DF,0xED00,0xFD7A,0x0FD4,0xF870,0xF791,0x0C48,0x06FC,0xFD51,0x02F0,0xFB46,0xF702,0x081A,
    0xFEAA,0xFFA2,0x0D8D,0x0051,0xF94B,0x0785,0x00E7,0xF72A,0xFD08,0xF621,0x0422,0x0886,0xFE9D,0x0C18,0x032E,0xE9B1,
    0xEF39,0x108F,0x06D5,0xF6A8,0x0B9B,0x0866,0xFEAC,0x03EA,0x0646,0xFFFF,0x06C2,0xF699,0xFAEE,0x0B27,0xFFB3,0xFB1E,
    0xF825,0xFFD2,0x08D0,0x0BB6,0xFF82,0xF174,0xF720,0x0887,0xF9BA,0xF7DB,0x16DF,0xFA67,0xE0F8,0x0464,0x0C6C,0xF42A,
    0x05D0,0x0A6B,0xEF37,0xF715,0x1BBD,0x0479,0xF4DB,0x0FDC,0xF7D3,0xE9E0,0x11AA,0x0C55,0xFB84,0xFCEB,0xF89D,0x0003,
    0x0045,0x0EC0,0x04A3,0xEC79,0x02C4,0x09E2,0xFAAB,0x00CD,0x077B,0xFB46,0xFB28,0x0401,0x057C,0xF984,0xF2DF,0x0333,
    0x0BE3,0x02FB,0x0242,0xFF68,0xFB62,0xFFFD,0x0D68,0x05F0,0xF58B,0x08A4,0xFEDC,0xE7BC,0x14DF,0x1259,0xF1F4,0x0999,
    0xFBCF,0xEBE4,0x0C02,0x0AE2,0xF7B9,0x035D,0x05F8,0xF91F,0xFB35,0x079A,0xFEC2,0xF8ED,0xFEAF,0xFF09,0x0D7E,0x0EE6,
    0xF241,0xFBCF,0x0977,0xFEF6,0xFF8D,0xFB20,0xFE74,0xFCB0,0xF740,0x07F5,0x0A40,0xF37E,0xFAB9,0xFEFC,0xF921,0x067F,
    0x0213,0xFDD1,0xF558,0xF19F,0x0203,0x09F3,0x0380,0x0769,0xF5B8,0xE59D,0x0454,0x15DE,0xFAC4,0xFEE9,0x0B7C,0xEC37,
    0xEE7B,0x1B64,0x0134,0xEDEE,0x0AAB,0xED59,0xF2ED,0x248F,0x0744,0xEA87,0x051F,0x0137,0xE92C,0x0183,0x0D33,0xF7D1,
    0xFAE0,0x0B81,0x0291,0xF996,0x079B,0x0342,0xF787,0xF850,0x027C,0x0B6F,0xFAAB,0xF831,0x0274,0x0A3C,0xFF49,0xFEDF,
    0x063E,0x0059,0xFC14,0x081F,0x07E7,0x01F3,0x06C1,0xF8FA,0xF898,0x1174,0x0832,0xE6F9,0xFE99,0x0F35,0xF7D9,0x06FA,
    0x0C0D,0xF2EF,0xFC49,0x062A,0xF868,0x0024,0x0CD7,0xFB98,0x00B8,0x0BBE,0xF7D6,0xFBA5,0x0719,0xF6DA,0xF734,0x0166,
    0xFAAE,0x0240,0x06AA,0xFB52,0xF304,0x0B76,0x079D,0xF2E8,0x05EB,0x063E,0xEF73,0xFA65,0x1658,0xFA14,0xF582,0x0B21,
    0xFD72,0xF568,0x1164,0x0468,0xED81,0x037F,0x0C0D,0xFB62,0x0760,0x0864,0xF123,0xF8B7,0xFE1A,0x0485,0x0419,0xFE6C,
    0xFFF8,0xFF85,0xF909,0xFDC3,0x07F5,0xFB2E,0xFF0B,0x0F3F,0xFF50,0xF29D,0x08F1,0xFCB6,0xF0BE,0x0A1C,0x0C50,0xF983,
    0x089E,0x09A1,0xEE52,0xFF13,0x1460,0xFC8B,0xF922,0x0A7A,0x015E,0xFB72,0xFF4B,0xFF38,0xF2E2,0xF767,0x0740,0x0BDE,
    0x07BB,0xFAAE,0xEBE9,0xFD25,0x05D1,0xFA3A,0x0F20,0x1792,0xFF51,0xFB23,0xFC80,0xF2FA,0xF0C6,0xF8E9,0xEAAC,0xF1D4,
    0x0CDE,0x112E,0x0B11,0x1440,0x0640,0xFBBD,0x0F45,0x0FBF,0xF576,0xF3F8,0xF286,0xEEAA,0xF5DD,0xFF4E,0xF4CA,0xF266,
    0xFD8B,0x0166,0x006B,0x084E,0x059E,0x0A80,0x1198,0x1866,0x13D1,0x1551,0x0922,0xFABC,0xF15B,0xFF88,0xFEAF,0xEEBC,
    0xE530,0xEFA6,0xF81B,0xF806,0xFB18,0xF6E6,0xFE16,0x0821,0x0C0A,0x1B83,0x1430,0x0D18,0x037D,0xFA2A,0xFF2E,0x0910,
    0xFB78,0xF85A,0xF63F,0xF4E6,0xF84E,0xF745,0xECA9,0xF2CA,0xF947,0xF8D1,0x0237,0x07C8,0x0387,0x080A,0x0F9F,0x0BE0,
    0x11B2,0x0891,0xF9F7,0xFF07,0xF9B1,0xEFDD,0xF838,0xFA87,0xE565,0xEE06,0x01CD,0xF7EE,0xFB2E,0x07C8,0x00CD,0x0E57,
    0x2303,0x14E4,0x10A0,0x11EF,0x0019,0xF922,0xFEE7,0xFB00,0xF868,0xF35C,0xEFD3,0xEBB0,0xF216,0xEE63,0xF101,0xFFDD,
    0x0335,0x02C7,0x0D01,0x0FCB,0x09AC,0x054F,0x0BFA,0x065B,0x021A,0x0AED,0xFD94,0xF2E5,0x075C,0xFFB3,0xF902,0x0B24,
    0x04BA,0xF170,0xFFF0,0xFDF9,0xE9B6,0xFDF1,0x00BF,0xFFF0,0x16DC,0x0FE3,0x01A9,0x0036,0xFC1B,0xF371,0x0404,0xFA65,
    0xEFC6,0x0014,0x0116,0xFD86,0x0A61,0x1141,0x0129,0xFDC8,0x014C,0xF9D2,0x01A0,0x03A7,0xF269,0xF8FF,0xFEC2,0x0466,
    0x0F35,0x0E4C,0x04B0,0xF92C,0xFAC6,0x0035,0xFFB0,0xFADC,0xFC86,0xF64F,0x044C,0x0FB6,0xFD54,0xF7D4,0x04BE,0x029E,
    0xFAA6,0x0AF2,0xFB13,0xF11D,0x0685,0x024C,0x0244,0x12DE,0x06FE,0xF4B4,0xFF20,0xFC29,0xFED7,0x0F7E,0x036F,0xE998,
    0xFDA6,0x0792,0x0035,0x0586,0x031B,0xFF96,0x01C6,0x067C,0x0385,0xFF33,0xFDA6,0x0234,0xFFCF,0xFC5C,0xFAB6,0xE8C5,
    0xFD27,0x0B89,0xFF9B,0x019C,0x0630,0xEFDB,0xF30F,0x0E69,0x0AF4,0xFEBC,0x056A,0xF209,0xEDD8,0x09CC,0x0D18,0xFCDA,
    0x07C3,0xFD22,0xF097,0x09A5,0x127A,0x0024,0xFDE0,0xFB5D,0xF83E,0x0716,0x0CEF,0xFF85,0xFCB6,0xFFA7,0x08AB,0x0112,
    0xF462,0x019E,0x0569,0xF748,0x0277,0xFED1,0xF0BB,0xF55D,0x062D,0x09B7,0x0687,0xFFA8,0xFFD4,0xFB85,0xF367,0xFF68,
    0x13D7,0x0559,0xF422,0x00AB,0xF850,0xF531,0x03B2,0xFC44,0xF07F,0xFF0C,0x0220,0x03D9,0x0F57,0x036F,0xF927,0xF614,
    0xF936,0x0320,0x05A4,0xF843,0xF40E,0x00EF,0x0852,0x09F4,0x0796,0x0134,0xF4DF,0xFCB3,0x0CCC,0x0A1B,0xFEA7,0x042E,
    0x02EB,0xF953,0x0A2E,0x145B,0x035A,0xF87A,0xF7B4,0xF412,0xFEEA,0x1245,0x0292,0xFB52,0xFD05,0xF452,0xFD07,0x1519,
    0xFA35,0xED28,0x03A7,0xF877,0x06EF,0x18AB,0xFF7A,0xF1CE,0x0505,0x04A0,0xF8F4,0x059B,0x0029,0xF0B8,0x01BD,0x0E86,
    0x0147,0xFC44,0xF6B5,0xF54B,0xFC64,0x097F,0x100E,0x03D1,0xF7C6,0xF44F,0x04A8,0x0F62,0xF8F9,0xF2B8,0xFECF,0xFECC,
    0xFA25,0x0D0C,0x0A5B,0xE7B6,0xF484,0x0988,0x0642,0x0739,0x0D45,0xF109,0xE625,0xFD8B,0x07D8,0x0974,0x01A5,0xF438,
    0xF437,0xFDE5,0x0203,0x08CC,0x057C,0xF42F,0xF9CB,0x1133,0x085E,0x0132,0x0605,0xF0C9,0xF2B5,0x0D11,0x0B25,0xFEF4,
    0x04CB,0xFC80,0xF458,0x0132,0x0724,0xFA9B,0xFCC8,0x0315,0xFCC5,0x0143,0x07F5,0xFE4B,0xF57E,0xFCC3,0x030E,0xFD76,
    0x04A9,0x06DA,0xF998,0x088E,0x02AF,0xFA5C,0x0BF6,0x093F,0xEFFF,0xFCF2,0x0AA3,0xF6DA,0xFC4E,0x0A68,0xF7B1,0xF7E8,
    0x0AEF,0x028C,0x00D5,0x053D,0xF9ED,0xFFDD,0x0427,0xF9FA,0xFEB2,0x05E0,0xF54E,0x039F,0x0B5F,0xF1F7,0xF5FC,0x102E,
    0xFFA8,0xFD47,0x0C64,0x0652,0xF46D,0xFB72,0x095A,0x063E,0xFBA5,0xFBDF,0xF907,0xF632,0xF924,0x0832,0x0C60,0x03DA,
    0xF8E2,0x0070,0x008B,0xF484,0xFF24,0x0F64,0xF902,0xF22C,0x0F92,0x0943,0xE795,0x0387,0x11EF,0xF12D,0x00FF,0x149B,
    0xF7E6,0xFAF6,0x0945,0xFE5B,0xF978,0x0397,0xFE7A,0xFF2C,0x01B1,0xFD96,0x0409,0x0316,0xF84A,0x007D,0x0758,0xFAA7,
    0xFB23,0x0DEF,0xFE0A,0xF27E,0x046B,0x07E7,0x0181,0x022F,0x03B8,0xFFF5,0xFE3F,0xFB63,0x0572,0x005B,0xF67E,0x0392,
    0x0C7D,0xFAEC,0xF093,0xFED4,0x00EF,0xF833,0x09E2,0x0EC5,0xF2B7,0xFB45,0x0C52,0xFB58,0xF976,0x050F,0x0383,0xFAF4,
    0x0491,0x0738,0xF88D,0xF468,0x0378,0x081D,0x0149,0xFA05,0xFE15,0x02B4,0xF969,0xF865,0x0A31,0x01C6,0xF3FD,0x0284,
    0x03F4,0xFC26,0x084A,0x0514,0xFF4E,0xFD41,0xFBF1,0xFCD2,0x03EF,0xFF2C,0xFC75,0x0592,0xFE1B,0xF8B4,0x0B32,0x066F,
    0xE9C8,0x01E3,0x171B,0xF828,0xF71F,0x098C,0xF694,0xF580,0x0DFD,0x0E0F,0xF5D5,0xF307,0x03D2,0xF454,0xFC41,0x173E,
    0xFF0F,0xEBCA,0x03BF,0x0822,0x00F9,0x05B9,0xFAEB,0xF38E,0x0245,0xFD0D,0x049B,0x1778,0xFA97,0xEE50,0x0582,0x0385,
    0xF4C7,0x05E9,0xF8A2,0xEA7D,0x131D,0x0C85,0xF468,0x0BB3,0xFEAF,0xE90A,0x042F,0x0842,0x006E,0x0765,0xF730,0xFAC7,
    0x10D7,0x07AB,0xFC81,0x0020,0xFB6B,0xF9F7,0x0839,0x0BD1,0x059C,0xF445,0xF46D,0xFBF4,0x04F2,0x08C4,0x0733,0xF8FE,
    0xEF53,0x09AA,0x0D13,0xFF46,0x0470,0xFCDD,0xF05A,0xFF29,0x03B0,0x0095,0x0247,0xF2FC,0x0116,0x127E,0x02E6,0x0038,
    0x063D,0xEAB2,0xF3CD,0x1166,0x0650,0xFAB4,0xFECF,0xF77D,0xFC80,0x0896,0x13FE,0x0A61,0xF491,0xF590,0x0535,0x0A18,
    0xFEC7,0x0441,0x0199,0xED27,0x015B,0x0BAE,0xF9E5,0xF45F,0xFDBB,0xFFF4,0x0424,0x085C,0x0DF4,0xFFA3,0xF2A2,0xFF2E,
    0x03AC,0xFEC9,0x0A03,0x0303,0xF346,0x07E5,0x0252,0x00EA,0x0ADF,0xF944,0xF0D4,0x04A8,0xFF5B,0xFE33,0x1264,0xF21E,
    0xE5DA,0x0A46,0x0C45,0xFCA3,0x0AAB,0x01E0,0xF2D5,0x0804,0x0C32,0xFE6F,0x0A43,0xF9AE,0xEA5F,0x06D7,0x087B,0xF9DA,
    0xFF88,0xF725,0xF4DB,0x12B9,0x0953,0xFD7C,0x024C,0x021A,0xF626,0x04CD,0x0EB6,0xF413,0xE99C,0x01A0,0x1760,0x01E2,
    0x03A2,0xF7D7,0xE223,0x0294,0x1C94,0xFDC9,0xED9A,0x01B1,0xF597,0xF7AF,0x1755,0x0BD3,0xEB53,0x0515,0xFD00,0xF393,
    0x0AF5,0x04BE,0xF027,0x06D9,0x094A,0xF727,0x06AC,0xFE28,0xFBC1,0x009F,0xFD04,0x01C5,0x0670,0xFF3C,0xF3E8,0x081F,
    0x06F4,0xFE84,0x01F3,0xFF09,0xEC07,0x0338,0x14AB,0xF931,0x02B1,0x063D,0xE65F,0xE8B0,0x0AFA,0x0B8B,0xFD5E,0x025D,
    0x07D5,0xF6B5,0xFD5C,0x1434,0x00DC,0xFC4C,0x017B,0xF91C,0xFB75,0x0ABB,0xFCD8,0x03A2,0xFEB9,0xFD0D,0xFD86,0xFABB,
    0xF7CC,0x0638,0x0964,0xF809,0x031B,0x04E0,0xE69E,0xF433,0x1075,0xF7C3,0xFCA5,0x1A88,0xF410,0xF98E,0x185F,0xFD07,
    0xF90C,0x0E1A,0xF5BA,0xEF76,0x0697,0x111B,0xF735,0xFDA9,0x0397,0xFA64,0xFD12,0x0B6E,0x0539,0xF5B8,0x0082,0xF779,
    0x026D,0x04E5,0xF6C5,0xFCF2,0x0834,0x0E63,0xFD91,0x04B8,0xFE12,0xF3A0,0x02A6,0x0F9E,0xFED9,0x070B,0x0692,0xED6F,
    0x0286,0x0495,0xF004,0x11FD,0xFDD1,0xE7DC,0x0F9A,0x0AF2,0xF40D,0x0E1C,0xFBDA,0xE271,0x10DA,0x0F40,0xEEB4,0x06E7,
    0x0D45,0xE43E,0x0342,0x2858,0xEBF7,0xFD22,0x0E69,0xE8A8,0xF90E,0x1BE5,0xFE1E,0xE8BD,0x0F57,0x0E74,0xF5B0,0xFB7F,
    0x0BA1,0xE116,0xEA7D,0x19E3,0xF9A8,0xF3BE,0x15DE,0xF62C,0xEF27,0x1CD0,0x0C55,0xF194,0x03BD,0xFEE6,0xE7FE,0x107A,
    0x1377,0xF1C4,0x00A3,0xFC0E,0xF0A1,0x0C0B,0x0688,0xECA8,0x0468,0xF96B,0xF9E8,0x1C3C,0x0422,0xF9ED,0x0912,0xF90C,
    0xF6F3,0x1765,0x05E1,0xEF41,0x04B2,0x1264,0xECC8,0xFB33,0x1B86,0xEE1E,0xED87,0x1461,0x05EB,0xFBA4,0x10A4,0xF5A0,
    0xE8EC,0x0F96,0x1416,0xFCCA,0xFC59,0xFB1E,0xE610,0x036B,0x185B,0xF59A,0xF331,0x0B2F,0xFC51,0xF669,0x0E21,0xFF9D,
    0xF586,0x0AD4,0x0078,0xFC06,0x0DFD,0xFC24,0xE966,0x079A,0x0198,0xFE37,0x03A5,0xFAAB,0xFE4F,0x0269,0x0355,0xFD96,
    0xFAB6,0xFC7E,0xF7DB,0x0111,0xFF46,0x0EC3,0x0230,0xF152,0xFE32,0x0D82,0x06B4,0x058F,0x02CC,0xEE25,0xF2BA,0x00FF,
    0x09DC,0x0589,0xFD94,0x09F4,0xEDC6,0xF6C5,0x157B,0xFB28,0xF216,0x0D41,0x065D,0xF617,0x13C1,0x1204,0xEC32,0xF81B,
    0x12AF,0xFCF2,0xFC24,0x0BEB,0xED35,0xF826,0x0678,0xFE91,0x02AC,0x03D4,0xFF1E,0xFBAC,0xFCE8,0x0365,0x07CA,0xF809,
    0xF46D,0x0530,0x0937,0x0758,0x00FC,0xFBA2,0xEB3B,0xF5FF,0x0822,0x0592,0x0741,0x052F,0xF619,0xFE77,0x0F97,0x07C5,
    0xF8B0,0x011C,0xFB13,0xF3D6,0x07AA,0xFDFB,0xEEA2,0x00B3,0x114B,0xFE1E,0x02D7,0x12CC,0xFDF5,0xF430,0x0414,0xFFD0,
    0xF882,0x0714,0x04C3,0xF57E,0x0581,0xFFCB,0xF427,0xFEAC,0xF59F,0xED17,0x0EE0,0x0CD1,0xF9B0,0x0776,0x007A,0xF4E1,
    0x02B2,0x0822,0xF8B7,0xF9EA,0xFDFE,0xF996,0xFE70,0x099C,0x0481,0xF92F,0x04E0,0x0392,0x0713,0x0BDD,0xFE6D,0xFDE8,
    0x0176,0x0040,0xF3F5,0xF604,0xF5FC,0xE944,0xFEC4,0x0DCF,0x0383,0x0D9D,0x1AFC,0x071B,0x0A8A,0x0F3A,0xFC4C,0xED5A,
    0xF6DA,0xF331,0xF782,0x08BE,0xF840,0xF140,0x04D5,0x04A0,0x00D0,0x0E12,0x0769,0x01C9,0x134D,0x1210,0x100B,0x109F,
    0x020B,0xF646,0xFB55,0xF6B5,0xF389,0xF6DA,0xEE05,0xEA08,0xFBB7,0xF7D9,0xF934,0x074C,0x03A7,0x0339,0x0D7D,0x146B,
    0x075E,0x0515,0x0CC6,0x0009,0xF84A,0x0581,0xFE32,0xF5E2,0xFBCC,0xF656,0xEE23,0xF839,0xFF8E,0xEE94,0xF785,0xFFB0,
    0x02C4,0x1274,0x0D72,0xF973,0x0564,0x1013,0x0D10,0x12AF,0x0758,0xFBF7,0xFCB0,0xF3F0,0xEE56,0xF113,0xFD0F,0xF19A,
    0xF605,0xFC86,0xF717,0xFBA8,0x0B12,0x0A90,0x0A38,0x12E4,0x0CEC,0x0C10,0x0E44,0x0943,0xF3B9,0xEEDC,0xF428,0xEA8C,
    0xF398,0xF9D8,0xF428,0xF61C,0xF909,0xF132,0xF94C,0x0503,0x0F7C,0x0EC6,0x1225,0x0AB5,0x021F,0x0678,0x025D,0xFB8C,
    0x0D20,0x03AA,0xF87A,0xFC71,0xFBF4,0xFBA2,0x00B0,0xFE70,0xF4DB,0xFA6A,0x0625,0x010C,0x06CF,0x0272,0x04F5,0x0CC6,
    0xFAB7,0x040E,0x0EC1,0xFC43,0xF31C,0xEFCB,0xF152,0x0255,0xFEC1,0xF7B6,0x0409,0x068D,0x0AF2,0xFE5B,0xFEB4,0x0456,
    0xFE12,0xFB25,0xFFFD,0xF981,0xF9B0,0x0884,0xF7BC,0xEB52,0x0385,0x0DC7,0x0011,0xFECA,0xF964,0xF949,0x0A49,0xFAA1,
    0x0018,0x1191,0xF698,0xFAB3,0x0E3E,0xFF5B,0xF0E9,0x0470,0xF9E8,0xF64E,0x117D,0x0DD4,0xF6B6,0xFE3F,0x0029,0xF9EA,
    0x013A,0x0695,0x036F,0xFE62,0x03B4,0x070E,0xFF65,0x0918,0x013C,0xF4F4,0x0045,0x0459,0xFE4B,0x0562,0x0016,0xEDC1,
    0xFDDE,0x0C9C,0xFB6D,0x0368,0x02E4,0xF3BC,0x0808,0x0DCF,0x01FB,0x0AE8,0x0301,0xF020,0xFD9F,0x0F25,0x02FE,0xFE92,
    0xFD6C,0xF2A6,0xFD6F,0x146D,0x051C,0xFF2B,0x0036,0xF454,0xFAD0,0x08FD,0xFC9A,0xFA18,0x034B,0xF8C8,0xF750,0x05B7,
    0xFF55,0xFC27,0x0756,0x0B1C,0x00AD,0xFB82,0x0109,0xFD7E,0xFEA2,0x0E5E,0x1195,0xFC96,0xF93B,0xF29B,0xFB77,0x0DFC,
    0x0739,0xFA71,0xFBCC,0xED35,0xF4F1,0x13D2,0x0D2D,0xF765,0xFE82,0xFE3F,0xEDCB,0x0C7D,0x1392,0xEFFA,0xF3DB,0xFF60,
    0xF4BC,0xFF7D,0x0565,0xF666,0xFB18,0x083D,0x0151,0xF860,0xFFBF,0x008A,0xFEAC,0x0416,0x0640,0x05AF,0x0416,0xF8BF,
    0xFE1A,0x0A69,0x14F7,0xFDCB,0xFA67,0xF995,0xF657,0xFC02,0x1094,0x0694,0xF4AA,0x0035,0x0016,0xF9F8,0x079B,0x07DA,
    0xFD83,0x022C,0x01B6,0xFFC8,0x07D7,0xFE87,0xF539,0xFF7B,0x0390,0xFB0E,0x055F,0x0789,0xF742,0x07D5,0x102B,0xFA92,
    0xFD9C,0x0323,0xFEA4,0xFBBC,0x068F,0x00FC,0xFBEA,0xF4AE,0xF737,0xFF23,0x018C,0xFEF4,0x0045,0xF1B4,0xF3FD,0x06A0,
    0x0515,0xFB84,0x00D8,0xF98B,0xFD9E,0x079B,0x0213,0x00CC,0xFA52,0xFCAD,0x07AA,0x07D5,0xFB25,0x044E,0xFF5D,0xF31F,
    0x036B,0x0397,0xFABE,0x00DF,0x03ED,0xFABE,0x0751,0x0920,0xFEE7,0xFEFE,0xF5E4,0xFFF7,0x069C,0x029F,0x0564,0xFA7E,
    0xF91A,0x04FD,0x04D2,0xFF39,0x06E6,0xFAD1,0xEE5A,0x019E,0x0A4E,0x0269,0x05D0,0xFF69,0xF1CE,0x0B52,0x0B91,0xFFAF,
    0x0D9B,0xFE0D,0xF238,0x06FE,0x09A9,0xF2C2,0xFF31,0xFCFF,0xF0A7,0x0B64,0x0D7B,0xF774,0xFA4D,0x0E7C,0x06F2,0xFA00,
    0xFE55,0xF77C,0xEFA5,0xFB2E,0x067F,0x0338,0xFDDE,0xF528,0xFB57,0x07B8,0xFC1E,0xFA87,0x0F75,0x0318,0xEA0A,0xFC9A,
    0x0E9D,0xFB45,0xFB8D,0x073C,0xF9F0,0xF934,0x0C3F,0x0433,0xF5CD,0x075C,0x07E7,0xFCE5,0xFDF5,0xF90E,0x0045,0x06B2,
    0x0318,0x017E,0x092A,0xF818,0xF545,0x06A5,0x02FC,0x00EA,0x094A,0x0244,0xEFEF,0x0265,0x0D7E,0x021A,0x01C1,0x0480,
    0xF830,0xFBA5,0x0CCC,0x098F,0xFE25,0xF4F7,0xF882,0xFF8A,0xFBFF,0xFF92,0x0ADD,0x0325,0xF263,0xFEF4,0x0FC1,0x0167,
    0xFC46,0x0382,0x065F,0xFF50,0xFF9E,0x07B5,0xFD10,0xFCC5,0x08B8,0x04FF,0xF4AA,0xFFFA,0xFECC,0xF2E4,0x0225,0x05BE,
    0x00FD,0x0213,0xFECE,0xFBEA,0x005E,0xFCC3,0xF90F,0x0279,0x0013,0xF77A,0x0584,0x07AD,0xF809,0xFB13,0xFC90,0xF268,
    0xFDF6,0x083C,0xF7AF,0xF37E,0xFD6A,0x0714,0xFF34,0xFF03,0x03F1,0xFBDF,0xF83E,0xFFBF,0x0419,0xFF03,0x00FD,0x0397,
    0x0C4D,0x0645,0x0441,0x011A,0xF883,0xF491,0x00C7,0x165F,0xFE67,0xF723,0x028A,0xFC66,0xFD21,0x0A4E,0x024A,0xF1B5,
    0x00B7,0x014F,0x062E,0x0DA0,0xFC71,0xF61F,0x00F5,0xFA05,0xFF61,0x0E79,0xFF5D,0xF70A,0x021A,0xFDE5,0xFCD2,0x0BD9,
    0x029C,0xF7D1,0x006E,0xFF29,0xFEC9,0x06D2,0xFFBD,0xF901,0x016F,0x00E7,0x07B0,0x07E3,0xF3B9,0xF2ED,0x05E9,0x042F,
    0xFD1D,0x0164,0x07DA,0xFC39,0x0008,0x0D6E,0xFB20,0xF5CA,0x042F,0x034A,0xFE6A,0x0734,0x066F,0xF3F2,0xF76D,0x064F,
    0x091B,0x0695,0x01CE,0xF8F2,0xF968,0xFEBA,0x0102,0x0342,0x00A5,0xFAF9,0x032D,0x0B52,0xF41B,0xF7BF,0x0C37,0xFB85,
    0xF7B9,0x0FA4,0x09F9,0xF69B,0xFE06,0x0053,0xFEFB,0xFF60,0xFAFD,0xFEB2,0x0559,0x016B,0xFCE5,0x06C9,0xF1EA,0xF0A9,
    0x0C5F,0x0383,0xF3CE,0x077E,0xFDA6,0xF1D7,0x053F,0x0C7F,0xFF59,0xFB82,0x09B7,0xFF0B,0xF1B4,0x0392,0x06CF,0xFFB0,
    0xFFE0,0x0485,0xFEDA,0x0023,0x009B,0x01DD,0xFE26,0xFC6E,0x025A,0x0995,0x0040,0x1524,0x09CF,0xEF3F,0xF6A8,0x03A0,
    0xFC1C,0xFFD5,0x1498,0xFF06,0xED67,0x01AE,0x0D4B,0xFC93,0xF875,0x0426,0xFBAA,0x033B,0xFF86,0x0643,0xF9CD,0xF50B,
    0xFD3C,0x0525,0xFEB1,0x02C3,0xF74D,0xF8B4,0x0489,0xF9A5,0x0066,0xF5F7,0xFF7A,0x03F7,0xF725,0xFD08,0xF5F4,0xF492,
    0xF74C,0x0B04,0x039C,0xFC37,0xFC16,0x0111,0xF984,0x013A,0x0DE1,0x0377,0xFE78,0x092B,0x00ED,0xFF80,0x0DB8,0xFE3F,
    0xFF2E,0x08F1,0x0731,0x0632,0x071F,0xF931,0xF6A0,0x144E,0xFEE9,0xF7A7,0x0B5C,0x02EC,0xF4A9,0x0678,0x05BC,0xE9C1,
    0xF7BB,0xFFF0,0xFC36,0x10E7,0x081D,0xF174,0xEA57,0xED82,0x0434,0x0642,0x00A3,0x0228,0xFD86,0xF538,0xF38C,0x0E21,
    0x0766,0xF3D0,0x02D6,0x0807,0xFC2F,0xFB1D,0x05D6,0xFD37,0xFA22,0x0A2E,0x070B,0xF906,0xFFA2,0x0328,0xFD02,0x0690,
    0x071B,0xFE6F,0x03E1,0x051F,0xFF03,0x0045,0xFFA2,0x0203,0xFF92,0x0557,0x0ADC,0x0706,0x0BBB,0xE7A2,0x0029,0x1564,
    0xF6F3,0x0611,0x1025,0xFD35,0xF07C,0x103A,0x0517,0x0036,0x103B,0xF5DC,0xEDD8,0x044F,0x1043,0xFC1F,0x0DD5,0xFE26,
    0xED57,0x0171,0x0A7D,0x0B76,0xF5E7,0xF325,0xFD39,0x04E2,0x010C,0x0173,0xFCC0,0x070E,0x02B7,0xE706,0x011F,0x07C2,
    0xEEA2,0xFED1,0x096D,0xF3DE,0xFE3F,0x0CB7,0xF2AD,0xFA8C,0x0ABA,0xFC9E,0xF583,0xFD00,0xFF14,0xF418,0xFFF8,0x0672,
    0xF8D1,0xFA61,0xF093,0x021A,0xFAFE,0xF270,0x0879,0xFE6A,0xEF56,0xFA55,0x0788,0x0102,0x0503,0xF936,0xEDE4,0xFDB1,
    0x0F71,0x13FE,0xF0B9,0xFEEA,0xFF88,0xF545,0x1A18,0x11DD,0xF334,0x0166,0x0D60,0xF609,0x0139,0x2008,0xFE3F,0xE77F,
    0x08C3,0x0A5E,0xF0F0,0x0741,0x044B,0xF41B,0x0CA7,0x0F96,0x02C6,0x05B3,0xF55D,0xFE12,0x0B22,0x0294,0xFEAA,0x08CE,
    0x0515,0xFDD3,0x01EE,0x07AB,0x0682,0x0606,0x03AF,0xF911,0x060E,0x0D70,0xFB18,0x0203,0xFA2C,0xF514,0xFD0C,0x0677,
    0xFBF7,0x00C4,0x079E,0xF3F3,0xFA24,0x0DEF,0xFF80,0xEFC6,0x07DF,0x034E,0xF26D,0x02AA,0xF14B,0xE702,0x0070,0x086E,
    0xF46A,0xF993,0x0AF2,0xEB68,0xF33C,0x1859,0xFD2D,0xF69C,0x0B24,0xF845,0xF23C,0x0CFE,0x052C,0xF1A7,0x0AD0,0x0B4F,
    0xF28E,0x0657,0x0889,0xF0E6,0x0070,0xFECC,0xFBA8,0x094D,0x0D49,0x028E,0xF98E,0x0783,0x01FD,0xFE8C,0x0695,0x0E07,
    0x04F2,0xF7EC,0xFEB4,0x0C27,0x06D4,0xFC16,0x052A,0x01C1,0x0CB7,0x1385,0xFB8A,0xFBAF,0xFA97,0xFF19,0xFC3E,0xF88B,
    0x08B0,0x002C,0xEA54,0x092A,0x0C2B,0xF4A2,0xFF34,0xFE26,0xF636,0x03D5,0x0CA7,0xF4A7,0xFBD9,0x106F,0xEA6A,0xF9FF,
    0x0C92,0xE934,0xEFB3,0x0CDC,0x0117,0xF255,0x0BEA,0x0114,0xF437,0x099F,0x014F,0xFB0B,0xFCA6,0xF6F0,0xF7CC,0xFF0F,
    0x06D7,0xFFC8,0xFFBB,0xFD2A,0xF66F,0xFD0C,0x0A13,0xFD3A,0x01DA,0x0515,0xF7DC,0x03DA,0x079A,0xFC04,0x02D6,0x0695,
    0xF91F,0x01A9,0x16F6,0xFF90,0xF549,0x05BF,0xF8BD,0xF536,0x190F,0x0402,0xE9AC,0x1284,0x0C45,0xF25E,0x078B,0x0DB4,
    0xF2C0,0xFA79,0x0CB9,0xF639,0xFF44,0x139D,0xF34E,0xF5BD,0x04E3,0xFBBA,0xF236,0xF7DC,0x0335,0xFFE2,0x04A6,0x0E22,
    0xF221,0xF62F,0xFC7B,0xF51C,0x0416,0x0CEF,0x0093,0x07C5,0x0903,0xF747,0xFD67,0x074E,0xF22E,0xF2E8,0xF878,0xF8FE,
    0x0072,0x0BFE,0x05FE,0x0AF8,0x0FD9,0xFDF3,0xF62C,0xFC83,0xEE55,0xEA96,0xFF3C,0xFF29,0x00FC,0x0ABA,0x10DD,0x10D7,
    0x102D,0x10A4,0xF9D6,0xFDEE,0x010F,0xF443,0xFD22,0xFEAD,0xF8FA,0xF855,0xFD1A,0xF51C,0x04A0,0x11DB,0x015B,0x090A,
    0x10F6,0x082D,0x0A7B,0x12A4,0x0B36,0x020F,0x0E27,0x0468,0xF54B,0xFA9E,0xF4C6,0xF077,0xF341,0xFBBC,0xF478,0xFB8C,
    0x04C5,0xF954,0x00EA,0x1244,0x049E,0x0685,0x1834,0x0CCF,0x04BA,0x07A0,0xF835,0xEE52,0xF979,0xFA7C,0xECC2,0xFD71,
    0xF4C1,0xED5F,0xFD12,0xFABE,0xF637,0xFBEF,0xFFB2,0xFE55,0x09B9,0x0804,0xFDB1,0x0874,0x0D5A,0x07B5,0x06DE,0xFF6E,
    0xEF2C,0xF6ED,0xF223,0xE969,0xEFA0,0xF737,0xEF1E,0xF0C4,0xFEC6,0x06B5,0x0886,0x0E7B,0x0E2F,0x07AB,0x13AF,0x0B12,
    0xFD0F,0x02F9,0x0362,0xF3C5,0xF4CA,0xF9DE,0xF049,0xF8BD,0xFA0A,0xF4CF,0xFA9B,0x069D,0x044F,0x064D,0x1073,0x0905,
    0x0F0A,0x1915,0x0BED,0x05CB,0x0AFF,0xFD7A,0x03F7,0x0D4E,0xF87A,0xF5EF,0x0454,0xF8E4,0xFB08,0x08FB,0xFAAE,0xF98B,
    0xFEC2,0xFE08,0x03FF,0x0EE8,0x0B99,0x02E3,0x0E01,0x01B9,0xF11D,0xF690,0xF636,0xEAE9,0xF597,0x02CC,0x0033,0xFB6B,
    0x0A73,0x041F,0x02BB,0x1763,0x00C5,0xFEB5,0xFA28,0xE9FB,0xF586,0x037F,0xFEAC,0xF394,0xFBF9,0xFF3C,0xFE38,0x08D1,
    0x03DD,0xF5BF,0xF3DE,0xEF06,0xFEA7,0x078D,0x0279,0x079D,0x03BC,0xFCE5,0x080C,0x0805,0x00B0,0xFC41,0xFEF3,0x03BC,
    0x053A,0xFFC8,0xFAEB,0xF4C2,0x02F4,0x06FE,0x053D,0x0B5E,0xFDCB,0xEF33,0xFCC7,0x0932,0x03BD,0x03B2,0x065B,0xF5B5,
    0x01D3,0x0CD7,0xF513,0xFCC5,0x07C8,0xF7EB,0xFC73,0x0F03,0x0BA9,0xFDE5,0x030C,0xFF9B,0xFC4B,0x05CB,0x081A,0xFFB7,
    0xFDF0,0xFEA5,0xFC4E,0x009F,0x08E1,0xFB25,0xFAE6,0x0315,0x0011,0xFA3A,0x0323,0xFCFC,0xF02C,0xFF69,0x01DD,0xFD3F,
    0x075E,0x00CC,0x026D,0x0D43,0xF954,0xF0F0,0x0390,0xFCB0,0xFD64,0x0F17,0xFF90,0xE8CC,0xFEE1,0xFC39,0x0968,0x12C8,
    0x06F2,0xF52B,0xFAC3,0xF01F,0xFBFF,0x1411,0x0AA8,0xF583,0xFA64,0xFEBA,0xF9D6,0x0785,0x06FA,0xFD1A,0xF1FF,0x07D2,
    0x04F7,0xFDF5,0x00DF,0xFB4B,0xE99E,0x0974,0x0F12,0xFEB7,0x09F6,0xFE99,0xDF0C,0x029F,0x103A,0xF91A,0x0B61,0x111B,
    0xE82E,0x00A5,0x1A88,0xF796,0xFC21,0x0C17,0xF30D,0x021F,0x1111,0xFE85,0xF762,0xFE15,0xF5C0,0x0707,0x1189,0xF81B,
    0xF508,0x00F9,0xF7E4,0xFD3C,0x071E,0x092D,0xF9AE,0xFC59,0x0085,0xFBB1,0x05B6,0x0A0C,0x0018,0x029E,0x0040,0xF0D9,
    0xF4C6,0x1485,0x086A,0xF5CC,0x0BD0,0xF96B,0xE5ED,0x055A,0x078D,0x0372,0x06EC,0xFDEB,0xE782,0xF678,0xFE75,0x0E1A,
    0x12C1,0x06C2,0xE523,0x00A8,0xFBCC,0xF91A,0x1485,0x148B,0xEDAF,0xF399,0xFFC7,0x0331,0x007B,0x02E8,0xFFD2,0xF292,
    0x0C3F,0x07DA,0x07EC,0x09AF,0x0143,0xEFCD,0x0199,0x10B7,0x10AF,0x0232,0x05B4,0xEEC9,0xF95B,0x0FBF,0xFBE6,0x0190,
    0x0C7D,0xF298,0xF506,0x0F99,0xFA5A,0xF263,0x03B4,0xFC9B,0xF5F2,0x0ECA,0x05FD,0xF33A,0xFAB4,0xF89F,0xFD1D,0x16FC,
    0x0336,0xF35E,0xFDF9,0xF3A3,0xFA4D,0x1549,0x0E84,0xF214,0xF663,0x07DB,0xF820,0xFDB8,0x0E79,0xF224,0xEB95,0x0508,
    0x0AE0,0xF93E,0xFCE2,0xFD25,0xEDD3,0xFD1A,0x073C,0xF84B,0x03F6,0x0796,0xFB15,0x0B24,0x03BD,0xF3A4,0x0365,0x0576,
    0xF125,0x0E3F,0x17A0,0xF0E1,0xF0CC,0x0A6B,0xF657,0x06FA,0x1D88,0xF7C6,0xED3C,0x035A,0x00AA,0xFDC6,0x08FE,0x0606,
    0xF57B,0xFB8C,0x02F3,0x0692,0x0A4B,0xF2B3,0xEE8C,0x00A8,0x01A6,0x025F,0x0060,0xFECF,0xF415,0xFA0A,0x0A7E,0xFA51,
    0xFEA1,0x0F92,0xFFC5,0xF6FD,0x0A83,0x0F5A,0xF6F8,0xF9E5,0x052A,0x04E3,0x08A1,0xFD7A,0xEE92,0x0DDA,0x0203,0xF858,
    0x1164,0x0684,0xE8FA,0x068A,0x008A,0xED18,0x03E7,0x11F0,0xF474,0xF8DD,0x1088,0xFE25,0xFD2D,0x0234,0xF738,0xFC8B,
    0x043E,0x05CC,0x11A0,0x06AC,0xF2E4,0xF55B,0x0340,0x01D8,0xFFE2,0x0D6D,0xFC09,0xEF02,0x066B,0x1300,0xF7F6,0x012C,
    0x0977,0xF198,0xFAF4,0x16C7,0xFDEE,0xF529,0x0740,0xFA5F,0xFDA1,0x0F27,0x043E,0xFB2D,0xFB75,0xEC1C,0x0174,0x10F7,
    0xF9CD,0xF9C0,0x06D7,0xF86D,0xFD27,0x134D,0xFB18,0xEA77,0x0358,0x0594,0xFFC8,0x0A49,0x0A55,0xF457,0xED28,0x07C2,
    0x1249,0x01A0,0x0058,0xFD9B,0xFDB0,0x0189,0x0016,0xFE20,0xFA52,0xF868,0xF30C,0x0584,0xFCBB,0xEE3E,0x09D6,0xFA18,
    0xEA4D,0x0F34,0x0F2C,0xEE32,0xFCE7,0x0E19,0xFA3D,0xFC53,0x07CF,0xF636,0xFDF5,0x0BA6,0x02C7,0x039C,0x0050,0xF25D,
    0x0343,0x0181,0xFCE0,0x11FB,0x0AC7,0xED62,0xEF51,0x07ED,0x0111,0xFAD0,0x0C37,0x0147,0xF74A,0x02A9,0xFCFF,0x04BE,
    0x05FB,0x0004,0xFDBE,0xFD9F,0x0DE7,0x06AF,0xFC54,0x04BB,0x08DB,0x0ACF,0x0824,0xF76D,0xEFA3,0x009A,0x0564,0x0845,
    0x0A7B,0xFAF8,0xEFEA,0x03E5,0x0331,0xF5B7,0x08AE,0x068D,0xEF0F,0x01BB,0x0AB3,0xFAC4,0x0264,0x0272,0xF174,0xFE16,
    0x01A6,0xF980,0x06F9,0xFB90,0xEFBE,0x0E5B,0x0DA5,0xF6D3,0xFB00,0x06A7,0x0008,0x028F,0x0464,0x002C,0xF61C,0xFC04,
    0x093F,0x0A48,0x08BE,0x0136,0xF86E,0xFE72,0x00CC,0xFE40,0x0831,0x0729,0xFB92,0xF7B2,0x054F,0xF863,0xF969,0x0E36,
    0xF8C8,0xF349,0x0F12,0xF5AB,0xF22C,0x15FB,0xF29E,0xEA2B,0x1208,0x080F,0xF440,0x069A,0x08F1,0xF767,0xFACE,0xFE3B,
    0x011A,0x05F3,0xF7A1,0xF8B5,0x04D5,0xFA30,0x013A,0x04C2,0xF20F,0xF92B,0x063A,0x059E,0xFC79,0xFC2E,0xF3ED,0xF6A5,
    0x0DF7,0x1179,0xF6B3,0xEC3F,0x0988,0x0190,0xFF49,0x0D0B,0x0124,0xEC7E,0x08C6,0x19E1,0xF29D,0xF64F,0x0F37,0xEEA2,
    0xFB6B,0x1F27,0x011F,0xE9FA,0x009B,0xFFE0,0xFCEF,0x16B4,0x0378,0xF204,0xFE74,0x01FF,0x0AD2,0x0CD9,0xF7E8,0xFD0F,
    0x06FC,0x005B,0x055C,0x0FFC,0xF0C1,0xFA37,0x0D72,0xFA6F,0x0259,0x0E0F,0xFD2C,0xF3FD,0x08C4,0x0E61,0xF35C,0xFCC5,
    0x0632,0xF8DF,0xF9E8,0x098D,0xFE6C,0xF80E,0x02A1,0xFDC1,0xF138,0x0B66,0x0E17,0xF1B5,0x015B,0x0C6F,0xF332,0xF7E8,
    0x110C,0x078D,0xF371,0xFC9E,0x0551,0xFDA6,0xF826,0xFD87,0x061B,0x01A0,0x056C,0x005B,0xF3DE,0xF563,0xFFC2,0x024C,
    0x075B,0x14BA,0xFA03,0xE7EE,0x011C,0x08B1,0xFDE9,0x04B2,0x0894,0xEE00,0xEFD7,0x025C,0xFB38,0x0267,0x009A,0xFBF2,
    0x03A8,0xF853,0xFC46,0x0B8E,0x12D1,0xFA1F,0xECB0,0x033E,0xFC7D,0x01D8,0x0CEB,0x07BF,0xFF1B,0xF8D1,0xFBFF,0xF973,
    0xFCA8,0x0C3F,0x034A,0xFB3D,0xFC49,0xFD4E,0xFC71,0x0137,0x0F67,0x0567,0xF65F,0xFA27,0x067C,0x0778,0xF689,0x08F6,
    0x0BD1,0xEC80,0xF0EB,0x19FC,0x04D6,0xF7D6,0x12B9,0xE6B6,0xE8E5,0x23B2,0x02DB,0xEB3B,0x14F2,0x00C0,0xE410,0x17A7,
    0x18A9,0xE715,0xF624,0x0BCE,0xFEF3,0xF3A8,0x00E7,0x0889,0xEE1E,0xF9B6,0x15C1,0x01E2,0xF2FA,0xFFD4,0x052A,0xFD9F,
    0x09AC,0x0378,0xF789,0xFE8C,0xF481,0xF664,0x11FF,0x0977,0xFE18,0xFEC1,0xF4B9,0x0872,0x0733,0x00ED,0x09CF,0xF9E8,
    0xEEBA,0x0CB2,0x0FE4,0xEEDF,0x00AA,0x04E7,0xED84,0x0667,0x0DF1,0xFA15,0x02B6,0x00F5,0xF305,0xFD96,0x1067,0x0144,
    0xF7FB,0x0153,0x01FA,0xFC2C,0x0978,0x1274,0xE856,0xF155,0x1413,0x0591,0xFCBE,0x052F,0xFF5D,0xEC0C,0xF99E,0x0C7D,
    0x0589,0x0409,0x019B,0xF9D6,0xFAB9,0xFC33,0x0C94,0x04F0,0xF255,0x03FF,0x0C1B,0xF5EA,0x066A,0x101E,0xF31A,0xF9D5,
    0x06B2,0xFA5F,0x0001,0x015C,0xF8B2,0xFDC6,0x0499,0xFBD5,0xFA3A,0x067A,0x047E,0xF7E8,0x01AD,0x09B9,0xF744,0xF9C2,
    0x0321,0xFE82,0xFB8A,0x01ED,0xF998,0xFB36,0x0AD2,0xFCDB,0xFAC9,0x066F,0x001E,0xF80E,0x09B9,0x01BD,0xF185,0x06FA,
    0x0C8A,0xF197,0xFD1A,0x0BEE,0xF772,0xFAD6,0x0C20,0xFED4,0xFB1D,0x024A,0xFF55,0xFDD0,0x06DA,0xFCD3,0xFBC4,0x02F9,
    0x0178,0x0619,0x018E,0xFD3C,0x02F9,0xFEEA,0xF808,0xFF0C,0x04EB,0xFAA9,0xFBEA,0x09E4,0x001B,0xFB50,0x05F3,0xFC29,
    0xF47D,0x0BA8,0x0D52,0xEFED,0xF97E,0x0B99,0xF69B,0xFA0A,0x1681,0xFAA6,0xF32D,0x0A53,0x037F,0xF450,0x0AE7,0x0886,
    0xFAD9,0x05A7,0x03CD,0xF5A7,0xF9EF,0xFAD8,0xFB85,0x0E88,0x0785,0x01C0,0x0534,0xFE7F,0xF593,0xFAB1,0x0179,0xFF8B,
    0xFAD8,0x00C0,0xFD84,0x0416,0x0AE8,0xF73F,0xF5BB,0x0891,0xFDFD,0xF530,0x0D7B,0x0C87,0xF02D,0x034E,0x0E57,0xF0B4,
    0xFF20,0x0F45,0xF25E,0xFAF6,0x0AAB,0xFB73,0x0970,0x1234,0xF33C,0xF7B9,0x02F8,0xF94B,0x06C9,0x0C33,0xFD59,0x012F,
    0xFDB3,0xEFA6,0xFCDB,0x0342,0xF344,0xFCB8,0x09FF,0x0581,0x02AF,0x0AC2,0xFE22,0xFBBC,0xFF55,0xFC3C,0xF0B9,0xF0B1,
    0xF177,0xF175,0x0326,0x15D1,0x0C23,0x103A,0x1648,0x0407,0x0028,0x0962,0xF642,0xE561,0xF9C0,0xF3B3,0xF1D9,0x0498,
    0x001C,0xF460,0x00BC,0xFD0D,0xFC9D,0x15C0,0x0D09,0x0157,0x1291,0x0E69,0x0350,0x07D2,0x05EC,0xF7EB,0xF9A9,0x011F,
    0xF371,0xF77D,0xF73C,0xE8F5,0xE70A,0xFB48,0xFE57,0xFD24,0x0F12,0x0CFE,0x0675,0x14E0,0x189E,0x07F0,0x08E6,0x0296,
    0xF8C0,0xF6A1,0xF9C2,0xED62,0xF442,0xF9E5,0xF605,0xFD29,0x04BA,0xE8F0,0xEF9E,0x0406,0xF78A,0x0E76,0x1F1F,0x0577,
    0xFFDF,0x0D14,0x0496,0x082C,0x170B,0x040F,0xEED9,0xF8D2,0xFADC,0xEB03,0xF0A6,0xF8DC,0xEFCB,0xF548,0x0277,0x0FD8,
    0x1B1E,0x1707,0x08D1,0x069A,0x152D,0x0F4C,0xFEFF,0x036D,0x059C,0xF6A9,0xF8D2,0xEBA0,0xDDCA,0xF0DE,0xFA52,0xF5B2,
    0x0653,0x0739,0xFAE1,0x082A,0x09B4,0x0832,0x1883,0x142B,0xF8FF,0x0657,0x08A4,0xFB1B,0x0857,0x0A49,0xF48F,0xF74F,
    0xFC0E,0x0242,0x032E,0xF882,0xF123,0xF69E,0xFD76,0x03BC,0x0A70,0x07F8,0x0694,0x0793,0xFF2E,0xFA67,0xFBD4,0x00B7,
    0xF6C8,0xEB4B,0xEBCF,0xFEB9,0x05CC,0x0750,0x0620,0xFE64,0x0CB4,0x10F9,0xF7DF,0xF627,0x010A,0xFBA8,0xF8E7,0x051C,
    0xF831,0xF4AC,0x011C,0x0153,0x05D4,0x0CFE,0xFD3D,0xF95E,0xFEF1,0xFB46,0x0230,0x0759,0xF43D,0xF39E,0x04D2,0x0476,
    0x0769,0x1355,0x027C,0xF62A,0x02DF,0xFFBF,0xFC31,0x063A,0xF8DD,0xF223,0x02DF,0x0515,0xFF11,0x0579,0x014C,0xFCF7,
    0x03D5,0x0903,0x072B,0xFCF4,0x03D2,0x0350,0xEFF0,0xF6AE,0xFCEB,0xFA74,0x0F71,0x0C89,0xF75F,0xFB52,0xFC60,0xF076,
    0xFC23,0x092F,0xFD34,0x05D3,0x0A18,0xF4D7,0xF764,0x0213,0xFB1B,0x0524,0x0793,0xF7AE,0xFD4E,0x0A11,0x07F5,0x0387,
    0x0058,0xF523,0xF607,0xFF95,0x0F0A,0x0D1C,0xFEC1,0x000E,0xFEAC,0xFBB4,0x0483,0x0CFC,0x050D,0x008D,0xFE1B,0xFA76,
    0x04E3,0x003D,0xF738,0x0166,0xFD71,0x0056,0x0D0C,0x000E,0xF68E,0xF7E8,0x02BF,0x0814,0x001E,0xFC60,0x0134,0x06F2,
    0xFAAE,0xF64B,0x0648,0x034E,0xFA0F,0x0535,0x0660,0x00B7,0xF3A3,0xEFA0,0xFC6E,0x022C,0x02BE,0x01AB,0xFEFE,0xF17F,
    0xF976,0x03DF,0x00EC,0x07A0,0x06E1,0xF8FF,0xF3E1,0x0235,0x06E9,0x07A6,0x062D,0xF503,0xF5CA,0x0A4D,0x0FA7,0x00BF,
    0xFC34,0xFBDC,0xF8FA,0x02CC,0x0C67,0x0977,0x0488,0xF506,0xF145,0x0116,0x025F,0xFC1E,0x081D,0x09D1,0xF9B1,0xF7C9,
    0x04BA,0xF83E,0xF35F,0x0C35,0x08F6,0xFA6C,0x0402,0xFD91,0xF296,0x0619,0x0E90,0xFCF7,0x0309,0xFE8A,0xF8B0,0x05D0,
    0x037A,0xF653,0x0416,0x01ED,0xF241,0x05C6,0x0E04,0xF8F2,0xFAB9,0xFC61,0xFB35,0x00CF,0x0286,0xF9E8,0xFC1C,0xFFA2,
    0x005D,0xFE9F,0x0117,0x002E,0x0009,0x039A,0xFD07,0xF8B8,0x07B2,0xFF5E,0xF818,0x052F,0x0884,0xF69E,0xFA7E,0x070E,
    0x00A5,0xFA25,0x011F,0xFD2A,0xFF93,0x0773,0x0382,0xFC8E,0x0013,0xFD3A,0xFA77,0xFF6E,0x05EC,0x0572,0x0AB8,0xFAF0,
    0xF5A0,0x025F,0xFA82,0xFC04,0x111E,0x0471,0xF4AE,0xFEF1,0x0385,0x0154,0x0611,0x029C,0xFC7D,0xF803,0x0789,0x0C55,
    0xFFF0,0xF9D2,0xFC89,0xFE9C,0xFCAB,0x0AC7,0x0EA3,0xFA86,0xF376,0xF5D7,0x02F1,0x0C8F,0x0387,0x0234,0x0818,0xF748,
    0xF966,0x092F,0xF7C7,0xFC70,0x0DBA,0x0431,0xFE6A,0x05AB,0xF818,0xF059,0x082F,0x064B,0x02A4,0x03ED,0xF178,0xFD93,
    0x0463,0xFCF0,0x029A,0x03B0,0xF681,0xF99B,0x0910,0x04D2,0xFC79,0x040C,0xFE2A,0xF061,0xF960,0x0BC3,0x059F,0xFC63,
    0xFDD9,0xFEB5,0xF319,0x0083,0x0CDC,0xFF96,0xF7C3,0xF740,0x0038,0x06CA,0xF6C1,0xFCD2,0x0933,0xFDEB,0xF86B,0x070F,
    0x00AB,0xF34E,0x01CE,0x1023,0x0179,0x0274,0x063A,0xF50C,0xF467,0x089C,0x070C,0xFA97,0x00F7,0x032D,0xFF78,0x05D3,
    0xFB4D,0x006A,0x0918,0xFC56,0x0021,0x089C,0xFD2F,0xFA91,0x0346,0xFE5A,0xFD56,0x0C62,0x05C1,0xF093,0xFA20,0x0B56,
    0x0097,0xFBBA,0x04AD,0x0250,0xFC56,0x033B,0x08B9,0xFF69,0xFA25,0xFBE9,0x0330,0x05A9,0x0719,0x05F9,0xFC04,0xF5B3,
    0xFB32,0x0BE2,0x0A09,0xF447,0xFC0E,0x0422,0xF5D4,0xFD64,0x136F,0xFA74,0xEB14,0x0692,0x055C,0xF4E6,0x040F,0x07B2,
    0xF3FE,0xF718,0x086F,0x04B0,0xF9EB,0xF39C,0x015F,0x0D2B,0xFF61,0xF80B,0x0147,0xF248,0xF573,0x1657,0x0E44,0xF14D,
    0xF396,0x0169,0x0164,0xFC8B,0x0D60,0x0B25,0xEF9E,0xF0C8,0x07E0,0x0377,0xFB72,0x0C25,0x0215,0xFA44,0x0C81,0x00D7,
    0xF37F,0x055F,0x0112,0xFBEF,0x122A,0x02A2,0xF9D3,0x0903,0xF90F,0xF178,0x09CE,0x0E4F,0xF558,0x01B3,0x0AE4,0xFBFA,
    0x0255,0x0711,0xF604,0xF576,0x06E7,0x0897,0x001C,0xFE4F,0xFFAD,0xF6AD,0xFC04,0x0A76,0x0832,0x0594,0xF6CB,0xFBF1,
    0x0BCE,0x023A,0xF7B1,0x0527,0xFC06,0xF89F,0x08F8,0x0E73,0xFC46,0xF3CB,0x05CE,0xFFFD,0xFE4D,0x0F64,0xFD34,0xF452,
    0xFE88,0xFEB1,0x03ED,0x00C2,0xF4E1,0xFAEC,0x0645,0x0176,0x0164,0x0C82,0xED22,0xF093,0x0F51,0x0346,0xF693,0x0541,
    0xF883,0xEF96,0x09D2,0x0FE8,0x0252,0xFA55,0xFCE3,0xFE35,0xFA92,0x0046,0x04A3,0x0205,0xF33C,0xF850,0x0ECD,0x01E0,
    0xF7A9,0x03A5,0xFAB3,0xF308,0x01AB,0x0D87,0xFE94,0xF258,0x0489,0x0BAE,0xFBAF,0x06CA,0x00FF,0xEC24,0xFCA5,0x0C08,
    0x0BB8,0xFFCD,0xFB03,0xF7C9,0xF9D8,0x0A70,0x0AE2,0x04F5,0xFF6B,0xEEDC,0xFE08,0x0C8D,0xFF33,0xFD8C,0xFF60,0xFEB5,
    0x0245,0x0925,0x052F,0xFCC5,0xF5A0,0xFAE3,0x013F,0x08E0,0x03BA,0xFB95,0xF860,0xF020,0x02B4,0x1159,0x0CDE,0xFCA5,
    0xF707,0x0112,0xFF26,0xF6C5,0x0CDC,0x0635,0xEFBD,0x042B,0x0BC6,0x0178,0xF8AC,0x00D8,0xF276,0x01DD,0x170C,0xFFC2,
    0xEF49,0xF65F,0xF7B2,0x0186,0x1881,0x034A,0xF957,0xF3D9,0xFE4D,0x097A,0x0316,0x0D43,0xF7F8,0xE1DC,0x05E9,0x2028,
    0xFC8E,0xF76A,0xFFBA,0xEF5B,0xFFDF,0x1A9B,0x0398,0xE7FF,0xFAFB,0x035A,0xFE00,0x0930,0x0E2F,0xEAC7,0xF46F,0x16FF,
    0x06D9,0xF7D6,0xFE40,0x02EB,0xEA27,0x045C,0x1776,0xF58A,0xF364,0x0BA1,0xFF31,0xECCA,0x141E,0x0796,0xF38F,0x0303,
    0x0363,0xFB35,0x0090,0x09A9,0xFBC9,0xF35C,0xFBFA,0x0702,0x1129,0x0149,0xF0CC,0xFADB,0xFB94,0xFFFD,0x15F0,0x09F6,
    0xF35E,0xF943,0x0346,0xFDB3,0xFC01,0x0754,0xFC04,0xFC8E,0x0F9A,0xFE3A,0xFA12,0xFFD7,0x035A,0xF548,0x0503,0x06CC,
    0xF956,0xFB3B,0x01F6,0x0340,0xF804,0x0390,0x043B,0xFCF2,0x08C3,0xF7C6,0xFD34,0x0F87,0x054D,0xED69,0xF934,0x0FEC,
    0x0495,0xF646,0xFA4A,0x0196,0xFEA5,0xFC29,0x0BF8,0x01B6,0xFAAF,0xFE55,0xFFF8,0x048D,0x0BA4,0x012E,0xF38E,0xFCED,
    0x07A8,0xFB8C,0x0176,0x0E0C,0xF64B,0xF3F0,0x1023,0xFE20,0xFC80,0x087B,0xFE23,0xEA27,0xFEE2,0x1158,0x006B,0xFA00,
    0xFCE8,0x0547,0xFB60,0x00C8,0x00E5,0xF21B,0x034D,0x073B,0xFAC6,0xFB8C,0x0A04,0x019B,0xFD6A,0x099C,0xFAD0,0xF870,
    0xFF36,0xF898,0x007D,0x00DA,0x0B0C,0xFB10,0xEE2E,0xFCD3,0x1440,0xFFCF,0xFA0B,0x1269,0xF06A,0xEFB5,0x0C18,0x01B5,
    0xFB6F,0x105A,0xF897,0xF8C4,0x1296,0xFE4F,0xF432,0x0CFB,0x073E,0xEDDC,0x0A66,0x0A6E,0xEDD8,0x0345,0x134A,0xEFA5,
    0xF656,0x19F3,0xFF5E,0xF4E6,0x076E,0x06DF,0xF9F0,0xFEC9,0x05D6,0xF8E2,0xFF88,0x0F15,0x02BF,0xF251,0xF875,0x0B22,
    0xFE0A,0xFCFF,0xFE06,0xFF82,0xF5BD,0xFA12,0x105B,0x0A2C,0xFF50,0x0505,0xF8AA,0xE7A1,0xFC79,0x0C7D,0xF84D,0x004E,
    0x0297,0xE951,0x00CF,0x1910,0x008A,0xF271,0x02CB,0xFC58,0xFC01,0x1847,0xFEF7,0xEBC2,0xFD32,0x0A9D,0xF644,0xFDE8,
    0x073B,0xF13F,0xF6D0,0x0C1A,0x0321,0xF457,0x09B5,0x081A,0xF17C,0x071F,0x0A3C,0xF67C,0x04BA,0x0A92,0xE9A6,0x04E8,
    0x13F6,0xEE1E,0x001B,0x104E,0x02F9,0xFEF6,0x0A26,0x02AE,0xF5AF,0x064B,0xFE06,0x0464,0x0050,0xFDED,0xF7AA,0xFA24,
    0x0F7E,0x056E,0x0223,0xFC40,0xFC5B,0xFE4A,0x0406,0x0935,0x061B,0xFDF5,0xF228,0x03BA,0x07C5,0x0180,0x04FB,0xF9C5,
    0xEBD9,0xFE10,0x079E,0xF9E2,0x0CFE,0x0C47,0xF4D4,0xF115,0x0FE0,0x0111,0xF745,0x07C2,0x00D0,0xF255,0x0765,0x0DB5,
    0xE8F4,0xFFBD,0x074B,0xEB82,0x02A1,0x06AC,0xF21E,0xFB01,0x0C71,0xFC75,0x009B,0x0242,0xF425,0x0453,0x0E8C,0xFD04,
    0xFE9A,0x0876,0xF66C,0xF495,0x04A9,0x09D2,0x08E3,0xFA62,0xF98E,0xF9F0,0xFFD2,0x0CE7,0x0B3E,0x0648,0xFEBD,0xF160,
    0xFE5A,0x0B46,0xF87F,0xFA3D,0x02EB,0xF256,0x00E7,0x0F57,0x010A,0xFFB2,0x0662,0xF530,0xF535,0x1094,0x0518,0xFDC8,
    0x0C25,0xFD2F,0xF524,0x0093,0xF8A4,0xF57E,0xF541,0xFFFC,0x01CB,0x059B,0x07B5,0x0739,0x1674,0x10A8,0x0507,0xFB8D,
    0xECE8,0xE91A,0xEBBD,0xFFD5,0x008D,0xFFB0,0xFB67,0xFA96,0xFF38,0x0C8D,0x0BD6,0x012F,0x08EE,0x03E1,0x03FF,0x0CE6,
    0x0EC0,0xFB35,0xFFA8,0x08D3,0xF64B,0x04A3,0x044F,0xE362,0xEE21,0xFBEF,0xED6C,0xF80E,0x0316,0xF226,0xFC5B,0x119E,
    0x0D90,0x0EE0,0x16D7,0xFFB7,0x04B8,0x1633,0x00B7,0xFBA0,0xF757,0xED67,0xF398,0xFBC9,0xFCCA,0xF42B,0xEED1,0xF568,
    0xFC79,0xFBDA,0x06C9,0x0933,0x0B4C,0x1547,0x0DDA,0x0DC8,0x1444,0x0549,0xEDCC,0xF5EF,0x01F3,0xF4A9,0xEEBA,0xEEDF,
    0xEFB5,0xFFD7,0x017B,0xF511,0x05FE,0x0717,0xFE8D,0x159E,0x1B31,0x0CE4,0x08AC,0x0D76,0xF5F9,0xFE58,0x0FC4,0xE95F,
    0xDB80,0xF112,0xE826,0xF133,0x00BC,0xF901,0xF957,0x062A,0x0111,0x0AC8,0x170C,0x0AA0,0x0926,0x1A90,0x0CD9,0x06DC,
    0x0B93,0x0109,0xF6EE,0xFF16,0x03C7,0xFC60,0xFB19,0xFD44,0xEFF5,0xF860,0x0D9A,0x042E,0xFE94,0x05C1,0xFE38,0x02FE,
    0x1072,0x0068,0xF17D,0xFC29,0xFB98,0xF99B,0x0609,0xF666,0xE849,0x018C,0xF681,0xF16B,0x15D0,0x17E2,0x0642,0x0694,
    0x0BD9,0xF78E,0xEFFD,0xF8EC,0xEF23,0xF6B5,0x061E,0x0545,0x0009,0x02EE,0x0134,0x05B9,0x074E,0x07B6,0x030B,0xFD8E,
    0xF017,0xF4CF,0xFC16,0x03D2,0x039A,0xFF36,0x0383,0x00AB,0x0DE2,0x05F0,0xF478,0xFF7B,0x0416,0x0036,0x01D5,0x0A19,
    0xF48C,0xEF36,0x08AC,0xFE7A,0xFB0E,0x107D,0xF8BA,0xE9B1,0x04F5,0x03BF,0xF8DC,0x0A88,0x040C,0xF88F,0x073B,0x05C6,
    0xFF82,0x0817,0xFB78,0xE791,0xFFA3,0x0B93,0x0726,0x063A,0xFA8A,0xFB30,0x01E8,0x08DD,0x0188,0x00D8,0xFC8D,0xFB67,
    0x0619,0x03C5,0xFDAE,0xFC5C,0xF946,0xFCB5,0x0274,0x092D,0x0485,0xF850,0xFAA4,0xFD9E,0xFF76,0x08F0,0x06E7,0xF539,
    0x054D,0x04D5,0xF099,0xF8ED,0x01F2,0xF9DD,0x0122,0x10D2,0xFDE1,0xFD2C,0x0517,0xE76F,0xF758,0x1D18,0x0BF3,0xFC75,
    0xFAC4,0xF6A5,0xFAD8,0x0D04,0x0483,0xFF73,0x0544,0xF99B,0x03BF,0x0EB6,0x0287,0xF28B,0xF580,0xFE0D,0xFFD2,0x1466,
    0x097F,0xF01F,0xF64B,0x0104,0xFF73,0xFB13,0x08ED,0x05D4,0xF22B,0xFEEA,0x07C0,0x0063,0xFF76,0xFFC3,0xF61F,0xFD2D,
    0x0E21,0x08E6,0xFF85,0xF87F,0xF89B,0x01A8,0x0E37,0x0397,0xFCAE,0xFFD7,0xF9EB,0x0230,0x06AF,0xFD91,0xFC4E,0x0466,
    0x0143,0x0043,0x00CD,0xFA61,0xF81D,0xF88F,0x0098,0x0DAD,0xFBAD,0xF843,0xFEB1,0xFD47,0x02F4,0x1085,0x07AD,0xF97B,
    0x009F,0x0734,0xFF92,0xF99E,0xFD91,0x0365,0xFBBF,0xFBA5,0x0721,0x0407,0xFBBD,0xF6A0,0xF55E,0xFD99,0x0B14,0x06F4,
    0xFD71,0xF73D,0xF371,0x0723,0x053F,0xF4C7,0xFCDD,0x029C,0xF9F0,0x06F9,0x0E7C,0xFD64,0xF9FA,0xFE7F,0xF101,0x008B,
    0x18AB,0x0CFB,0xFD9B,0xFE8F,0xF84A,0xF5F5,0x081D,0x04F3,0x02AE,0x0B47,0xF3DE,0xEC78,0x0300,0x021D,0x0151,0x081F,
    0x0010,0xF35E,0x0537,0x02AE,0xF3DE,0x03F7,0x13AC,0xFCAB,0xF963,0x01D3,0xFF7D,0xFAB3,0x00FA,0xFF98,0xFE91,0x02B1,
    0xFC17,0x0724,0x0FB1,0xF83E,0xF526,0x0591,0x0075,0xFA08,0x116E,0xFFB7,0xEF80,0x030C,0x02F6,0xF808,0x0D45,0x0DEC,
    0xFA2F,0xF718,0xF8F9,0xFBEC,0x05F0,0x0D35,0xFCD5,0xFC40,0xF829,0xF580,0x0F87,0x0E0F,0xF268,0xFE55,0x043E,0xF5B0,
    0xFCBA,0x0F10,0xFACB,0xF428,0x05E4,0x021A,0xF423,0x0306,0x0555,0xF939,0xFD02,0x089B,0xFF63,0xF7BB,0xFF19,0x0141,
    0x002E,0x0940,0xFA6F,0x000E,0x02AC,0xF67E,0x02A2,0x12B1,0xFA0D,0xFC95,0x09D2,0xFA99,0xF9BA,0x10C5,0xFF95,0xEA84,
    0x069F,0x0B4E,0xF9DE,0xFFF8,0x02DC,0xF97B,0xF3FD,0x04A6,0x0702,0xFD93,0x02D1,0xFBD5,0xF93E,0x024C,0x0279,0xFFFC,
    0xFF9D,0xF671,0xFBC4,0x0AFA,0xFF7B,0xFAAB,0x0ACB,0x01C3,0xEDD6,0x05D3,0x0DF9,0xF6C0,0xFD97,0x0942,0xF811,0xF924,
    0x0984,0x0370,0xFF69,0xFFB2,0xFC80,0x00C0,0x0893,0xFD18,0xFDC6,0x0169,0xF72D,0x008F,0x0A34,0xFAE8,0xFF56,0x0F0B,
    0xFC6E,0xF43F,0x034B,0xFF43,0xF5B0,0xFFAA,0x086F,0xFE82,0x043C,0x0447,0xFA79,0xF858,0x0594,0x0242,0x057A,0xFE1E,
    0xFC40,0x03F9,0x0A76,0xF8CF,0xF9CA,0x0DEA,0xFC56,0xF4C7,0x0DE7,0xFD7E,0xF12B,0x0839,0x0F07,0xF722,0x013C,0x0739,
    0xFDE9,0x039F,0x03E4,0xF924,0x017B,0x00BA,0xFBEA,0x005D,0xFBBC,0xF6F3,0x06F1,0x0157,0xF7B6,0x04E3,0x0A59,0xFE20,
    0xFC50,0x0388,0xFCAB,0xF78C,0x0677,0x0B25,0xFDCC,0xFBAF,0x0090,0xFC7B,0x034A,0x0D1B,0x02E6,0xFC96,0xFEE6,0xF5B5,
    0x0218,0x06A9,0xF878,0x02A2,0x05FD,0xF130,0xFF13,0x13C2,0xFA6E,0xF70A,0x0B49,0xFA42,0xF699,0x0DB2,0x055D,0xF44D,
    0x003E,0x009F,0xFDBE,0x02F6,0x01B9,0xFED4,0x02F9,0xFD66,0xFBD5,0x0824,0x003B,0xF9D8,0x00B7,0x01DE,0xFD08,0x01B3,
    0x039F,0xF2E5,0xFA6C,0x0FD3,0x01AE,0xF641,0xFE8D,0xFF29,0xF639,0x037B,0x08C6,0xFB58,0x029A,0x0020,0xFAB7,0x03B7,
    0x012E,0x014B,0x0923,0xFA2A,0xEF23,0x1524,0x0A88,0xEEAC,0xFFDA,0x0FA2,0xF586,0xFAEB,0x0FB9,0xF727,0xF6BB,0x041C,
    0x0049,0xFB72,0x005D,0xFCA5,0x00E0,0x0030,0x0733,0x0A43,0xF9AB,0xEF12,0x0375,0x055D,0xFDFD,0x0812,0x0518,0xF41D,
    0x0660,0x0CB7,0xFD07,0x0126,0x03F7,0xF6D1,0xFA59,0x107D,0x0FF1,0xE804,0xF22E,0x113C,0x02EC,0xF7CC,0x0B04,0xFD2A,
    0xF4D1,0x04AB,0x03B8,0xF362,0xFEE7,0xFDA9,0x0141,0x0CF6,0x00DF,0xFBCC,0xFD2C,0xF624,0x0416,0x0AED,0xFADB,0x00E7,
    0x0841,0xF9A1,0xFC9D,0x0DEF,0x0112,0xED6F,0xFD1F,0x0406,0xFCA2,0x0378,0x08E0,0xFA38,0xF3CD,0x0039,0xF9EB,0xFC29,
    0x05BE,0x0883,0xFE2E,0xF816,0xFF01,0xFA84,0xFB72,0x0640,0x050A,0x00B8,0xFC33,0xFE77,0x0839,0x0498,0xF89D,0x0345,
    0x0B51,0xF7B6,0xFD0C,0x0E09,0xF57E,0xEF43,0x12D3,0x036F,0xF6D0,0x05F8,0x00F5,0xFB26,0x0078,0x0698,0xFEFF,0xF9AB,
    0xF24C,0xFF13,0x0439,0xFD93,0x03DF,0x00D4,0xF3E3,0xFBF6,0x1709,0x11DD,0xF0D9,0xF5FC,0x02C9,0x05E4,0x083F,0x0CD3,
    0xF784,0xEF44,0x03E5,0xFCE0,0xFD22,0x0E90,0x0414,0xEDEE,0xF95C,0x0BF8,0xF162,0xFE43,0x09FB,0xF946,0xFA71,0x09EC,
    0x01B5,0xF833,0xF84B,0x09EE,0x0E8B,0xF95E,0xF3F0,0x03BA,0x0B3F,0x0186,0x0555,0x0500,0xF351,0x0255,0x0663,0xFBCD,
    0x07A8,0x07FF,0xF7B9,0xFC8D,0x0401,0xF68E,0x0189,0x08B4,0x0043,0xEE03,0xF8A5,0x06E2,0x02E9,0x07CD,0xFC26,0xF16A,
    0x01B9,0x0F97,0x02CF,0xFD6A,0x04A9,0xFD22,0xF5DA,0x07D5,0x0977,0xF62F,0x04C2,0x0292,0xF563,0x0BF0,0x09B4,0xF667,
    0xFA3F,0x0CDB,0xF209,0xEF43,0x0E41,0x01F5,0xE4D4,0x0640,0x15E8,0xF9B8,0xF7C6,0x07E8,0xF7DE,0xEF6B,0x0A20,0x1085,
    0xF995,0xFB23,0xFA27,0xFFE5,0x0C91,0x0E59,0xFE1E,0xF298,0xFCFF,0x02C7,0x07EC,0x0A78,0xF2FF,0xF1B2,0x02C7,0x0B0A,
    0x03FC,0xFFF7,0xFB2D,0xF619,0xF771,0x065A,0x0C3D,0xFCDF,0xF329,0x02C6,0xFD59,0xFBFA,0x0789,0x0EC1,0xFDB3,0xF6D8,
    0xFC0C,0xFF38,0x06B5,0x02AE,0xFC2F,0x02D3,0x0E31,0x06B2,0xF450,0xF8F2,0x09BA,0x0281,0xFAA6,0x080F,0xFCAD,0xEEE2,
    0xFD2C,0x0781,0x040E,0x07FF,0x0026,0xEDC7,0xFFCF,0x0F65,0xFB57,0x014E,0x0085,0xF4AC,0xF1E6,0x1D4D,0x0D50,0xF46F,
    0xF956,0x02FB,0xF732,0x0BCD,0x1682,0x023C,0xF477,0xF539,0xEC8C,0xF968,0x1902,0x0D19,0xFC81,0xF9EA,0xF6DB,0xFE20,
    0x0AFA,0x0171,0x0149,0xFC43,0xF804,0xFBAC,0x03E7,0xFF6D,0xFB9A,0x0346,0xF833,0x0093,0x02AA,0xF8A0,0x01C6,0x0608,
    0x0080,0x04E7,0x010D,0xF270,0xFC95,0x0E7C,0x0685,0xF0CE,0xFBA7,0x02F1,0xF7F4,0x0B31,0x1210,0xFD29,0xF1E7,0xF612,
    0xF29B,0xFF96,0x1330,0x00A5,0xF366,0xFEDE,0xF9A6,0x040C,0x1D83,0x09E1,0xEFFF,0xFA86,0x0422,0xF67E,0x0886,0x1286,
    0xF85E,0xF1B2,0x070F,0x01E5,0x0090,0x0C06,0x01A5,0xF703,0x0488,0x047E,0xFAB1,0x0378,0x069F,0x0179,0xFF9D,0xF6A9,
    0xF9DA,0x0A41,0x0014,0xFD81,0x0353,0xFF07,0xF841,0xFBCD,0xF926,0x0498,0x1573,0x00FF,0xF904,0xF895,0x07E5,0xFDE5,
    0x072F,0xF9DD,0xF9A3,0x02FE,0x05CE,0x035B,0xFE92,0x062D,0xF1EF,0xE732,0x0557,0x0D1C,0x041A,0x03E5,0xFB75,0xEB18,
    0xFED4,0x09D4,0xFD1A,0x0837,0x0035,0xF393,0x0508,0x0945,0xFD6C,0xFA0B,0xFC23,0xF8E7,0x0520,0x087F,0x01F8,0xFD7E,
    0xF629,0xFC2C,0x06CC,0x045E,0xFCAD,0xF9B0,0xFF49,0x02B7,0x00EF,0x05CE,0x04D3,0xFCB5,0xFBBC,0xFA4A,0x02D1,0xFD02,
    0xF524,0xF609,0x05C9,0x13C5,0x0E3E,0x092B,0x00AF,0xF3D8,0xF6B0,0xFF09,0xFC0E,0xF75A,0xFF28,0xFD8E,0x0789,0x1063,
    0x0980,0x050F,0x0A46,0x04A8,0x0335,0x0FF1,0xFEC2,0xEAF1,0xF10B,0xF223,0xE8E2,0xFC69,0x0107,0xF05C,0xFE10,0x06C5,
    0x073C,0x0E24,0x13B7,0x07CF,0x0896,0x17A5,0x0DF5,0x07C2,0x053F,0xF504,0xF10E,0xFE0A,0xF2AD,0xF02D,0xF07A,0xE7B4,
    0xDF12,0xF84E,0x0A2C,0x003B,0x0E4C,0x0EE0,0x0BC1,0x14B7,0x1CA9,0x07B3,0xFA6E,0xFCE3,0xEF73,0xF830,0x0BC8,0xF70A,
    0xF00A,0x039C,0xF901,0xF656,0x002E,0xF447,0xF10D,0x05B3,0x0227,0x07B3,0x1587,0x0421,0x0207,0x092B,0x049D,0x02C4,
    0x08CE,0xFFD5,0xF22C,0xF6DB,0xF5F1,0xF0D8,0xF081,0xF3C5,0xF43F,0x03F4,0x0F38,0x00CC,0x07CF,0x0A6D,0x0AB3,0x0856,
    0x1743,0x13BC,0x035B,0x01CE,0xF676,0xEC43,0xF37B,0xF02F,0xE15B,0xF55E,0xF860,0xF1EE,0x02AC,0x0650,0xFF66,0x0BC3,
    0x15B8,0x0A33,0x0C35,0x15F5,0x034B,0x02BC,0x100E,0x0060,0x0010,0x09EF,0xFF63,0xF4E3,0xFEB7,0xF73C,0xF1E4,0x01DE,
    0xF9DE,0xF769,0x0ABB,0x0701,0xFE01,0x0D6D,0x07A5,0x024C,0x0CDB,0x0173,0xEA4C,0xF1A5,0x0111,0xF376,0xF3FA,0xFCB6,
    0xFB8F,0xFE72,0x103B,0x0AB5,0x0021,0x0E5C,0x0640,0xF6D8,0x055F,0x035E,0xF491,0x029C,0xF7FB,0xEC96,0x098D,0x0C25,
    0xF455,0x0402,0x0D66,0xF094,0x04A0,0x159E,0xFBC7,0xF906,0x06D5,0xF595,0xF676,0x0650,0x00F4,0x06F7,0x07EA,0xFD34,
    0xF764,0x0020,0xFC46,0xFB4A,0x05E4,0x04A5,0x0041,0x01C0,0x07C0,0xF866,0x0342,0x07C5,0xF2ED,0xF31C,0xF94F,0xF6B5,
    0x08A1,0x12D1,0xF725,0xF22C,0x03E2,0x0512,0x06EE,0x09D7,0xF0C1,0xF08F,0x082F,0xFF1C,0x04E2,0x0E0C,0xFDD8,0xF79C,
    0x03D1,0xFD1D,0xFC5C,0x0FFC,0x0287,0xF087,0xFDE5,0x06E7,0xF7D4,0x0751,0x0C62,0xF63F,0xFB8A,0xFF9D,0xF7D6,0x039F,
    0x0587,0xF4B9,0xF56A,0x08E8,0xFD42,0xFA3D,0x06FE,0xF939,0xF9A3,0x0BF5,0x038B,0xF4AE,0x07CD,0x034E,0xEFAA,0x03C2,
    0x136B,0xFD1C,0xFCCF,0x0768,0xF108,0xFB32,0x0FB9,0xFD54,0xFF93,0x022F,0xF26D,0xFB57,0x0ABD,0xFC64,0xFC2F,0x0433,
    0xFF7A,0xFE1A,0x069D,0xFDCB,0xFD0F,0x01D8,0xF796,0xF7FB,0x01F5,0x01F6,0x063E,0x0FAE,0xFB28,0xF0E6,0xFAA1,0x0900,
    0x10DF,0x0E19,0x0189,0xED30,0xEEEC,0x0277,0x0C08,0x1181,0x0F72,0xF6DD,0xF5CD,0x0486,0xFDE9,0x07E3,0x1070,0xFA6A,
    0xE9BE,0x0157,0xFD96,0xF730,0x1384,0x0362,0xE8E4,0x03BD,0x129C,0xFF96,0x0610,0xFDBC,0xECE0,0xFFE4,0x06E2,0x0141,
    0x0D41,0x0B22,0xF4C7,0xFB6D,0x041F,0xFD8C,0x04CB,0x06BC,0xF228,0xF38E,0x00C2,0x03F9,0x0481,0x0897,0xFF1B,0xF3F0,
    0xF9C5,0x0AFC,0x01DE,0xFC64,0x0269,0xFD17,0xF197,0xFDEE,0x06A0,0xFD24,0xFA2C,0xFA77,0xFE2A,0x0545,0x0021,0x04A0,
    0x04DA,0xF897,0xFD4A,0x09DC,0x004E,0xFA20,0x0086,0xFEE7,0xFB9F,0xFF9D,0x098A,0xFDA9,0xEFFD,0xF1C2,0x0C1A,0x0810,
    0xFD15,0x09CA,0xFC39,0xF55D,0x0BDE,0x093A,0xF7D4,0xFB62,0x04A8,0xFFD8,0x011F,0x075E,0x056A,0x008A,0xFE4B,0x01AE,
    0x00B0,0x0059,0x0770,0x06BF,0xF8BC,0xF6D8,0xFEDA,0x0814,0xFFD4,0xFFB5,0x0792,0xFF8A,0xF0D6,0xFE95,0x0EE3,0xFC1C,
    0xFD18,0x0796,0xF690,0x038D,0x154E,0xFFC2,0xF80B,0xF853,0xFB1B,0x01BD,0x00A2,0xFB9A,0x0908,0x087F,0xECD2,0xF77A,
    0x0793,0xF565,0xFF39,0x14E4,0x02DC,0xF2E7,0x02F3,0x006B,0xF2E0,0x0510,0x0CBC,0xF73A,0xFAB3,0x01FA,0xF98D,0x027A,
    0x0AE5,0x03EF,0xFB42,0xFC49,0xF59D,0x0131,0x06EA,0xFB85,0xFE28,0x02EC,0xF62F,0x0011,0x1065,0xFEA1,0xF064,0x079D,
    0x0199,0xF12A,0x07F7,0x08AB,0xFA3A,0x03DC,0x0510,0xF9BB,0x0431,0x0C72,0x00B0,0x000C,0x00DF,0xF5C4,0x05BB,0x0404,
    0xF5FA,0x0877,0x02DE,0xF3FA,0xFDD1,0x0630,0xFA8F,0xFEAA,0x0FD4,0xFF7D,0xF160,0xFE70,0x071C,0xF90F,0xFFE4,0x0EF8,
    0xF5BF,0xF65E,0x06D4,0x08C0,0x062D,0x034D,0xF47D,0xFB9A,0x0623,0x0028,0x07D5,0x0CA9,0xEE3E,0xF771,0x0926,0xFFF4,
    0x0372,0x0C10,0xF740,0xED69,0x0244,0x09CC,0xFABC,0x0068,0x05A4,0xF7F9,0xFDEB,0xFC0C,0xFEAF,0x0719,0xFF31,0xFDF8,
    0xFFD8,0x015F,0xF9AB,0x04F2,0x07B0,0xF9B1,0xF8F9,0x03B7,0x01CB,0xF961,0x0B77,0x0485,0xF3D9,0xFED4,0x003E,0xFA02,
    0xFE3A,0x0DDD,0xFC04,0xF20E,0x062E,0xF84B,0xF0B1,0x0658,0x064F,0xFF69,0xFD12,0x0313,0x0525,0x0750,0xF803,0xFCAB,
    0x0810,0xFE13,0xFC69,0x0E54,0x05CC,0xF4C4,0x09B1,0x0049,0xFA9B,0x0A48,0x1019,0xF393,0xFD67,0x06A5,0xFB60,0x012C,
    0xFBAC,0xF6E5,0x01E3,0x05B9,0xFBF4,0x0086,0xFDC8,0xF01F,0x01CD,0x0B3A,0xF725,0xFD44,0x0454,0xFCE0,0xFA71,0x0A0B,
    0x01B1,0xF47A,0x0220,0x06EA,0xF924,0xFE7F,0x05A3,0xF84A,0x001E,0x080F,0xFE35,0x044B,0xFA86,0xF36C,0x04E0,0x0542,
    0xF160,0x06DE,0x0E98,0xF1A2,0xF4A4,0x0FEE,0x01C5,0xEE0B,0x03B0,0x0642,0xFC48,0x02A6,0x0544,0xFD6E,0xFD5E,0x01B8,
    0xFE13,0x024A,0x04C5,0x03C2,0xFE4F,0x00C5,0xFA7A,0x03F9,0x01A6,0xF6E8,0x0727,0x0AB7,0xFAA4,0xFA45,0x0565,0xFB1E,
    0xFA3A,0x0D00,0x0398,0xF5E0,0x0564,0x027D,0xF9B3,0x080D,0x0770,0x015B,0xFFB2,0xFB11,0x00A7,0x048E,0x017B,0xFC5E,
    0x0230,0xFBE4,0xF561,0x106B,0x0ADD,0xF12B,0xFCCD,0x0AD7,0xEE85,0xFF73,0x175D,0xFF2E,0xECF3,0xF97E,0x067A,0x066B,
    0x03F7,0xFCDD,0xF25D,0x099D,0x07CD,0x066A,0xFF6D,0xEB31,0xFDFB,0x0C65,0x04FD,0x02E3,0xFD0C,0xEA47,0x0068,0x1758,
    0x0668,0xF2E7,0x042F,0xFD24,0xF852,0x159C,0x0E04,0xEEA7,0xF19C,0x0A24,0x01BD,0xFE92,0x0C54,0xFF39,0xEB4E,0x02CB,
    0x1185,0xEDD9,0xFC46,0x0A61,0xF840,0x001E,0x0C28,0xF3ED,0xF1E9,0x062B,0x052F,0x0443,0xFBB1,0x02C3,0xF81E,0x0FA2,
    0xF9C0,0x081C,0x0444,0xF6DE,0x03E1,0x02B2,0xF2B5,0xFB97,0x0F3D,0xF66E,0xF7DC,0x0C8A,0xF8D7,0xFFEA,0x087C,0x05CE,
    0xF5EC,0xFF88,0x0257,0xF16B,0x0313,0x0AB3,0xF5DD,0xEFE3,0x0C8D,0xF99D,0xFC4B,0x11A6,0x0723,0xEF06,0x01A0,0x0F69,
    0xFA18,0x024A,0x02EB,0x045B,0xFEDA,0xFBA5,0x008D,0x0997,0xF484,0xF6C3,0x0E88,0x11A1,0xF6C0,0xFFDA,0xF268,0xF51C,
    0x0C3A,0x0FBC,0xF7DC,0xFB1B,0x0537,0xEE35,0x0945,0x128F,0xEA37,0xF38B,0x0345,0x0717,0x02E3,0x0B05,0xFBCC,0xF2DF,
    0x02F4,0xFFE5,0x0886,0x0D6A,0xFBEA,0xF160,0x093A,0x06EA,0x006A,0x047B,0xF9CE,0xFD6A,0x0751,0xFD71,0xF231,0xFD0D,
    0x0866,0xF7F9,0xFEA1,0x0D13,0xFF4B,0xF2CF,0x082A,0x0489,0xEE25,0xFDAC,0x0805,0x023A,0xF6FB,0xFCB5,0x0680,0x023C,
    0xFD86,0x054A,0x0356,0xF503,0x1178,0x0F3F,0xF30F,0xFF07,0x037B,0xFC13,0xFE9A,0x0D92,0xFD6E,0xE9B1,0x06D5,0xFEA1,
    0xF152,0x0FEC,0x05DE,0xEA17,0xF3EB,0x11EF,0x04D6,0xFBE1,0x028C,0xFF0C,0xE79D,0x08D0,0x1B4F,0xF53D,0x0798,0x04DD,
    0xF072,0x06CC,0x105E,0xEC7C,0xFC83,0x1596,0xFBEA,0xF055,0x0518,0x0244,0xEFA0,0x0AA5,0x0FFC,0xF6DD,0xFDD3,0xF96B,
    0xF33F,0x0643,0x0549,0x0845,0xF968,0xEFC5,0x040C,0x106D,0x0085,0xFCE5,0xF7E4,0xFEFE,0x0CA4,0x042C,0x1527,0x06D4,
    0xF464,0xFCAA,0xF607,0x07C3,0x11CB,0xFD6F,0x050F,0x06AF,0xE607,0xF61C,0x0932,0xFEA4,0xFC70,0x07D2,0x02D1,0xF892,
    0xFE7F,0x0608,0xF5CF,0xFA2D,0x04B3,0xF8B4,0xF5B7,0x076B,0x071E,0xF219,0xFD18,0x04C8,0xFD84,0xF25D,0x01E2,0x0D8D,
    0xF7A7,0xF4F3,0x00A7,0x0358,0x041A,0xFF0B,0xFEE1,0xFA97,0xFECC,0xF9D8,0xFAF1,0x0EE5,0x052A,0xF946,0x0202,0xF7DF,
    0xF893,0x0ADD,0x036A,0x011C,0x05CC,0x011C,0xFB05,0x068C,0x0AD0,0xFDCE,0xFFC5,0x07F0,0xFDA4,0xFB65,0x14FA,0x0884,
    0xF694,0xFD29,0xF777,0xF97C,0x0B54,0x0C7C,0xFBE2,0xF8D4,0xFCAD,0xF174,0xFF88,0x102E,0x0AC3,0x0453,0x0107,0xFAF9,
    0xF3EE,0xFC7E,0x02B4,0x03A8,0x0D09,0xFCED,0xF384,0xF66C,0xF845,0x1018,0x08E5,0xF86E,0xFF78,0xFEF4,0xFCD7,0x051A,
    0x0886,0xFBA2,0xF0DE,0xF481,0xFC73,0x05A6,0x157E,0x020F,0xEB55,0xF4E7,0x0132,0x0194,0xFE9F,0x0707,0x04E8,0xF8C5,
    0xFEDF,0x0724,0xF961,0x01FA,0x0078,0xF8FA,0xFEE7,0x0269,0x0109,0x0918,0x0773,0xF337,0xF90E,0x040E,0xFE1B,0x09C2,
    0x0D6B,0xF5A8,0xF94C,0x0805,0xFD93,0x042C,0x040C,0xFB4E,0x01A3,0x01C3,0xFE1B,0xFEB5,0xFF6B,0x01FA,0xFC31,0xFD9B,
    0xFAF1,0xF9CB,0x05E8,0x0FCC,0x09C6,0xFDEB,0x021B,0xF4B4,0xEE83,0x0DE5,0x0957,0xF00D,0xFB53,0x04C8,0x0335,0x103E,
    0x1090,0xF57B,0xF15A,0xFB28,0xFDDD,0x08C9,0x0000,0xF576,0x03EF,0x08A1,0x04BD,0x0EE0,0x0DE5,0xF26B,0xF1D2,0xF904,
    0xEC9E,0xEF29,0xFF03,0xFADE,0x0363,0x09D1,0x0C95,0x0C22,0x0DA7,0x09DE,0xFDF3,0xFFC3,0x0398,0xF443,0xEFF8,0xFD54,
    0xF27D,0xFAEB,0x09A1,0xF4AF,0xFA55,0x03CA,0x055D,0x0DC0,0x0DFD,0x022A,0x023C,0x0CDF,0x0C0A,0x0C47,0x0B3E,0xF58E,
    0xEE8A,0xFD04,0xF5B0,0xEF80,0xFBBD,0xF3FB,0xED61,0xFBFF,0x075E,0xFE3A,0x0B21,0x1394,0x09C6,0x1591,0x0B67,0xFFEC,
    0x0724,0xFE88,0xFC2E,0x028F,0x0174,0xFE88,0xF7EE,0xF81E,0xF1FB,0xEFCB,0xFE0A,0xFDF1,0xFA35,0xF9EB,0xF0A9,0xFF28,
    0x112E,0x0789,0xFC61,0x044B,0x068D,0x054C,0x1A62,0x091B,0xEF9D,0xF35F,0xEA2D,0xEBBF,0x0930,0x03D7,0xFAE6,0xF831,
    0xEE67,0xFE72,0x11E5,0x1912,0x14B2,0x07F4,0x0992,0x037D,0x07AA,0x0B4F,0xFF56,0xF5F7,0xF78A,0xF669,0xF211,0xFAFD,
    0xF5C5,0xE6E6,0xF8D2,0x0020,0xF5BB,0x0A9F,0x1106,0x088C,0x10D4,0x00C2,0xF325,0x0BBE,0x13F1,0xF752,0xF8A8,0x09AF,
    0x005E,0xFFF2,0x0551,0xF2B3,0xF15A,0xF42A,0xEEC2,0xF996,0xFF20,0xFF96,0x02B7,0x006D,0x089B,0x0A7B,0x052C,0xFDC9,
    0xF654,0xF6BB,0xFD9E,0xF873,0xF0AE,0xF703,0x09FF,0x13EA,0x08F9,0xFD86,0x0A50,0x0FE9,0xFCC2,0xFDF8,0xFE91,0xF9C6,
    0xF6C1,0xFF03,0x04CD,0x06F2,0x0AEA,0x0059,0xFF66,0x0EF2,0x0A0C,0xFB9C,0x0662,0xFE58,0xF43A,0x030E,0x00B5,0xF868,
    0x0220,0x03C7,0x00F2,0x08F5,0x096C,0xFEAF,0xFEC2,0x029A,0x052A,0x0876,0x0289,0xF7F0,0xFEA1,0xFD45,0x03EC,0xFD59,
    0xFC23,0xF666,0xF3EB,0x0350,0x05BB,0xF2CD,0xF78E,0x06A2,0xFE8F,0xFD9F,0x0945,0x04CE,0xF520,0x02A1,0xFD18,0xFABE,
    0x046E,0x00FD,0xFC0F,0xFBFC,0xF3FB,0xFB8A,0x09D6,0x0424,0xFEDA,0xFD6A,0xFEE2,0x05EB,0xFE4D,0xFFB3,0x00BC,0xFE12,
    0x00D4,0x05C8,0x03BC,0xF71F,0xFB94,0xFE9F,0xF887,0xF921,0x0807,0x0886,0xFC9D,0xF6E0,0xF63C,0x051D,0x1106,0x08D1,
    0x08C9,0x0483,0xFD71,0x084E,0xFD9E,0xFAB1,0xFDA4,0xF980,0x0144,0x0BA9,0x0ADF,0xF968,0xEF4C,0xFD6C,0x0834,0x03E1,
    0xFAA3,0xFD7A,0x052D,0x046C,0x083D,0x0183,0xFA6C,0x0471,0xFA96,0xF649,0x08E3,0x0B1D,0xFB43,0x001E,0xFA15,0xEE18,
    0x026D,0x0DF5,0xFD69,0xFFF2,0x0422,0xFF51,0xFF75,0xFF6B,0xFAD3,0xFD4F,0x0144,0xFDF8,0x04BD,0x0153,0xFD42,0xFB9F,
    0xF878,0xF30A,0xFF04,0x088B,0x0562,0xFCB5,0xFC6E,0xFCD8,0xFF14,0xFBD2,0x0900,0x090B,0xFE53,0xFF4E,0xFF3E,0xFB98,
    0xFD6E,0x00FA,0xFB42,0xFDB6,0x0953,0x0383,0xFBEC,0xFE6D,0x024D,0xFE32,0xF9A9,0xFD74,0x0443,0x0881,0x0126,0xFD2C,
    0xFB7B,0x02BE,0x01A1,0xFA65,0x0250,0x052F,0xFE2B,0x0039,0x0390,0xFF03,0x0319,0x07D7,0xF990,0xFDAC,0x0C3B,0xFF53,
    0xF5E8,0x0507,0x0245,0xFA1C,0x0579,0x0166,0xF87F,0xFE1E,0xFB6B,0xFC73,0x0622,0xFB2B,0xFF59,0x0479,0x00B3,0x0872,
    0x0869,0xF3F2,0xFB33,0x06AA,0xF848,0x0018,0x0E9B,0x005B,0xF494,0xFEAF,0x0362,0xFB28,0xFA67,0x037B,0x08CC,0xFD12,
    0xFC68,0x0DFC,0x0769,0xF1EA,0xFCED,0x07E8,0x00F4,0x03FE,0x0549,0xF8AA,0xF5FC,0xFCA3,0x01D0,0xFDD1,0xFA51,0x02AE,
    0x01C9,0xFB8C,0x04CD,0x0C0B,0xF7DE,0xF944,0x0638,0x076D,0x04BD,0xFB9C,0xF8CA,0xFDB3,0xFDAE,0x055A,0x0A28,0xFC27,
    0xF1CA,0x075B,0x086C,0xFA8A,0x0800,0x04E7,0xEC7C,0xF4A9,0x092B,0x06AF,0x04B2,0x0109,0xF3E5,0xF602,0xFB90,0x042B,
    0x0642,0xFF34,0xFED9,0x0029,0xFC49,0xFF0E,0x0953,0x0A9B,0xFCD0,0xF4D7,0x0569,0x0AF4,0xFE30,0xFD86,0x07EC,0xF420,
    0xF7FE,0x13D9,0x08AB,0xFC63,0x0DED,0x02EB,0xEF59,0x0227,0x04FA,0xF59F,0xFE55,0x06BD,0x0476,0x02F8,0xF5A0,0xF168,
    0x05B1,0x022F,0xFCF8,0x0C3B,0xFC60,0xEE75,0x06E1,0x0D26,0xFC58,0xFF61,0x016E,0xF56D,0x0104,0x12F8,0x03D7,0xF81E,
    0xF9E2,0xF506,0xFF29,0x0CB4,0x01FF,0xF598,0xFA42,0xF8E1,0x0299,0x0F7E,0xFEA1,0xF00D,0x0356,0xFF48,0xF209,0x01C6,
    0x0230,0xF381,0x0B2C,0x1454,0xF62A,0xF678,0x0AC2,0x056E,0x0469,0x0E0E,0x01B0,0xF0C3,0xFC9B,0x0230,0x0C89,0x0A90,
    0xFB95,0xF54B,0x04CD,0xF818,0xF64F,0x0F1A,0x012A,0xF4F6,0x0CAA,0xFDE8,0xECC8,0x0864,0x09B4,0xF3B3,0xFD15,0x05AB,
    0x01B0,0xF774,0xFFE2,0x05A4,0xFC66,0xF74A,0xFE23,0x0468,0x079A,0xFF9D,0xF6FE,0xFF82,0x0694,0x0163,0x07CA,0x02DE,
    0xEFE3,0x050D,0x0B57,0xEF4B,0xFEC7,0x0DF4,0xF3E5,0xFF75,0x0C85,0xF6B9,0xF195,0x01F0,0x0127,0xFD0C,0x0072,0xFE95,
    0x04D8,0xFFF7,0xFD7C,0x0328,0xFBF9,0xEFB0,0xFC0A,0x0FB1,0x04BE,0xFA7A,0x019E,0x07A8,0xF917,0xFB03,0x088F,0x04BE,
    0x03AD,0x0906,0x034E,0xFBAC,0x047B,0x081A,0xFA27,0xF853,0xFD79,0x02C9,0xFA4F,0xFE1E,0x021B,0x02E9,0xF904,0xFC6B,
    0x0B12,0xFF8E,0xF819,0x0AC2,0xFE2D,0xEBF2,0x05CB,0x0E07,0xF73D,0xFD56,0xFE78,0xFE92,0x00B5,0x05C3,0x06D5,0xFFCA,
    0xFFA0,0x00F7,0x0188,0x0127,0xFA32,0x0205,0x0102,0x019E,0x0461,0x0721,0xF93B,0xF61E,0x04C5,0x0829,0xFF92,0xFD6A,
    0x042E,0x010C,0x0001,0x03CA,0xFD22,0xFE32,0x0416,0x05A9,0xFE84,0x05C8,0x0325,0xFC91,0xFC6D,0xF902,0xFFD2,0x0BD5,
    0x018C,0x008D,0x0DC2,0xEEDF,0xE642,0x0581,0x0F79,0x0B1A,0x0565,0xFC9D,0xF4CC,0x0200,0x07E8,0x0646,0x02F6,0xFD12,
    0xF391,0xFF55,0x01A3,0x0218,0x00BD,0x01D6,0xF990,0xF848,0x0026,0xFFFA,0xFB7B,0x073E,0x0098,0xE963,0x008A,0x080C,
    0x03FF,0xFD0F,0xF631,0xF2D0,0x0299,0x0184,0x03A0,0x0643,0xF0D3,0xF6A6,0x06EC,0x098D,0xF582,0x00A8,0x0136,0x0393,
    0x1441,0x05D9,0xF78F,0x019E,0x08D0,0xFC07,0x08DB,0x0766,0xFB9F,0xEFED,0x08F5,0x02F0,0xF5F4,0x067D,0x0719,0xE7EE,
    0xF7E4,0x1B73,0xF3A1,0xF6E5,0x08D1,0x0199,0xFCBB,0x0B4C,0x034A,0xEE3B,0x00BD,0x005B,0xFE4F,0x0636,0x0577,0xF44A,
    0xF806,0x14AE,0x06A5,0xF653,0xFB46,0x03BF,0xFDA3,0x0A1B,0x06B5,0xEF70,0xFB8A,0x0A72,0x0134,0xFCC3,0x03EF,0xF86E,
    0x034D,0xF64C,0xF7D7,0x0962,0xFD52,0xFED9,0x044C,0xFBE6,0xEF26,0x1336,0x0F65,0xEB6B,0x040A,0x0AE4,0xF3A9,0x02A7,
    0x084F,0xF593,0xFE9D,0x01F0,0xFE42,0x0A3C,0x0013,0xF335,0x0217,0x06BC,0xFCBB,0xFDFB,0x012F,0xFE3F,0x01EA,0xF541,
    0xFD79,0x0C84,0xFECE,0xF79A,0x0935,0x001C,0x0416,0x0BC5,0xFCCD,0xF059,0x0609,0x0BF6,0xFD9C,0x088B,0x0BCB,0xFB5D,
    0xEFFF,0x0E98,0x094D,0xF30F,0x016E,0x069D,0xFFEC,0xFC95,0x05F9,0x00F7,0xFC96,0xFDF9,0xFC63,0xFBE2,0x014E,0xF999,
    0xF30C,0x0018,0xFCF5,0xF3CB,0x0456,0x0E89,0xFA7A,0xF70B,0x0670,0xFF1B,0xFE60,0x0766,0x05EE,0xFDDD,0xF5AA,0x07B0,
    0x0A38,0xF3CD,0x04C5,0x0569,0xF66E,0xF7B6,0x0470,0xFEDC,0x00E2,0x00E9,0xF858,0xF890,0xFE88,0x0D06,0xF6FA,0xFA86,
    0x0CB7,0xF872,0xFB05,0x0481,0xFFC2,0xF74F,0x08F0,0xFF39,0xF73F,0x1429,0x0DE1,0xE64F,0x0088,0x1704,0xEFAA,0xF820,
    0x0E4B,0x0422,0xFAF6,0x1413,0xF745,0xF993,0x173D,0x0A1E,0xEC2E,0xFFAD,0x0FE4,0xECE8,0x0537,0x102E,0xF29D,0xFEDA,
    0x0DEA,0xEF4B,0xF041,0x12E3,0x04A9,0xEC76,0xFCB8,0xFD79,0xF7EE,0x0D09,0x0EDD,0xF485,0xF529,0xF84B,0x0299,0x0EA0,
    0x0958,0xFFE8,0xFADE,0xF64B,0xF835,0x098F,0x04C2,0xF663,0xFFE0,0xFF7B,0xF9DE,0x1133,0x112F,0xF912,0xFAC7,0x08AB,
    0x04E0,0x02DC,0x1085,0xFFA2,0xF437,0x0717,0x0662,0xF4EF,0x0874,0x0876,0xEFDA,0x039A,0x0AA3,0xF7AF,0xF67B,0x03B0,
    0xF8A8,0xFA35,0x0C54,0xFEC4,0xF5E5,0xF9D0,0xF66E,0xFF96,0x0380,0xFB60,0xF8AD,0x0948,0xFE5D,0xF8E9,0x1021,0x0AF4,
    0xF115,0xFE2D,0x05F8,0xF9BE,0x0C8D,0x0A20,0xF81E,0xEAC2,0xF75C,0x11DB,0x04FF,0xFEFB,0xFCDD,0xF5CA,0xF5F9,0x09AC,
    0x02F0,0x01C5,0xFE84,0xFEF1,0xFFEA,0xF943,0x0A8E,0xFDD1,0xE72A,0xFC5C,0xFEA7,0xFD87,0x00C5,0x0913,0xFA57,0x022D,
    0x16DF,0xFCF5,0xFCEF,0x0D65,0x06CA,0xF8B0,0x0431,0xFFB8,0xF4E1,0xFB95,0x06BF,0xFDEB,0xF7D7,0x009B,0xFDC1,0xFDC4,
    0xFECE,0x097F,0x00CD,0xF25B,0x0592,0x064A,0xF416,0x0A31,0x100D,0xF712,0xFCE7,0xFB77,0xF96B,0x0406,0x02D9,0xFE95,
    0x0A03,0x09F4,0xF9B3,0xFAF8,0x066B,0x0507,0x046B,0x0303,0x02C1,0xFD05,0xFF28,0x10C1,0x074C,0xEF54,0xFACC,0x00DA,
    0xF51B,0x0B47,0x03B2,0xEC7B,0xF9ED,0x04D0,0x0C23,0x0A59,0x01A9,0xF1DA,0xFC16,0x00D0,0xFD15,0xFC66,0xFAE4,0xFB73,
    0xF75D,0x00E0,0x0887,0xFEE4,0x01E5,0x026D,0xF506,0x04DF,0x0427,0xEE16,0x07BB,0x141E,0xFEFE,0x05BB,0x1217,0xF937,
    0xF8CF,0x0537,0xF0C4,0xF2E2,0x0ADD,0xF52E,0xF064,0x0CF6,0xFA87,0xF6B1,0x1053,0xFB10,0xF5E8,0x0997,0x0CBA,0x075C,
    0x106A,0x04CA,0xF0C3,0xFA9B,0x01EA,0xF968,0xF474,0xE9AB,0xE50B,0xF66B,0x08F1,0x0C0A,0x0547,0x05EC,0x0AC8,0x0D55,
    0x2607,0x2607,0xFFF4,0xF84B,0x0259,0xF9AB,0xFDD6,0xFA57,0xE2E2,0xE81B,0xFA2F,0xF2A8,0xF63F,0x00AF,0xF781,0xF720,
    0xFD81,0xFBC9,0x0A95,0x1496,0x07C5,0x00AF,0x0C42,0x0C5F,0x0398,0x0493,0xF9C3,0xF256,0xF9ED,0xF3CB,0xEED7,0xF852,
    0xF7B6,0xF23C,0xF8C0,0x0D08,0x10F6,0x131E,0x1600,0x0610,0x0908,0x1643,0x08F8,0xFF66,0x08CB,0xFD8E,0xF769,0xFFD2,
    0xF17F,0xE5A0,0xF110,0xF452,0xF673,0x0887,0x066D,0x09B5,0x0D1B,0x073C,0x0BE8,0x179A,0x0A7A,0xF8E1,0x0A4B,0x0849,
    0xF1D2,0xF35A,0xEE6F,0xE0F4,0xE9D6,0xF9C2,0xFC09,0x023D,0xFDCC,0xF67C,0xFFA3,0x0ED0,0x1200,0x144B,0x1342,0x0B3E,
    0xFC23,0x0227,0x0E4B,0x0F86,0x0F94,0xF6CB,0xEF70,0xF57A,0xEAEF,0xEDA4,0x063D,0x0C62,0xF49F,0xF457,0x0C94,0x127C,
    0x0D2B,0x0163,0xF07A,0xFAE0,0xFC46,0xEF86,0xF9B3,0xFB43,0xF491,0xF90C,0xF83B,0x070F,0x0311,0xF85B,0xFFA5,0x056E,
    0x0DF5,0x08A9,0x03F1,0x10C5,0x0D23,0xFD59,0x040F,0x052A,0xF5E7,0xF3E9,0xFD89,0xF808,0xFE6C,0x0B64,0x00CC,0x0235,
    0x0C81,0x0102,0xFE1E,0x0F91,0x020B,0xEEBF,0xF511,0xFD69,0xFE72,0x06EF,0xFE01,0x0202,0x142B,0x0668,0xFAD1,0xFF92,
    0xFCD3,0xF460,0xFFA5,0xFFFA,0xF44F,0xF7BB,0xFDA7,0xFA89,0x03A0,0x07C7,0x036B,0x023C,0x00CA,0xF9A1,0xF8D9,0x0635,
    0xFC2E,0xEEEA,0xF7D9,0x0038,0x00CD,0x0FE9,0x13C5,0xF9F8,0xF897,0xF6B8,0xF8F1,0x16F9,0x04FF,0xEA8C,0x00C8,0x075B,
    0xFE87,0x0159,0x0625,0x03CC,0x00A2,0x017C,0xF8D2,0xFF8B,0x0E84,0xFFB0,0xFDA6,0xFFF4,0xF6CB,0xFED2,0x0663,0x0945,
    0xFB4E,0xF92C,0xFE1B,0xF772,0xFE5D,0x0412,0x001C,0x0AA0,0x0565,0xF6A8,0xF66B,0xFFDD,0x0AE5,0x0525,0x0163,0xFCEB,
    0xF9C0,0x0485,0x097F,0xFB35,0x02F1,0x06B1,0xF890,0x0105,0x0BAB,0x0191,0xF830,0xFBFF,0xF4DE,0xFA3F,0x0D73,0x0984,
    0xFC64,0xF850,0xFB58,0x0461,0x036A,0xFA37,0xF924,0xFFFA,0x018E,0x0427,0x06FF,0xFE6A,0xF48C,0xF2C0,0xFCA5,0x054F,
    0x1291,0x0F3F,0xFA28,0xEB78,0xF44B,0x03B4,0x0C06,0x0FC4,0xFE64,0xFF7B,0xFB58,0xEE3A,0x0B7B,0x0B5B,0xFCE5,0x0A11,
    0x04C6,0xF46F,0x0003,0x1020,0x037F,0xF887,0x0046,0xFFC7,0xFCCA,0x0530,0xFC04,0xFA99,0x015F,0xF863,0xF8D7,0xF947,
    0xF514,0xF8C2,0x04F8,0x01C3,0xFFD2,0xFEE7,0xFECA,0xF615,0x0597,0x0CB4,0xF280,0xFA9B,0x0A6B,0xFFA2,0xFA37,0x06AF,
    0x0127,0xF2E4,0xFECC,0x09D2,0x0601,0x0C13,0xFCD2,0xEA33,0xFF55,0x0F9A,0x0299,0x05D3,0x0303,0xEF31,0xFC95,0x0C15,
    0xF789,0xFB26,0x03BC,0xF25E,0xFD41,0x169F,0x063D,0xFCDF,0x02D9,0xFBC7,0xFBB7,0x147D,0x0FB3,0xF23E,0xF3DE,0x0188,
    0xFBC4,0x0541,0x13D2,0x0161,0xF3D0,0xFEFE,0x0807,0xFE58,0xF7EC,0xF560,0xFB53,0x06C1,0xFEFB,0xFB80,0x0C03,0xF803,
    0xE78A,0x0628,0x0D83,0xFB0E,0x0D95,0x0AAA,0xEC9B,0x0576,0x1964,0xFF55,0xFCF4,0x0622,0x0417,0x0AF7,0x06D9,0xF858,
    0xFB48,0xFC8B,0xFB85,0x0BB3,0x06B4,0xEDB7,0xFC0C,0x02AA,0xF2AB,0xFB77,0x1524,0x02F0,0xEEDC,0xFBCA,0x050C,0xFF1B,
    0xFE67,0xFFBD,0xFAA7,0xF5B8,0x018B,0x08CB,0xFBDC,0xF734,0xFF3C,0xFF46,0xFFCD,0x07AE,0x0D41,0xFD4C,0xF0C1,0xFF33,
    0x0E5E,0xFE05,0x0178,0x06F4,0xEE48,0xF530,0x0F07,0x009B,0xF40E,0xFE74,0x0237,0xF7DF,0x0230,0x0763,0xFFB2,0xF974,
    0xF649,0x0046,0x0E47,0xFA54,0x0059,0x0A50,0xFE23,0xF425,0x087B,0x05EB,0xEDCF,0x0176,0x15A4,0xFC11,0xEFA6,0x06AC,
    0x05B7,0xF3EE,0xFB2B,0x06D9,0x02F6,0x0912,0x089E,0xFDC1,0xF667,0xEEA2,0x03D9,0x1326,0x08B1,0x057F,0x0500,0xF094,
    0xF174,0x0E01,0x0FD9,0xF624,0xF9CE,0x0798,0xFDED,0xF0BB,0x0780,0x0BCE,0xF08F,0xF641,0x09D4,0x03D7,0xF868,0xF902,
    0x009B,0xFEA7,0xFBDF,0x0B81,0x064F,0xEA84,0xEFA8,0x1208,0x0D1B,0xF0E0,0x0547,0x08E9,0xE907,0x05E4,0x1652,0xFC07,
    0xFAEB,0x04BA,0x00DC,0x0754,0x07CF,0xFC1E,0xFD64,0x024C,0xFCA5,0x0E0E,0x0BF8,0xEE4D,0x031E,0x07BA,0xEA2F,0xF7CC,
    0x103A,0x04E5,0xF3CE,0x0A03,0x06B5,0xF1AF,0x05B4,0x172B,0xFDA6,0xF8B7,0xFF44,0x020F,0x0B12,0x129F,0xF840,0xE797,
    0xFEBC,0x00CC,0x0723,0x014C,0xF5B0,0xFF59,0x04E7,0xF7A4,0x01B0,0x160E,0x02AC,0xEDEE,0x05A3,0x0CE9,0xF6A3,0xF5DD,
    0xF713,0xFAF0,0x0987,0x05A7,0xF7FB,0xF9D0,0x082F,0x023C,0xFDCB,0xFEEA,0xFF21,0xFC31,0xFEFB,0xFC73,0x0360,0x049D,
    0xF712,0xF661,0x0746,0x0564,0xFC9B,0x04BE,0x067C,0xF492,0xFDA1,0x0C9F,0xF691,0xF929,0x08B1,0xFDD3,0xFA02,0x0296,
    0x05B1,0xFBD5,0xFB7B,0xFE87,0x08E5,0x0F44,0xF887,0xFDAE,0x008F,0xE4D2,0xF77F,0x0978,0xFDEB,0x02D3,0x08C8,0xF7F6,
    0xE917,0xF535,0x0B94,0xFC43,0x053D,0x1228,0xF4EF,0xF359,0x06A4,0x02DE,0x0B24,0x061D,0xF45F,0xFFF7,0x039F,0xFFA2,
    0x0643,0x05F3,0xF6D0,0xF700,0x0DC5,0x00F7,0x07FD,0x1008,0xFBC4,0xF622,0x0A69,0x0FBE,0xFFDF,0x0574,0xFE0B,0xF5C2,
    0xFFF4,0x0271,0x07BB,0x050D,0xF327,0xFC04,0xFC61,0x09B2,0x1296,0xF6C3,0xF100,0xFD8B,0x0217,0xFA28,0x03C7,0x0EDB,
    0xF9FD,0xEBFA,0x0060,0x1B9E,0x00C2,0xEF26,0xFB60,0x04B2,0x0358,0x00B8,0xF9C0,0xF72A,0x016C,0x035A,0xFDD8,0x006A,
    0x035A,0xF40A,0xFA44,0x0C0A,0x0CEC,0xFD1D,0xEECA,0x0003,0x0748,0x0AC0,0xF61A,0xF80E,0x00B2,0xF4A2,0x00E2,0x11CA,
    0xFAEE,0xEBCA,0xFD32,0x00C2,0x0D1B,0x0F8E,0xF4C9,0xEF95,0x05DE,0x0D35,0xF95B,0xF904,0xFFC7,0xFD1A,0x04B8,0x1352,
    0x07EF,0xF442,0xEC91,0x01DD,0x115C,0x09D1,0x0088,0x0499,0x0E29,0xEBA7,0xFC0F,0x11B8,0xFAE0,0xF96B,0xFF0E,0x047B,
    0xFBDA,0x031D,0x0265,0xF349,0x0085,0xFCD7,0x0444,0x13B1,0x0B2E,0xF24B,0xE570,0xF911,0x0E86,0x0AB8,0x066F,0xFE82,
    0xFED9,0xFB45,0xFF8A,0x07BF,0x090A,0xFF48,0xFB73,0xFCE3,0x01A3,0xF775,0x01BD,0x0982,0xF05A,0xF825,0x1067,0x04A1,
    0x0A16,0x0392,0xE89F,0xF990,0x167C,0xFDA7,0xEF5B,0x029C,0x02E4,0xF1D7,0xFFF5,0x05AC,0xF304,0xF841,0x0294,0x081D,
    0xFD6F,0x0146,0xFC59,0xF814,0x01BB,0x0000,0xFAC7,0xFF38,0x06E9,0x03A5,0xFCA2,0xFD5A,0xF3BE,0x033E,0x08A9,0x03B2,
    0xFCDD,0xF664,0x00D5,0xF92F,0xFE4F,0x09B5,0xFA5C,0xF478,0x0667,0xFEBF,0xF615,0x0339,0x04B5,0xED0B,0x007B,0x12CB,
    0x0883,0x03B2,0x0761,0xF895,0xFE2A,0x1704,0x027F,0xF4E6,0x04A5,0x0BD6,0xEF96,0xF785,0x19BE,0xF58D,0xE91C,0x1067,
    0x0397,0xF91F,0x1374,0x0328,0xF8A2,0x105A,0xF622,0xF966,0x107D,0x04A5,0xF803,0xFE75,0x0339,0x0062,0x04BD,0xFF0C,
    0xFFAB,0xF8AF,0x00AD,0x033B,0x0212,0x004E,0x043E,0x01AE,0xF651,0xFF61,0x01A5,0x02AE,0xF71F,0x049D,0x0698,0xF377,
    0xF784,0x0B4A,0x00ED,0xF00D,0x11B3,0x09F6,0xE12E,0xF231,0x09D7,0xFB4B,0x0837,0x11B2,0xFAE4,0xF29D,0x0271,0xF9D5,
    0x0356,0x11F0,0xF986,0xEB1B,0xFA27,0xFCD7,0xF405,0x0F7F,0x08E1,0xEBE7,0xFBCC,0x0F32,0xF8A5,0x0488,0x0D4E,0xFEAD,
    0xF678,0x0CDB,0x0416,0xECFF,0x0443,0x0653,0xEF12,0xFA05,0x12DC,0xF99B,0x0466,0x17A3,0xFF13,0xFEDA,0xFE85,0xF60A,
    0x0038,0x1028,0x0D0C,0x03F9,0xF226,0xF57E,0x0232,0x03CF,0xFFD0,0x0A0F,0x05D3,0xE0D6,0xFF82,0x15D0,0x00F7,0x0900,
    0x02C1,0xF402,0xF9DD,0x04F0,0x04D5,0x04FD,0x0178,0xF5B5,0xFEE7,0x1098,0x020D,0xF732,0x04DF,0xFEF9,0xFBA8,0x04B5,
    0xFAD0,0xF57E,0xFD7C,0x050D,0xFCF7,0x0262,0x0997,0x00EC,0xEFC6,0x09DF,0x0303,0xF897,0x109F,0xF44B,0xEC6E,0x10A8,
    0x0D53,0xF588,0x018B,0xF4D7,0xF4F9,0x0ED8,0x095D,0x0518,0xFD69,0xF319,0xF0FE,0x05D8,0x0662,0xFF7B,0x000E,0xEE9A,
    0xF57B,0x08BC,0x0E01,0x0692,0xF59F,0xF61A,0xFDC6,0x0275,0x0141,0x0A30,0x0727,0x0082,0xF58E,0xF615,0x08D8,0x036A,
    0x0493,0x1AB2,0xFFA5,0xF2B2,0x0A96,0x0687,0xF718,0x058F,0x0A1B,0xE9E8,0xEFE8,0x1053,0x015C,0xF781,0x0ADD,0xF7D4,
    0xEDD3,0x0821,0x0ACD,0xFB23,0x0000,0xF607,0xEE73,0xFE99,0x05C8,0xFD8F,0x0906,0x0B94,0xEED4,0xF9A9,0x057A,0x04ED,
    0x0095,0x0B2A,0x0528,0xFDBC,0xFE8D,0xFA57,0xFECF,0xFF4B,0x02A6,0x0F91,0x056E,0xF087,0x08C4,0x0F05,0xFEC2,0x029F,
    0xFD4A,0xE7DE,0xF09F,0x1569,0x0ACF,0xF8AF,0x0608,0x0321,0xF7D7,0xFF71,0x0117,0xF7A1,0xF9F8,0xF298,0xF5DC,0x0BB6,
    0x0B7C,0x0D00,0x10D2,0x0A36,0xF56D,0xFEF3,0x1495,0xFE33,0xF5F1,0xF9DE,0xE97F,0xE8E0,0x045C,0x0876,0xF73A,0x0225,
    0xFF9D,0xF155,0x0874,0x14C3,0x065A,0x119E,0x0928,0x03F6,0x0F24,0x0601,0xF653,0xFC44,0xF898,0xE010,0xE8F9,0xEE95,
    0xEB36,0xFE64,0x0065,0xF087,0xF89B,0x07BB,0x116E,0x19D1,0x1129,0x0D3D,0x007D,0xF9F3,0x0F1D,0x07ED,0x039C,0x06C2,
    0xECF0,0xE0A2,0xFAF3,0xF4CF,0xF931,0x0713,0xF9DB,0xF1DF,0x0059,0xFC6B,0x020B,0x1C52,0x0A8A,0x0646,0x138A,0x06F6,
    0x10FF,0x113C,0xF1C9,0xEFD5,0xF947,0xE9F3,0xECE8,0xFF8D,0xFD00,0xEF0A,0xFFAF,0x060E,0xFD52,0x10E7,0x1190,0x0B14,
    0x1DB7,0x1212,0xFCC2,0x02BC,0x07C5,0xFE22,0xFD1C,0xF941,0xEB8F,0xE2A1,0xEAA6,0xF0A9,0xF241,0x0080,0xFE26,0xFC64,
    0x0B83,0x13D4,0x0948,0x0E5F,0x0D31,0xFBEA,0x0A29,0x0A75,0xFBBD,0x0CCC,0x0003,0xE5F0,0xF998,0x0D14,0xFF29,0x06E2,
    0x02D7,0xF081,0xF9E8,0x040C,0xF2B3,0x065A,0x113C,0x04ED,0x10A5,0x102B,0xF224,0xF912,0xF597,0xED45,0xFB45,0xFD87,
    0xF999,0x01B5,0x05E6,0x04D2,0x0A4E,0x143B,0x1052,0x0640,0xFF44,0xFD0A,0xF5A3,0xF9FF,0x01ED,0xEC0E,0xEBFA,0x0B42,
    0x042E,0xFF2B,0x182C,0x0008,0xF364,0xFBDC,0xF565,0x0C67,0x14E8,0xFB9F,0x04F2,0x0382,0xF2DA,0xFF9E,0xFFD8,0xF8D2,
    0xF863,0xF676,0xF6FE,0xF663,0x0035,0x0BF5,0xFE01,0xFE1A,0xFB35,0xEE90,0x091B,0x1ADF,0xF629,0xEEEE,0x06EE,0xF99D,
    0xFF78,0x0B46,0xF799,0x008D,0x0C9A,0xF56B,0x01E3,0x1C99,0x068F,0xF5B3,0xFE5F,0xF543,0xF6CB,0x0763,0x0C54,0x0502,
    0xFBFA,0xF9FB,0xFCF4,0x0026,0x0203,0xF7BC,0xFA32,0x0687,0x0095,0xFA4D,0x083C,0xFEBA,0xFA77,0x0C9C,0xFE94,0xF69E,
    0x0141,0x01EA,0x02B4,0x063D,0x0198,0xFFAA,0x0A09,0xFF0E,0xF3D0,0x06A7,0x12A1,0x0282,0xF5FC,0xF531,0xF079,0x01A6,
    0x1599,0x079D,0xF87F,0xFBF2,0xFEBD,0x001E,0x0A43,0xFDC0,0xFBC7,0x026C,0xFA69,0x0188,0x100D,0xFCBE,0xF67C,0x042B,
    0x0264,0x0078,0x0D8F,0x0D14,0xF113,0xEE06,0x0404,0xFDC4,0x009F,0x0BEE,0xFFF4,0xF3A0,0x01D8,0x07B3,0x048B,0x02D1,
    0xF6A9,0x02BF,0x0C4C,0xFF6B,0xEA6F,0xF8EA,0x086C,0xF41B,0xF2D5,0x00F1,0xF6E2,0x0292,0x0A20,0x02F1,0x0437,0xFBC9,
    0xF754,0x02BC,0xFE6C,0x0BA0,0x111E,0xF484,0xF031,0x0365,0xFECE,0x03DF,0x064B,0xF863,0xFD5A,0x0561,0xFCCB,0x0643,
    0x0FD6,0xFBD5,0xEB60,0xF53B,0x0E8E,0x0F59,0x0867,0xFF9E,0xF72F,0xECD8,0xFDD8,0x1525,0x0166,0xFAAE,0xFD67,0xEE40,
    0xFAE1,0x0AFC,0xFE82,0x0564,0x06B5,0xF0ED,0xFE57,0x0C23,0xF126,0xFAF4,0x0FD6,0xF897,0xFE62,0x0FF6,0x0294,0xED87,
    0xEF88,0x0066,0x00BF,0x0DB8,0x1D95,0xF5D2,0xE656,0x00A5,0xFA5A,0x0156,0x1C79,0x02DF,0xF175,0x05F1,0x008D,0xF954,
    0x173B,0x0D9A,0xF654,0x07F7,0x07D7,0xF3D1,0x0C13,0x0F27,0xE98B,0xF10E,0x0937,0xF784,0xF833,0x0AE4,0xF2D0,0xF039,
    0x0AC5,0xFCCD,0xF922,0x09FB,0xF9A9,0xF462,0x05FE,0x003B,0xF7FC,0x0B67,0x06AD,0xF667,0x04F8,0x01B8,0xED5A,0x04DB,
    0x0A80,0xFBC7,0x051A,0x0923,0xEEA4,0x001B,0x1605,0xF8E2,0xF1DC,0x0ADC,0xF5CD,0xF027,0x1A4E,0x0B51,0xEB65,0x014C,
    0xFEC6,0xFBBA,0x195A,0x089C,0xF559,0x04CD,0xF78E,0xEF39,0x14D7,0x0B66,0xF902,0x0DDD,0xF673,0xE419,0x0A18,0x16D1,
    0xF3FD,0xF762,0x0B74,0xFCD7,0xFC0F,0x03F7,0xFE52,0xF927,0x00CA,0xFCBA,0xFCAA,0x09F4,0x01D6,0xF482,0x0417,0xFB4D,
    0xF47C,0x0C0B,0x0808,0xF666,0x0719,0x01DB,0xEB95,0xF8E4,0x0485,0xF84A,0xFEE1,0x0DD2,0xF94E,0xF0A1,0x0938,0x0B8C,
    0x0131,0x01DD,0x0116,0xF3B8,0xF916,0x0847,0x0EB3,0xFFE4,0xFCAA,0xFD9F,0xF787,0xFC0C,0x0300,0x0C9A,0x0601,0xF497,
    0x0102,0x0A59,0x00D2,0xFBA4,0x07FF,0x03E9,0xF06F,0xFDB9,0x0DB7,0xF4D4,0xFBD7,0x17A7,0xFE95,0xF0B3,0x04CE,0xF87A,
    0x01B9,0x12A4,0x0E74,0xF4AE,0xF50C,0xFC73,0x04D3,0x0CD9,0xF974,0xF1EA,0x07F0,0xFFCF,0xFC8B,0x1B2E,0x0E5E,0xDE1C,
    0xEFF0,0x06E9,0x046B,0x06FE,0x0F69,0xF240,0xED37,0xFC2F,0x060B,0x0910,0x07F4,0xFD1F,0xF7A1,0xFB55,0xFED2,0x096F,
    0x139D,0xFB16,0xF0A4,0x087E,0x0495,0xE993,0x0581,0x0F37,0xEB83,0xFDCB,0x09BC,0xF079,0x05DC,0x128E,0xF717,0xEE33,
    0xF342,0xF12E,0x081D,0x14F8,0x06E4,0xFF46,0xF72F,0xE9D5,0xFA3C,0x13BA,0x07ED,0xFF0C,0x0A82,0xFBC5,0xF1C2,0x0F2F,
    0x0E4F,0x0453,0x0A8E,0xFAF3,0xF34F,0x0306,0x0D7A,0xFDA1,0xFEA2,0xF79A,0xF457,0x056F,0xFFA5,0xFAB9,0x038F,0xF700,
    0xF39B,0x097F,0x0517,0xF73F,0xFF8D,0xFE5F,0xF5B5,0x0446,0x0E01,0x0073,0xF8D4,0x04AD,0x04FF,0xF9B1,0xFEB9,0x03F6,
    0x003E,0xFB9C,0x077E,0x057C,0xEFD2,0xFF92,0x0B66,0x0970,0x009B,0xF9B8,0xF7FC,0xFC36,0x036F,0x05D3,0x07B6,0x0576,
    0xF5FA,0x03D7,0x0409,0xFA6F,0x068A,0x0D58,0xF4DE,0xFCE8,0x07F5,0xFD12,0x0485,0x0B52,0xFEE4,0xF61F,0xFE80,0x0758,
    0xFF9E,0xFC9B,0x03EA,0x00B5,0xF1A9,0x06FE,0x088F,0xFDEB,0xF6E8,0xFB2E,0x0151,0xFFC7,0xFE8A,0xFF11,0x05AF,0xF6E6,
    0xF66C,0x0824,0x045C,0xFA1A,0x01EB,0xFF69,0xEBF9,0x01C1,0x0DE5,0xF5CF,0xF244,0x0202,0x01AE,0xFE4A,0x064A,0x06EA,
    0xFE60,0xF5C5,0x00D0,0x0CA7,0xFA64,0xF1F9,0x0551,0x11BD,0x0687,0x07DD,0xFE25,0xE70B,0xFAFD,0x165A,0x0DAF,0x0202,
    0x0BB3,0xEFD0,0xE5AA,0x12C6,0x0F07,0x00DF,0x08DD,0xFA03,0xEA3C,0x0756,0x11FD,0x021F,0xF99E,0xF0AE,0xF58B,0x03AF,
    0x037A,0x0707,0x06FF,0xF201,0x05EC,0x06DA,0xF491,0x0719,0x0B37,0xF62F,0xF77A,0x099D,0xFDC4,0xF6DA,0x0688,0xFDED,
    0xF7FC,0x0343,0x06B1,0xF943,0xFA77,0xFE92,0xF7E8,0xF369,0x10C1,0x0C71,0xECC6,0xF951,0x0BC0,0xF588,0x015F,0x1282,
    0xF70A,0xF531,0x08A6,0xFD5F,0x0636,0x0D8B,0xF2BD,0xF03A,0x068C,0x1048,0x11F0,0xFE3B,0xEE8D,0xF8A2,0x014B,0x0F74,
    0x15CE,0x02B9,0xF08C,0xF949,0xFFDD,0xFC73,0x09A7,0x09CF,0x05F3,0xFBB2,0xFEA2,0xFCBD,0xF8EA,0x034E,0x0AAD,0xFBCD,
    0xF9E3,0x1687,0xFA74,0xE575,0x02F3,0xFBA7,0xF71F,0x1436,0x0857,0xDFF3,0xF80C,0x1603,0x097F,0xFD71,0xFE77,0xEB46,
    0xF595,0x11AE,0x0DB7,0xFAF6,0xE912,0xEE0E,0xFB9D,0x09D4,0x1106,0x0088,0xFEF6,0xF6CD,0xF418,0x04DF,0x12DB,0xFFC5,
    0xF966,0xFEC9,0xED9A,0xFF3B,0x11D5,0xFFD2,0xFD97,0x022D,0xFF13,0xFD4A,0x0D97,0x04C3,0xF6DD,0x0010,0x0643,0x0545,
    0x0A9F,0xFD72,0x0127,0x10F9,0xF467,0xEE0D,0x0BC1,0x10A7,0xFC6E,0x034D,0xF791,0xE406,0xFFE0,0x0DA3,0xFFA3,0x02C4,
    0x08A9,0xECA9,0xF66C,0x14D3,0xF8AC,0xF8C7,0x138D,0xF7CB,0xEC5F,0x0A49,0x0F51,0xFA14,0xFCFF,0x05AF,0x0132,0xFA52,
    0x09AC,0x0938,0xFDA9,0x03B5,0x0653,0xF5F9,0x0ACF,0x081C,0xF29A,0x0483,0x09CC,0xFCEB,0xFE3F,0x07CF,0xFD24,0xF792,
    0x0AB7,0x0B31,0xF93B,0xF67B,0xF7D1,0xF819,0xF698,0x0694,0x0862,0xE996,0xFA77,0x0C4C,0xF698,0xFA86,0x01A5,0xF826,
    0x02CC,0x0D60,0xFBE1,0xF20B,0x01C9,0x0230,0xEE21,0x05B9,0x11B3,0xEBB5,0xF4E7,0x1837,0xF86B,0xF2BF,0x1788,0xFEFB,
    0xEE52,0x0261,0x085E,0xFE91,0xFC39,0x025C,0xFFD0,0xF5FA,0xFDF0,0x1046,0x0665,0xF7D1,0x0006,0x0F99,0xFBAA,0xF75C,
    0x02CF,0x02EC,0xF4EB,0x0798,0x0E56,0xED79,0xFC2B,0x0891,0xEED9,0xFFB3,0x19FB,0xF9ED,0xF3C3,0x131A,0xF806,0xF0B8,
    0x1D9F,0x020D,0xE290,0x0D21,0x0AB3,0xE6EE,0x0500,0x0ACF,0xE7D1,0x084F,0x1261,0xE956,0x0721,0x07C2,0xE8A8,0xF86A,
    0x0F28,0x0461,0xF9DE,0x1352,0xF90C,0xE428,0x177E,0x0AF2,0xEB6D,0x100D,0x0DF4,0xF47A,0x0817,0x1106,0xF402,0xFBA5,
    0x08F1,0xEBDC,0x0289,0x160B,0xF8B4,0x0632,0x0926,0xF278,0x0414,0x160E,0xFB77,0xF60A,0x01A6,0xF464,0xFA10,0x0D46,
    0x006A,0xF4BE,0x0FBB,0xFDAB,0xF7D3,0x10DA,0x0300,0xF321,0xF59D,0xF89B,0x0441,0x0972,0x0024,0xEFFA,0xEF70,0x03BF,
    0xF769,0x12C6,0x1F59,0xEF60,0xF725,0x0049,0xEAEE,0x05E9,0x1532,0xF796,0xF7B6,0x0D6A,0xFDC9,0xF41D,0x0FB3,0x090D,
    0xEF46,0xFEB2,0x01EA,0xF103,0xFEA5,0x0B14,0xF637,0xF47D,0x0E56,0x0318,0x0277,0x0CC1,0xEF1B,0xF2BA,0x0FE1,0xFA79,
    0xF35C,0x1094,0x078E,0xF3B0,0x0B3E,0x105D,0xFB4D,0x07AB,0x0CEE,0xFC50,0x04A0,0x0143,0xF74C,0xF16D,0xFA4F,0xFA1A,
    0x031B,0x09D1,0xF73F,0x1107,0x1D2A,0xF0CB,0xF61C,0x0887,0xF53E,0x0038,0x193C,0x0C40,0xF2F2,0xF250,0xF485,0xED2C,
    0xFC17,0x0111,0xF626,0x01C8,0x001E,0x0A41,0x1C6D,0x0B4C,0xFC1C,0x0E7C,0x1417,0x0690,0xFECC,0xFE7A,0xE408,0xD59D,
    0x0694,0xFCBB,0xE880,0x10DD,0x0968,0xF271,0xFD39,0x00FC,0xF90F,0x0C95,0x1367,0x0B90,0x125C,0x065A,0xF9A9,0x13D1,
    0xFEB1,0xE973,0x048E,0xFA12,0xEB45,0xFA99,0x00FC,0xE9EB,0xE391,0x01C8,0xFF8B,0xF551,0x033B,0x001E,0x026D,0x0B34,
    0x021B,0x0B4E,0x0E51,0x015B,0x06B4,0x16B1,0x078B,0xF77A,0x0481,0xF38C,0xE6C1,0x043E,0xFE74,0xE2E2,0xF4C4,0x02E4,
    0xFA82,0x0486,0x1153,0x1097,0x0A63,0x0A88,0x051C,0x0704,0x0292,0xF0F5,0xF748,0xF89B,0xF4DF,0x05DB,0x0982,0xFA8A,
    0xF742,0x0040,0x0439,0x0284,0x0C6A,0x0C8D,0xF3E1,0xFD61,0x0C40,0x066B,0x0039,0x023D,0xF81E,0xFF14,0x0BC1,0x09B4,
    0x03EA,0xFAE3,0xDC3C,0xE3FD,0xFFBA,0xF255,0x0804,0x18C5,0xFF2E,0x0222,0x0527,0xFA67,0x02F4,0x0DBF,0x1652,0x05E8,
    0x018C,0xFC86,0xFEBA,0x06D4,0xFDF0,0xF6A1,0xF839,0xF878,0xF22C,0xF6BE,0xFCBB,0xF639,0xF0C4,0xF6EB,0xF9D5,0x0879,
    0x1297,0x090B,0xFF61,0xFE5B,0xFE8A,0xFC1E,0x03FF,0x0832,0xFB62,0x031E,0xF6E3,0xFF2B,0x0778,0xFB6A,0xF27D,0xFDE9,
    0x0277,0xF3B6,0x11A6,0x117B,0x0238,0x0525,0xFF5B,0xFEFB,0x0D6E,0x0AB2,0xF2DB,0xF9C0,0xFDA7,0xEF1F,0x0411,0x0B31,
    0x0323,0x08EE,0x084C,0x010F,0x056E,0x0AE2,0x038B,0xF74D,0x00E4,0x06F2,0xF62A,0xFC60,0xFD1F,0xFFB7,0x00BF,0x060D,
    0xF909,0xF99D,0x088F,0xFFE0,0xFA64,0xFFAF,0x0056,0xF576,0xFB8D,0x0987,0x0393,0xFB63,0xFA2D,0xF65E,0x0244,0xF6C1,
    0xF201,0x0AAF,0x039C,0xF241,0xF961,0xFD2F,0x003E,0x0BC3,0x02CE,0xF546,0xFEE6,0x02B1,0x0275,0x0D28,0x0A93,0xF97E,
    0x018B,0x05E4,0xFF43,0x0672,0xFE2B,0xFB67,0x0925,0x0717,0xF93F,0xF90C,0xFC60,0xFD9B,0xF679,0x02CB,0x0469,0xF98D,
    0x0373,0x0198,0x02AA,0x0827,0x0503,0xFE57,0xFD02,0x0058,0xF9D5,0x05E8,0x076B,0xF49C,0xFC8D,0xFFC7,0x0AA3,0x0E16,
    0x088C,0x0011,0xF10E,0x0C0D,0x12BE,0x01BE,0xFF71,0xFD15,0xFF03,0x067C,0xFFB5,0xF848,0x0234,0x09DA,0x023C,0xEF1E,
    0xF836,0xFDF0,0xFC83,0x07F0,0xFCBB,0x0565,0x07A0,0xF2D3,0xF924,0x0023,0xF526,0xFD99,0x05F0,0x071F,0xF69E,0xF9EF,
    0x0026,0xFB82,0x00CD,0xFC6E,0xFCDF,0x00DC,0x0665,0xFFC8,0xFE72,0x0033,0x0928,0x0BB0,0x052C,0xFFC2,0xF7DE,0x00D0,
    0x08CC,0xF626,0xFEA1,0x05AB,0xFD5A,0xF799,0xFE52,0x0370,0xFBA0,0xFB7F,0x0C1F,0xF43F,0xE905,0x006E,0x14CB,0x050A,
    0x02C1,0xFB11,0xEB95,0xFA37,0x0A66,0x06D1,0x0238,0x00FA,0xF9AD,0xFC04,0xFDC1,0x0512,0x03CC,0x0051,0x02BB,0x0339,
    0x0B41,0xFEB5,0xF67C,0x02A6,0x057F,0xF450,0x0031,0x0BC0,0xF639,0xFA14,0x0883,0xF52B,0xF40E,0x09C2,0x05C1,0xFC5B,
    0x04ED,0x04D2,0xF782,0x0329,0x0289,0xFAA1,0x02CE,0x012F,0xFF3E,0xFE8C,0x069F,0x0080,0xF1B7,0xFF8E,0x0212,0x00CA,
    0x0B19,0x0153,0xF150,0x04AD,0x0906,0xFC11,0x0CDB,0x0F99,0xEC3F,0xF3B1,0x0B98,0xFB4B,0xF944,0x05EC,0xF296,0xF906,
    0x1622,0x0203,0xFA97,0x0262,0xF5A7,0xED7A,0x01A5,0x113E,0x0713,0x0A19,0xFEBA,0xE934,0xFC0F,0x0F65,0xFFD7,0x00E5,
    0x02EB,0xE62A,0xF1A1,0x1C49,0xFF09,0x01DE,0x13D4,0xE6CB,0xEA32,0x15EB,0x0A58,0xFA08,0x128F,0xFAD6,0xEB36,0x068C,
    0x0F9F,0xFBD7,0xF9DB,0xFE70,0xF2E2,0x022F,0x0A1C,0xFEB9,0xFC1B,0xF820,0xE79D,0xF8B5,0x2A0B,0x015E,0xF2F2,0x168A,
    0xF4CC,0xF198,0x255F,0x0CB2,0xEAA1,0x0F0D,0x008B,0xF0F9,0x0DD8,0x05C1,0xF29B,0x0633,0xFDED,0xF464,0x0C30,0x09A5,
    0xFAF3,0x06B1,0x05CC,0xF2FF,0x06D9,0x0A80,0xEDBB,0xFB65,0x0F2A,0xF47D,0xF5AF,0x0BB0,0xF3BC,0xF03D,0x0EFF,0x057C,
    0xEED9,0x05B4,0x0200,0xF4F4,0x08FB,0x091E,0xFCDD,0x03F1,0xF8A0,0xF7A1,0x04CD,0x06F6,0xFAE1,0x076B,0xFED7,0xEFED,
    0x05FB,0x138D,0xF160,0xF84A,0x1382,0xF737,0xECCA,0x0BA9,0x0C08,0xEE25,0xFE28,0x0B59,0xFA4D,0x03C4,0x0A7D,0xF941,
    0xFAA1,0x001C,0xFF03,0x07DF,0xFF82,0xFE15,0x162B,0x0380,0xED75,0xFBE1,0x0C1F,0xF74C,0xF5FA,0x13DA,0xFE9A,0xEC24,
    0x0244,0x0A04,0xF9CA,0xF626,0xFD3C,0xFFF4,0xFAE3,0xFCD0,0x0DB4,0x0854,0xFC90,0xF8E9,0x011E,0x024F,0xF8F7,0x09E6,
    0x0CDB,0xF34C,0xFE16,0x160B,0x0065,0xEFB2,0x06F1,0x0453,0xF9C5,0x0886,0x0C35,0xFBD9,0xF332,0x0277,0x017C,0xFBE1,
    0x0215,0x0620,0x056A,0x032D,0xF3ED,0xF8E5,0x000B,0xFD25,0x0F57,0x09BE,0xEBA2,0xEC9E,0x0CA2,0xFF31,0x0184,0x089E,
    0xF9BB,0xFCAD,0x0547,0x0CD1,0x0C99,0xFE85,0xF696,0xFA81,0xFE1D,0xFFDA,0xFF09,0x0393,0xFDC9,0xF0C8,0xFE0E,0x078D,
    0x029E,0x0707,0x022D,0xF92C,0xFA74,0x09D9,0x0479,0xF5B3,0xFFD4,0x0097,0xF7D6,0x04D2,0xFB73,0xFD87,0x02A1,0xF29A,
    0xFE64,0x0C92,0xFB9C,0xF4DE,0xFB7D,0xEEC1,0x0137,0x1282,0xFDE3,0xED8E,0xF999,0x02A4,0x0894,0x088F,0xF1BD,0xF178,
    0x00FC,0xFF9A,0x0723,0x0AB2,0xFD39,0xFBC4,0xF5E2,0x003D,0x12B9,0x065F,0x054C,0x0896,0xFC0E,0xFFB8,0x071C,0x0645,
    0x0535,0x07CB,0x0665,0xF489,0xF307,0x01D6,0x0A88,0x0252,0xFA00,0x05AB,0x061E,0xFB5F,0x0325,0x1844,0x01D3,0xFD51,
    0x0A33,0xF400,0x03FA,0x0FD4,0xEE6D,0xF529,0x00FC,0xF091,0xFDFB,0x063E,0xEC4C,0xEB4D,0x00AF,0x0E22,0x031E,0x0049,
    0xF597,0xF703,0x07FA,0x0238,0x06B5,0x05B6,0xF22E,0xFDB1,0x0B1C,0x025A,0x04F7,0xFFBD,0xF993,0x0626,0x0A6E,0xFB62,
    0xF794,0xFB8F,0x00C7,0x0179,0x13A2,0x0A70,0xE241,0xFD93,0x133D,0xF5F4,0xF8BA,0x16BA,0xFB2E,0xF4F4,0x0EB8,0xFF29,
    0xEC6B,0x0A21,0x0935,0xF8ED,0x09C7,0x0713,0xF1EE,0x0220,0x12B7,0xEF96,0xF6A6,0xFDE6,0xF901,0xFEA5,0x0E39,0xFE08,
    0xEF91,0x027F,0x074B,0xFE68,0x02D1,0x0EDE,0xF9E2,0xF20B,0xFFF5,0x0EE8,0x033E,0xFABF,0x07B3,0xFF8A,0xF6ED,0xFC70,
    0x0CDE,0xF9D8,0x005E,0x0C1A,0xFCE3,0xF6D6,0xFD87,0xFB20,0xF7CB,0x0B11,0x06A0,0xF78A,0xF84B,0x0A65,0x03F9,0x0609,
    0x0530,0xF33A,0xF4A2,0xF993,0x080F,0x14C2,0x0620,0xF25B,0xE718,0xEE11,0x08CB,0x1137,0x1348,0x0AB0,0xFFDF,0xF4BE,
    0xE7A9,0xFD00,0x19AA,0x0CCC,0xF211,0xFF53,0xF9E0,0xF6DE,0x0CB1,0x0247,0xF6CE,0xFC37,0xFDBC,0x04BE,0x09FC,0x0942,
    0xF25D,0xE7AD,0x0299,0x0AA3,0xFC14,0x0BB0,0x04FD,0xEF36,0x0470,0x0395,0xFFAD,0x0640,0xFB4D,0xF2C7,0xFA8E,0x031D,
    0x01BB,0x005B,0xFD4C,0xF8C7,0xFA77,0x0DDC,0x05A6,0xF26E,0xFE48,0x0437,0x0825,0x092D,0x010C,0x0F4A,0xFA2D,0xF6F8,
    0x1FCB,0x068A,0xF649,0x0872,0xFDC8,0xFCB5,0x1697,0x0B05,0x0237,0xFA14,0xF31C,0xF8D1,0xFE1B,0x12C0,0x0BDB,0xF9E3,
    0xF84D,0xF7BF,0x00BC,0x02BE,0xF870,0xF943,0x0309,0xFEC4,0xF18D,0xF09F,0x0763,0x0596,0xF951,0x057C,0xFCAD,0xEC78,
    0x012F,0x0A14,0xF468,0x0021,0x023F,0xEEAF,0xF1E2,0x115C,0x00D2,0xF9DE,0x0905,0xFB2E,0xFCCF,0x0727,0x06DC,0x04AE,
    0xFF1C,0x01EA,0x0478,0x0422,0x00C5,0x0262,0xFB43,0xFBC1,0x0A28,0xFFF0,0xFB5F,0x0733,0xF659,0xF791,0x0411,0x0C72,
    0xFE40,0xEFED,0x0A96,0x07EF,0xF412,0x0416,0x0C68,0xF00D,0xF7A9,0x0A1E,0xF7A4,0xFFB0,0x0E1F,0xF90A,0xF717,0x1085,
    0x00DD,0xEFE5,0x0033,0x09B1,0xEA25,0xFDA9,0x1441,0xF0B1,0xFF88,0x1232,0xF7F6,0xFB82,0x126E,0x00DC,0xF58E,0x0905,
    0xF820,0xF6A9,0x0303,0x0372,0xEB95,0x01B0,0x0A5D,0xED25,0x0505,0x0E17,0xEFAB,0x086A,0x177B,0xF295,0xFCC2,0x0E90,
    0xFBBC,0xF34F,0x0B57,0xFE9D,0xF7B1,0x0926,0xFF7A,0xF95E,0x1241,0x0346,0xEEB4,0x0433,0x092D,0x04BE,0x09B1,0x0309,
    0xF5AD,0x0441,0x0434,0xF9C8,0xFEDA,0xFC9E,0xE9F0,0x0BE8,0x1775,0xE14D,0xF6B1,0x1387,0xE012,0xFBD4,0x2473,0xF37C,
    0xFC71,0x1519,0xED20,0xEEEE,0x202A,0x0C32,0xF673,0x092D,0x01C0,0xE652,0x0AF0,0x16C1,0xE460,0xFE94,0x0D45,0xE06A,
    0x0528,0x2134,0xF585,0x046E,0x1101,0xE415,0xF8A2,0x18B8,0xF6BD,0xFB67,0x0652,0xF061,0xFD7A,0x17C4,0xFC4C,0xEE30,
    0x0925,0xFC88,0xFCFD,0x1272,0x1BDE,0x0026,0xEF2F,0x0038,0xF909,0x0A21,0x05EB,0xF9B1,0xFA6C,0x04CA,0xF98B,0x0948,
    0x0EE8,0xE804,0xEFB6,0x02D9,0xF3AB,0xF993,0x19D9,0xFC9D,0xFA91,0x0EF3,0xFFD4,0x019B,0x0F87,0xF2E0,0xED59,0x009D,
    0x0342,0xFC73,0x15CB,0x0A0C,0xEE1B,0xFF4B,0x09C6,0xF2EA,0xF888,0x0B22,0xED5C,0xEB7F,0x0CBA,0x0BBE,0xF292,0xFF65,
    0x11D2,0xFC85,0xFE6C,0x0066,0xF08E,0xF422,0xFCA5,0xF460,0xFE8D,0x0510,0xF22C,0xFDC1,0x112E,0x0A9B,0x081D,0x0AC8,
    0xF642,0xED91,0x1204,0x10CF,0xF40E,0xFBA7,0xF14A,0xE67C,0xF276,0xFB7B,0x0340,0x07FA,0xFA15,0xFC83,0x0F38,0x09D4,
    0x0A5D,0x1AE1,0x1139,0xFE8C,0x0DE2,0x1BA3,0xF50C,0xF713,0x05C1,0xEA0F,0xE077,0xF7FC,0xF661,0xF6F2,0x050D,0xFEB2,
    0xF78A,0x0633,0x0955,0x096F,0x1B74,0x10B4,0xFD7A,0x174B,0x06B7,0xF352,0x0E1A,0x0841,0xDD4F,0xECE6,0x046E,0xE03A,
    0xF508,0x1377,0xF278,0xF1B7,0x0488,0xEFD0,0x0A75,0x13B9,0x1088,0x20D2,0x07C5,0xEFE0,0x04B8,0x10B2,0xFE80,0xF4C4,
    0x0A34,0xF588,0xD720,0xF4CE,0x044E,0xF754,0x0431,0x082A,0xFA2F,0x0842,0x225A,0x1208,0x1724,0x1733,0xF270,0x07DF,
    0x08D9,0xF374,0x05D8,0xF0B1,0xC667,0xE037,0xF540,0xF366,0xFB11,0xFB50,0xF78F,0xF3F8,0x0FF0,0x1BAB,0x0F99,0x0645,
    0x02F1,0x09B4,0x0B57,0x0E01,0x04F5,0xFDDB,0x0164,0xF91A,0x002B,0x0EA9,0xED4A,0xEF1E,0xFE88,0xEE16,0xFE25,0x17AD,
    0x027F,0xF572,0x1311,0x10A7,0xF840,0x02C7,0xFB21,0xF172,0x0682,0xFEC1,0xFABB,0xFEDA,0xEBD9,0xEE20,0x09BF,0x10A5,
    0x04A3,0x0BC1,0x044F,0xF728,0xFEFC,0x069C,0xFC69,0xFC9A,0xF9B6,0xF641,0x0321,0xFED1,0xFDD4,0x02B6,0x09FC,0x0033,
    0x02A2,0x102D,0x0922,0xFB13,0xFD5F,0xFED4,0xF907,0x0010,0x02E3,0xF8F5,0x07D0,0x0E73,0xF989,0xFB6A,0x000C,0xEECC,
    0xFD10,0x0781,0xF8BA,0xFB28,0xFE64,0xEF17,0xFB48,0x0C7A,0x003E,0x04C2,0x01B1,0xF775,0xFAF4,0x0421,0x0B07,0xF024,
    0xF730,0x0124,0x0072,0x0DD8,0x0653,0xF84A,0xF6B5,0xFD71,0x0259,0xF6D3,0xFE45,0x0780,0xFB7B,0xF9A3,0x0194,0x0342,
    0xFE4D,0xFCAB,0x0461,0x054C,0x0606,0x043B,0x09B5,0x0102,0xFC81,0x01B3,0x025F,0x0232,0x04D8,0xF96E,0xEF66,0x000B,
    0x0AE5,0xFCA6,0xFDD0,0xFE94,0xF8BA,0x07F0,0x0AAB,0x05E0,0x08DE,0x0153,0xFF0B,0x0CDC,0x0ABF,0xF88A,0xFE65,0xF90E,
    0xF892,0x0411,0x0574,0x0A55,0x05D8,0xFA9F,0xE5A0,0xEF86,0x0A83,0x05E6,0x05AF,0x0605,0xFC8E,0xFACB,0xFB26,0x0028,
    0xFB58,0xFD0D,0x0FE0,0x0793,0xF59B,0xFB85,0x02A7,0x0545,0x0EBB,0x098A,0xE9ED,0xF41B,0x06A4,0x05A4,0x1652,0xFC8B,
    0xE7F3,0xFC71,0x02C1,0x06E1,0x155A,0x0AAB,0xEFDF,0xF165,0x013E,0x0291,0x0527,0x0FD1,0xF735,0xE381,0xF80C,0x0D49,
    0x105A,0xFFC5,0xF58D,0xF1FE,0xF45F,0x107B,0x13EC,0xFC48,0x014C,0xF580,0xF696,0x12F5,0xFFE4,0xFB88,0x0AA8,0xF373,
    0xEB8D,0x048B,0xFFE5,0xEECD,0x0CDE,0x107A,0xF377,0xFC7B,0x0AC2,0xFEE1,0xFF17,0x0D7B,0x08D9,0xFB67,0x0085,0x0760,
    0xFC68,0x018C,0x0EFD,0xFED4,0xFBBF,0x02C1,0xF657,0xFAFE,0x17A2,0x09A1,0xE72A,0xEA1D,0xFE42,0xFF24,0x0706,0x0297,
    0xECE8,0xF4F6,0xF7E9,0x022A,0x11BE,0x0333,0xFCDF,0xFF33,0xFE2A,0x02E6,0x0D9B,0x02F1,0xF3BE,0xEF04,0xF8D7,0x0A85,
    0x09A7,0x04AD,0x055F,0xF282,0xEEFC,0x123F,0x101B,0xF93C,0x0309,0x01F6,0xF694,0x0893,0x0DD8,0xF796,0xF8C0,0xFA52,
    0xFDDB,0x023F,0xFD41,0xFC0C,0x01FA,0x09AD,0xFC33,0xFD9E,0x01BB,0xF7C3,0xFA03,0x0923,0x0957,0xFC01,0x010C,0x0338,
    0xF642,0x00C2,0x1674,0xFDDD,0xEFCF,0x0EFF,0x0A80,0xFD2F,0x114C,0x0A3E,0xEC9E,0xFC75,0x088B,0x0480,0x05AE,0xF8DD,
    0xEAA9,0xFFFA,0x0B7E,0xFD9E,0x1174,0xF71F,0xD7B4,0x0746,0x1214,0xFB50,0x0972,0x095D,0xE490,0xF105,0x15BE,0x09BE,
    0xF059,0x096F,0x1382,0xEBE9,0xF5EA,0x115E,0xFF06,0xFC06,0x01D5,0xEE23,0x020B,0x0BA6,0xF72B,0x1259,0x0900,0xE1E7,
    0xFEF1,0x14D5,0xF5FD,0x0576,0x08A6,0xE46D,0xF3B3,0x08F3,0x0433,0xF73D,0xFFBB,0xFE4D,0xF2E5,0x0503,0x0DC4,0x008A,
    0xFB77,0xF9EF,0xF831,0x1164,0x135B,0xF684,0xFA42,0xFC13,0xED4D,0x076B,0x146D,0xEC3E,0xF7F1,0x07AB,0xEB7D,0xF62F,
    0x1C03,0xF941,0xE286,0x1067,0x0688,0xF415,0x0A01,0xFF16,0xEED2,0x087C,0x065F,0xF75F,0x0C55,0xFA4F,0xF590,0x10BA,
    0x0294,0xEEEF,0x0D2D,0x07D2,0xEB08,0x06A5,0x107A,0xF30F,0xF53B,0x08C3,0xFA91,0xFC66,0x1650,0x11D2,0xFAF6,0xFB6F,
    0x034A,0xFE6D,0x0965,0x037A,0x04B5,0x0736,0xFF36,0x004D,0x0490,0x011E,0xED5C,0x084F,0x1B90,0xF924,0xFCC0,0x0CE7,
    0xEF07,0xF201,0x153E,0xFD93,0xF30A,0x0BA1,0x008F,0xF764,0x050F,0xFED2,0x0046,0x0FC3,0xF9C3,0xF5C7,0x0DCC,0xFFD7,
    0xF553,0x0905,0x00D2,0xF7F4,0x06A7,0xFF82,0xED2F,0xF087,0x0749,0x06FA,0xFDE3,0x0060,0xF6F6,0xF73D,0x0124,0x0977,
    0x0392,0x03D7,0xF92E,0xEDFE,0x10E7,0x143C,0xF214,0xFBA8,0x0240,0xEE09,0x0AEA,0x12B7,0xF4E1,0xFFD0,0x0ECE,0xFCCA,
    0xF07E,0xFEB9,0xFD31,0xFE87,0x0C42,0x0495,0x02FB,0x0DB5,0xEEB7,0xEC3E,0x0E09,0xF5A2,0xFB36,0x0E95,0x0383,0xF1AA,
    0xF41D,0x06F7,0x01F5,0x03AC,0x05F1,0xFDC0,0xF555,0x00FD,0x0C06,0x00F5,0xFD6F,0xF091,0xFB5D,0x129F,0x081A,0x050D,
    0x0FA7,0xED51,0xF0F6,0x20C2,0x0431,0xE8B3,0x0792,0x0167,0xF723,0x105D,0x0C45,0xF2E8,0xF45D,0xF5A5,0xFCD3,0x125E,
    0x07FD,0xE753,0xFACC,0xF9FD,0xF524,0x0E2C,0x0AA3,0x002C,0xFB15,0xFF9D,0xFBD5,0xF3BE,0x08F9,0x04DB,0xE8A7,0xFD45,
    0x1C00,0x013E,0xF1E1,0xFFA0,0x035D,0xF883,0x11DD,0x154F,0xF6A5,0xEB00,0xFAB7,0x14A6,0x04A0,0xF636,0x01C6,0x072C,
    0xEDE4,0x05A7,0x1F32,0xED1D,0xF184,0x0E0E,0xF856,0xF3A6,0x14C3,0xF845,0xEDB1,0x0D83,0x04A8,0xFB80,0x06F1,0x0E0C,
    0xFA2A,0x0131,0x058F,0xEFE3,0xFC91,0x0648,0xFC06,0x051C,0x01C3,0xF9D0,0x01F5,0xFD8E,0x0581,0x02FE,0xFDF5,0x0A07,
    0x08C1,0xF3FD,0xF1B1,0xFA55,0x0A98,0x0A0B,0xF953,0x0AF4,0xFEB2,0xE8A2,0xFE18,0x0C17,0x0117,0x0A2C,0x0537,0xFB33,
    0x0459,0xFCDD,0x045E,0x00C0,0xFAAB,0x0436,0x0C9E,0x0237,0xF627,0x0574,0xF6F3,0xEEB4,0x0DDC,0x0D0C,0xF165,0xF642,
    0x0859,0x0218,0xFA03,0x00C8,0x013F,0xF656,0xFA5C,0x09F9,0x052D,0xF0CB,0xF738,0x0171,0xFA20,0x0304,0x06EF,0xF21B,
    0xF6F6,0x046E,0x0EED,0x089E,0xFB73,0xFB11,0xFCDF,0x03F1,0x0CA2,0x0B25,0xF335,0xF622,0x058F,0xFF07,0x0BFD,0x08B4,
    0xFF58,0xF510,0xFF59,0x0C2D,0xFE65,0x08D1,0x0026,0xEE4E,0xFE0D,0x004E,0xFBD4,0x0638,0x0449,0xFA34,0x06B9,0x012E,
    0x0572,0x0031,0xF590,0x0230,0x0756,0x0C99,0x0234,0xFA89,0xFA84,0xF231,0xF9DD,0x0427,0x0318,0x0362,0xFF3E,0xF41E,
    0xFFDF,0xF31A,0xEF48,0xFBD1,0xFCAD,0xFFDC,0x0A86,0xFF80,0xF6C6,0xFC44,0xFEBF,0x012A,0x03CC,0x0E0F,0xFC66,0xEF26,
    0x12B6,0x1224,0xF863,0xFE7C,0x0088,0xF748,0x02AE,0x17AD,0x0365,0xE490,0x1134,0x0A65,0xEC9B,0xFB3D,0x086C,0xFC96,
    0xFC2C,0x1692,0xFD97,0xF96E,0x01BE,0xFDD4,0xF725,0xFEAD,0x15DE,0xFBA0,0xF816,0x01D0,0xF499,0xFA89,0x1587,0xFA32,
    0xEE97,0x03CF,0x0505,0x0370,0x0783,0x0CAA,0xEE2E,0xF514,0x056A,0xF818,0x0A2B,0x0456,0xF125,0x0048,0x059E,0x0043,
    0x0ED0,0xFE5A,0xEE29,0xFBB4,0x0DCC,0x09E2,0xFE01,0xFAC7,0xF73D,0x030E,0x0CB2,0x0A04,0x04A8,0x0358,0x04FD,0xFE7F,
    0x02BC,0x0F1D,0x060E,0x0412,0xFFCA,0xF7C4,0x0544,0xF872,0xF7DC,0x05C9,0x000C,0xF814,0xFC09,0x09CA,0xF5FD,0xF39B,
    0x02EB,0xFBCF,0x06C2,0x1527,0xF403,0xE6E0,0x0B8B,0xFBBD,0xFC43,0x10A5,0xFEF7,0xF2D2,0x02A7,0x0E2C,0x0401,0x0286,
    0xF521,0xFE3A,0x01CD,0xF831,0x096F,0x0A66,0xF1A7,0xF34E,0x10FF,0xFC71,0x0292,0x0C3B,0xEE8C,0xF632,0x0DE4,0x0013,
    0xFBF9,0x0842,0xF101,0xF4EE,0x0FC7,0x1161,0xF75C,0xFA5D,0x015C,0xEF2F,0x02B4,0x10DC,0xFF03,0xF1C4,0x0A8A,0x0480,
    0xF6C3,0x0AE5,0x0421,0xEBC0,0x02E4,0x104D,0xF57A,0x00EC,0x0ADC,0xF17C,0xFB40,0x0F5D,0xF9DE,0xFCF5,0x00C5,0xEF49,
    0x035B,0x0A0B,0xFD22,0xF62F,0x0A49,0x0311,0xFEE1,0x0ADC,0xFCBA,0xEFBE,0xFD8C,0x035D,0x035E,0x0B2F,0xF35F,0xEFF0,
    0x0B89,0xFCD0,0x0230,0x19DF,0x0309,0xE811,0xFD0D,0xFA72,0xED9A,0xFF71,0x05B9,0xF259,0xFE3A,0x13A5,0xF9E8,0xF06F,
    0x0A51,0xFEAF,0xF4FF,0x13EA,0x0958,0xEBDF,0x0245,0x0707,0xF868,0x0EF7,0x13F2,0xF028,0x030E,0x1778,0xED0A,0x03CF,
    0x1080,0xEA06,0xF814,0x0C8C,0xFEAF,0xFB57,0x0B3E,0xF79A,0xF07C,0x0EE0,0x0A20,0xFC76,0x07D8,0xFDF0,0xE8DC,0x083D,
    0x180C,0xF74A,0x07B2,0x0DFA,0xEE67,0x03E9,0x0AA7,0xF904,0x01C3,0x02A4,0xF617,0x0134,0x166C,0xFAD4,0xF2EF,0x097D,
    0xEE97,0xF31F,0x110E,0xFFCF,0xF174,0x081D,0x05E3,0xF311,0x073B,0xFF4B,0xE95B,0xFDD6,0x01C0,0x0437,0x1670,0x0541,
    0xE869,0xF954,0x089E,0xF180,0xFF66,0x19EC,0xFA03,0xE89B,0x0310,0x04B2,0xFD10,0x0B93,0xFF96,0xF37B,0x0A73,0x053D,
    0x02DF,0x0748,0xFDE8,0xFF07,0x0798,0x0248,0xF6DB,0x022D,0xF602,0xF2C2,0x051D,0x055A,0xFC06,0x0070,0x0A16,0xF62E,
    0xF2E2,0x0B42,0x0163,0xF415,0x0CFC,0xFEC6,0xF1BF,0x080A,0x02F6,0x0320,0x0393,0xF586,0xF049,0x0D35,0x055F,0xF6BB,
    0x09D7,0xFC0E,0xEF7E,0x05FE,0x10BC,0xF898,0xF850,0x0407,0x0275,0xFAD8,0xFEEF,0x034D,0xF37F,0x02DC,0x0750,0x0821,
    0x06A5,0xFCF0,0xFC13,0x0385,0x09AF,0xF8BA,0x0179,0x0766,0xF686,0x0039,0x0D18,0xF125,0xF73A,0x0AA8,0xFDDE,0x04BB,
    0x0832,0xFE58,0xF9B3,0x0447,0xFFFD,0xFCEA,0x0A24,0xFFC3,0xFB4D,0x004E,0x067C,0xFF3B,0x0709,0xF95B,0xEBD4,0x086A,
    0x042E,0xF9DA,0x062A,0x041A,0xF012,0xF9FB,0x0899,0x01C9,0xFD44,0xFD54,0xFCBD,0xFCC3,0x03B0,0x0485,0x042C,0xFB45,
    0xFAF1,0x0439,0x01F3,0x0075,0x000C,0x02F3,0xFC51,0xFE8A,0x00A2,0xFF78,0xFC78,0xF7AE,0xFDE5,0xFDB3,0x05B9,0x0576,
    0xFDEE,0xFECF,0x00B5,0x0398,0x027D,0xFF8A,0xFCDD,0xFF9A,0x0294,0x05D1,0x08AE,0x01B6,0xF4D6,0xF850,0x06EC,0x088E,
    0x0532,0x0190,0xFF03,0xF9C8,0xFECF,0x06FC,0x00E7,0xFFC2,0x0058,0xFCEB,0xFFF7,0x0658,0x0491,0xFD52,0xFCDF,0xFC3E,
    0x0049,0x0756,0x021B,0xFEDE,0x015B,0xF9D0,0xFCAD,0x0A29,0x06F4,0xFBF1,0xF735,0xFC43,0x00A7,0x0313,0x0869,0x0398,
    0xFD6C,0xF9F5,0xFCE5,0x01E2,0xFDBB,0x02F8,0x0469,0xFF3E,0xFF92,0xFFAD,0xFAAC,0xFAB6,0x0116,0x03D5,0x0356,0xFECA,
    0xFC43,0xFD15,0xFDFB,0x0181,0x0232,0xFBC7,0xF7AE,0xFB1D,0x06CC,0x0B93,0xFF58,0xFE5D,0xFC91,0xF74D,0x01A6,0x06E1,
    0x05EC,0xFE99,0xFAD4,0xFA14,0xFF1C,0x06A0,0x0594,0xFF8A,0xF912,0xFDC8,0x02BB,0x024A,0x02FE,0xFE48,0xFAF4,0x023C,
    0x057A,0x040C,0x03F1,0xFE80,0xFDFE,0x022F,0x03EC,0xFF7D,0xFE06,0x01B5,0xFD72,0xFF2E,0x0051,0xFDD0,0xFA65,0xFB90,
    0x0318,0x0444,0xFE08,0xF961,0xF79C,0xFA10,0x015C,0x06C1,0x056F,0xFF24,0xF8D1,0xF6BB,0xFBCF,0x05A1,0x0282,0xFF26,
    0xFF85,0x016E,0x070F,0x03EC,0xFEDA,0xFAD9,0x0024,0x0479,0x00C2,0x024C,0x0303,0xFD37,0xFD91,0xFF86,0xFD37,0x01DD,
    0x03A2,0x0013,0xFF46,0x00E0,0x0178,0x00DC,0x0183,0x0014,0x01D2,0x0124,0xFFBA,0xFEE1,0xFB42,0xFB0E,0x0028,0x03EC,
    0x014B,0xFF63,0xFFB0,0xFE1A,0xFF88,0x02D1,0x006E,0xFE08,0xFFE4,0x00EA,0x015C,0x030E,0x00D2,0xFC02,0xFD17,0x0202,
    0x027C,0x00FD,0x01E5,0x0029,0xFCC7,0xFFBA,0x0205,0x01AD,0x0356,0xFE9F,0xFC5B,0x0176,0xFF5B,0xFD69,0x002E,0xFF06,
    0x00E2,0x0348,0x0008,0xFCED,0xFCB5,0xFEB4,0x010C,0xFFF2,0xFF5D,0x0238,0x015B,0xFDC0,0x0053,0x00EA,0xFCC5,0xFBF9,
    0xFEA1,0x0024,0xFFC0,0x0284,0x00CF,0xFE87,0xFE1E,0x008F,0x027A,0x0275,0x01FA,0xFF51,0x000E,0x00D5,0xFFC3,0x002B,
    0x027A,0xFFA8,0xFF73,0x0053,0xFF43,0xFF33,0x0076,0x013A,0xFF6B,0x01A8,0x0217,0xFE38,0xFD8F,0x00DC,0x0031,0x00F7,
    0x01E0,0xFEA9,0xFCFF,0x00DC,0x01DA,0x0016,0x024C,0xFE45,0xFC69,0x0122,0x02B6,0x0194,0x0136,0xFF6D,0xFC5B,0x013F,
    0x0378,0xFF56,0x0202,0x0382,0xFD29,0xFD0D,0x02B6,0xFF70,0xFDF9,0x02BF,0xFEC9,0xFBA8,0x0277,0x0244,0xFDE5,0x0008,
    0xFD3D,0xFC93,0x0127,0x011A,0xFEFE,0x012A,0x0264,0xFF4E,0x00A2,0x0375,0xFD25,0xFE6F,0x0483,0xFE8F,0xFF44,0x04FA,
    0xFCE0,0xFB0B,0x0223,0x02AA,0x00D5,0x0036,0xFC11,0xFCBA,0x0279,0x04D0,0x023F,0x0169,0xFE8F,0xFB40,0x00A3,0x03FF,
    0xFF8E,0xFF7A,0x0132,0xFC19,0xFE40,0x05F9,0x01A1,0xFC6E,0x009F,0x009D,0x0056,0x063E,0xFF63,0xFB3E,0x0129,0x00BD,
    0xFF59,0x03B7,0x01D6,0xFA45,0xFFCD,0x0009,0xFC5E,0x030C,0x014F,0xFA3C,0xFFF7,0x01CE,0xFD59,0x01EE,0xFFC7,0xF9B8,
    0xFFB8,0x052F,0xFE2A,0xFC21,0x01FB,0xFF48,0xFE4F,0x02FC,0x00CD,0xFD84,0xFF60,0xFFA5,0xFF7D,0x021B,0x014B,0xFF16,
    0x0026,0xFFF7,0xFD2F,0x00A0,0x01A0,0xFC19,0xFEDC,0x0404,0x002E,0xFFDD,0x02E8,0xFEDC,0xFE68,0xFFD4,0x0065,0x01C0,
    0x01C8,0xFE55,0xFEF6,0x0238,0xFFF8,0xFF6E,0x024C,0xFEB2,0xFD22,0x039A,0x00AD,0xFE18,0xFFCB,0xFF4B,0xFE74,0x001B,
    0x00A5,0x00A0,0xFF7A,0xFFCD,0xFF86,0xFFFF,0x034A,0xFFA0,0xFEFE,0x020D,0xFFBF,0xFE2B,0x027A,0x0066,0xFD52,0x00D2,
    0x014F,0xFDC9,0xFE91,0x0235,0xFE22,0xFD39,0x0304,0x0111,0xFEEF,0xFF7A,0xFDC4,0xFFEA,0x0294,0x0090,0xFFE7,0xFEBD,
    0xFDC3,0x0184,0x0388,0xFF4E,0xFD72,0xFF98,0xFED9,0xFEFC,0x01EB,0x01E6,0xFFA0,0xFE00,0xFEDF,0x0018,0xFF53,0xFFD2,
    0x0028,0xFF36,0xFFCD,0x0046,0x006B,0xFF60,0xFE6D,0x0046,0x0223,0xFF96,0xFFE4,0x01F8,0x0014,0xFED7,0x0105,0x01F2,
    0xFF48,0x0171,0x017B,0xFE60,0x009A,0x0178,0xFFD4,0x005E,0xFFF2,0xFFA2,0x0183,0xFFFD,0xFE0B,0xFFD2,0xFFC7,0xFEDC,
    0x01D3,0x026A,0xFEBF,0xFED4,0x00C2,0xFF2E,0x003D,0x021B,0x0001,0xFE9A,0xFF8D,0x009F,0x0082,0xFFD5,0xFF41,0xFEBD,
    0xFF85,0x001C,0xFFF7,0x0066,0xFF63,0xFE8C,0x00B7,0x00C5,0xFF1E,0xFFCD,0x008F,0x0030,0x0033,0x0053,0xFF86,0xFF71,
    0x0097,0x00BD,0xFF9A,0xFF8B,0xFF9B,0xFF34,0x0033,0x0063,0x004B,0x00A2,0xFFCA,0xFEE7,0x00D5,0x013C,0xFFDD,0x0046,
    0xFF8A,0xFDD8,0xFF9B,0x0134,0xFF58,0xFF53,0x0075,0xFF6D,0x0036,0x01D5,0x006E,0xFFB8,0x0033,0x000B,0x00DF,0x018E,
    0x001B,0xFF53,0xFFCF,0xFFA3,0x0003,0x012C,0xFFD7,0xFEC1,0xFFB8,0x0023,0x0020,0x0019,0xFFFC,0xFFFC,0x0068,0x0041,
    0x0043,0x0040,0x0101,0x003E,0xFF17,0x0085,0xFFFA,0xFF7E,0x009A,0xFF4E,0xFEF7,0x0105,0x0066,0xFF7E,0x002B,0xFF50,
    0xFF65,0x00F4,0x00E9,0xFF51,0xFFC5,0xFF29,0xFECE,0x008F,0x006B,0xFF7A,0x0008,0xFF69,0xFEE9,0xFF92,0x0018,0x004B,
    0xFFB0,0x0048,0xFFFD,0xFFAA,0x0006,0xFF7D,0xFF29,0xFFB2,0x00A8,0x0020,0xFF65,0x0062,0xFFE0,0xFF01,0x0085,0xFFFF,
    0xFFAA,0x002B,0xFF68,0x001E,0x019E,0x0070,0xFF90,0x0013,0xFFFC,0x0048,0x00FC,0xFFB0,0xFF3C,0x0001,0x0060,0xFFDC,
    0x0023,0x0033,0xFEFC,0xFFD0,0xFFCD,0xFFFA,0x00A0,0xFFE2,0xFF98,0x004B,0xFFF7,0xFFB8,0x0068,0x0023,0x0019,0x001E,
    0x0076,0xFFDD,0xFFD8,0x0031,0xFFBF,0xFFAF,0x00AA,0x008B,0xFF3C,0xFFB7,0x00C2,0xFFD4,0xFFE7,0x0030,0xFF1C,0xFFB7,
    0x00F2,0x0060,0x0030,0xFFB5,0xFEB1,0x0028,0x00CF,0x00B8,0xFFFF,0xFFED,0xFFA3,0xFFC0,0x0021,0x0016,0x008D,0xFFEF,
    0xFFA3,0xFF8E,0x001E,0x009A,0x0028,0xFF70,0xFF0F,0x001B,0x003D,0x0026,0x0043,0xFFBD,0xFFF7,0x000E,0xFFD8,0x005B,
    0x0060,0x0003,0x003E,0x0006,0xFFDC,0xFFF8,0x0031,0x001C,0xFFD5,0x000C,0xFF96,0xFFE2,0x0048,0x0019,0x0040,0xFFDC,
    0xFF8A,0x0009,0x004E,0x0011,0x0058,0x007B,0xFF68,0xFF83,0x0019,0xFFED,0x0004,0x0033,0xFFD7,0xFF9B,0xFFAF,0x001E,
    0x0048,0xFFEA,0xFFE4,0x0008,0x0010,0x003E,0x005B,0x0003,0xFFB7,0xFFD7,0x0038,0xFFFA,0xFFB5,0xFFE7,0x0009,0xFFE5,
    0xFFD5,0xFFD8,0xFFD0,0xFFEA,0xFFFA,0x007D,0x0024,0xFFF4,0x0026,0x0000,0xFFDD,0xFFDC,0x0021,0x0028,0x0004,0xFFFD,
    0x0021,0xFFC2,0xFFEC,0x0038,0xFFF0,0xFFB5,0x000C,0x0024,0xFFDD,0x001C,0x0011,0xFFF5,0x0001,0xFFEA,0x0026,0x0008,
    0xFFCB,0xFFC3,0xFFE5,0x0010,0x0023,0x0043,0xFFE4,0xFFC7,0x0008,0x0004,0x0018,0x0028,0xFFF2,0x0003,0x0004,0xFFF4,
    0x0014,0x0009,0xFFFC,0xFFE7,0x0018,0xFFFA,0xFFEA,0x0019,0x000C,0xFFE7,0xFFED,0x0000,0xFFFF,0x0009,0x0003,0xFFF0,
    0xFFF8,0xFFF8,0x0004,0x0008,0xFFEA,0xFFFF,0x0013,0x0000,0x0009,0xFFF8,0xFFFD,0x0013,0x0006,0x0001,0x000B,0x0001,
    0xFFF8,0x0016,0x0008,0xFFF0,0xFFF7,0xFFFA,0xFFF7,0xFFF7,0x0011,0x0011,0xFFEA,0xFFF2,0x0006,0x0001,0xFFFF,0xFFFC,
    0x0000,0xFFF5,0xFFF5,0x0003,0xFFFA,0xFFF4,0xFFFD,0x0008,0xFFFA,0xFFF2,0x0006,0x0003,0xFFE8,0xFFF5,0xFFF8,0xFFFD,
    0xFFF8,0x000C,0x0011,0xFFF8,0xFFFD,0xFFFF,0xFFFA,0x0009,0x0006,0xFFF7,0xFFFF,0xFFEA,0xFFF4,0x0013,0xFFFF,0xFFF0,
    0x0001,0xFFFA,0xFFEC,0xFFFD,0x0010,0xFFFA,0xFFFA,0x000B,0xFFF8,0xFFF8,0x000E,0x000C,0xFFF8,0xFFFA,0xFFFD,0x0009,
    0x0001,0xFFFA,0x0000,0xFFF8,0xFFF4,0xFFFA,0x0001,0xFFF7,0x0003,0x0009,0xFFFF,0x0000,0x000B,0x0003,0x0001,0xFFFF,
    0x0004,0xFFFD,0xFFF7,0xFFFF,0x0000,0x0011,0x0008,0xFFFF,0x0004,0xFFFF,0x0000,0x000E,0x0004,0x0000,0xFFFA,0xFFFC,
    0x0000,0xFFFC,0x0010,0x0003,0xFFFF,0xFFFC,0xFFFF,0x0004,0xFFFD,0x0004,0xFFF8,0xFFF8,0x0003,0x000C,0x0008,0xFFF8,
    0x0001,0xFFFF,0x0001,0x0009,0x0003,0xFFF0,0xFFF5,0xFFF7,0xFFF0,0x0000,0x0008,0x0003,0xFFFD,0x0001,0xFFFA,0x0004,
    0x000C,0x0003,0xFFFA,0xFFF8,0x0003,0xFFFF,0x0003,0x0000,0xFFFC,0x0000,0x0001,0x000C,0xFFFF,0xFFFF,0xFFFD,0xFFFC,
    0x0000,0x0001,0x0009,0x0001,0xFFFF,0x0003,0x0000,0x0003,0x000B,0x0001,0xFFFF,0xFFFC,0xFFFD,0x0003,0x0000,0x0001,
    0x0001,0x0004,0x0001,0xFFFF,0x0004,0x0003,0xFFFC,0x0000,0xFFFF,0xFFFA,0xFFFD,0x0000,0xFFFF,0x0000,0x0004,0xFFFF,
    0xFFFF,0xFFFD,0x0003,0x0006,0xFFFF,0xFFFD,0x0003,0xFFFF,0xFFFD,0x0004,0x0000,0xFFFA,0xFFFD,0x0001,0xFFFC,0xFFFF,
    0x0006,0xFFFF,0xFFFA,0x0000,0xFFFF,0x0000,0x0003,0xFFFF,0x0000,0x0000,0xFFFF,0x0003,0x0003,0xFFFF,0xFFFF,0xFFFF,
    0xFFFF,0xFFFC,0x0000,0x0001,0xFFFF,0xFFFF,0x0001,0x0000,0xFFFF,0xFFFF,0x0000,0xFFFF,0xFFFF,0x0000,0x0000,0x0000,
    0x0000,0x0001,0xFFFF,0xFFFD,0x0001,0x0001,0x0000,0xFFFF,0x0000,0xFFFF,0xFFFF,0x0000,0x0001,0x0000,0x0000,0x0001,
    0x0000,0x0000,0x0001,0x0000,0x0000,0x0000,0x0000,0x0001,0x0000,0xFFFF,0x0000,0x0000,0x0000,0x0000,0x0000,0x0000,
    0x0000,0x0000,0x0000,0x0000,0xFFFF,0x0000,0x0001,0x0000,0x0000,0x0000,0x0000,0x0000,0x0000,0x0000,0x0000,0x0000,
    0x0000,0x0000,0x0000,0x0000,0x0000,0x0000,0x0000,0x0000,0x0000,0x0000,0x0000,0x0000,0x0000,0x0000,0x0000,0x0000,
    0x0000,0x0000,0x0000,0x0000,0x0000,0x0000,0x0000,0x0000,0x0000,0x0000,0x0000,0x0000,0x0000,0x0000,0x0000,0x0000,
    0x0000,0x0000,0x0000,0x0000,0x0000,0x0000,0x0000,0x0000,0x0000,0x0000,0x0000,0x0000,0x0000,0x0000,0x0000,0x0000,
    0x0000,0x0000,0x0000,0x0000,0x0000,0x0000,0x0000,0x0000,0x0000,0x0000,0x0000,0x0000,0x0000,0x0000,0x0000,0x0000,
    0x0000,0x0000,0x0000,0x0000,0x0000,0x0000,0x0000,0x0000,0x0000,0x0000,0x0000,0x0000,0x0000,0x0000,0x0000,0x0000,
    0x0000,0x0000,0x0000,0x0000,0x0000,0x0000,0x0000,0x0000,0x0000,0x0000,0x0000,0x0000,0x0000,0x0000,0x0000,0x0000,
    0x0000,0x0000,0x0000,0x0000,0x0000,0x0000,0x0000,0x0000,0x0000,0x0000,0x0000,0x0000,0x0000,0x0000,0x0000,0x0000,
    0x0000,0x0000,0x0000,0x0000,0x0000,0x0000,0x0000,0x0000,0x0000,0x0000,0x0000,0x0000,0x0000,0x0000,0x0000,0x0000,
    0x0000,0x0000,0x0000,0x0000,0x0000,0x0000,0x0000,0x0000,0x0000,0x0000,0x0000,0x0000,0x0000,0x0000,0x0000,0x0000,
    0x0000,0x0000,0x0000,0x0000,0x0000,0x0000,0x0000,0x0000,0x0000,0x0000,0x0000,0x0000,0x0000,0x0000,0x0000,0x0000,
    0x0000,0x0000,0x0000,0x0000,0x0000,0x0000,0x0000,0x0000,0x0000,0x0000,0x0000,0x0000,0x0000,0x0000,0x0000,0x0000,
    0x0000,0x0000,0x0000,0x0000,0x0000,0x0000,0x0000,0x0000,0x0000,0x0000,0x0000,0x0000,0x0000,0x0000,0x0000,0x0000,
    0x0000,0x0000,0x0000,0x0000,0x0000,0x0000,0x0000,0x0000,0x0000,0x0000,0x0000,0x0000,0x0000,0x0000,0x0000,0x0000,
    0x0000,0x0000,0x0000,0x0000,0x0000,0x0000,0x0000,0x0000,0x0000,0x0000,0x0000,0x0000,0x0000,0x0000,0x0000,0x0000,
    0x0000,0x0000,0x0000,0x0000,0x0000,0x0000,0x0000,0x0000,0x0000,0x0000,0x0000,0x0000,0x0000,0x0000,0x0000,0x0000,
    0x0000,0x0000,0x0000,0x0000,0x0000,0x0000,0x0000,0x0000,0x0000,0x0000,0x0000,0x0000,0x0000,0x0000,0x0000,0x0000,
    0x0000,0x0000,0x0000,0x0000,0x0000,0x0000,0x0000,0x0000,0x0000,0x0000,0x0000,0x0000,0x0000,0x0000,0x0000,0x0000,
    0x0000,0x0000,0x0000,0x0000,0x0000,0x0000,0x0000,0x0000,0x0000,0x0000,0x0000,0x0000,0x0000,0x0000,0x0000,0x0000,
    0x0000,0x0000,0x0000,0x0000,0x0000,0x0000,0x0000,0x0000,0x0000,0x0000,0x0000,0x0000,0x0000,0x0000,0x0000,0x0000,
    0x0000,0x0000,0x0000,0x0000,0x0000,0x0000,0x0000,0x0000,0x0000,0x0000,0x0000,0x0000,0x0000,0x0000,0x0000,0x0000,
    0x0000,0x0000,0x0000,0x0000,0x0000,0x0000,0x0000,0x0000,0x0000,0x0000,0x0000,0x0000,0x0000,0x0000,0x0000,0x0000,
    0x0000,0x0000,0x0000,0x0000,0x0000,0x0000,0x0000,0x0000,0x0000,0x0000,0x0000,0x0000,0x0000,0x0000,0x0000,0x0000,
    0x0000,0x0000,0x0000,0x0000,0x0000,0x0000,0x0000,0x0000,0x0000,0x0000,0x0000,0x0000,0x0000,0x0000,0x0000,0x0000,
    0x0000,0x0000,0x0000,0x0000,0x0000,0x0000,0x0000,0x0000,0x0000,0x0000,0x0000,0x0000,0x0000,0x0000,0x0000,0x0000,
    0x0000,0x0000,0x0000,0x0000,0x0000,0x0000,0x0000,0x0000,0x0000,0x0000,0x0000,0x0000,0x0000,0x0000,0x0000,0x0000,
    0x0000,0x0000,0x0000,0x0000,0x0000,0x0000,0x0000,0x0000,0x0000,0x0000,0x0000,0x0000,0x0000,0x0000,0x0000,0x0000,
    0x0000,0x0000,0x0000,0x0000,0x0000,0x0000,0x0000,0x0000,0x0000,0x0000,0x0000,0x0000,0x0000,0x0000,0x0000,0x0000,
    0x0000,0x0000,0x0000,0x0000,0x0000,0x0000,0x0000,0x0000,0x0000,0x0000,0x0000,0x0000,0x0000,0x0000,0x0000,0x0000,
    0x0000,0x0000,0x0000,0x0000,0x0000,0x0000,0x0000,0x0000,0x0000,0x0000,0x0000,0x0000,0x0000,0x0000,0x0000,0x0000,
    0x0000,0x0000,0x0000,0x0000,0x0000,0x0000,0x0000,0x0000,0x0000,0x0000,0x0000,0x0000,0x0000,0x0000,0x0000,0x0000,
    0x0000,0x0000,0x0000,0x0000,0x0000,0x0000,0x0000,0x0000,0x0000,0x0000,0x0000,0x0000,0x0000,0x0000,0x0000,0x0000,
    0x0000,0x0000,0x0000,0x0000,0x0000,0x0000,0x0000,0x0000,0x0000,0x0000,0x0000,0x0000,0x0000,0x0000,0x0000,0x0000,
    0x0000,0x0000,0x0000,0x0000,0x0000,0x0000,0x0000,0x0000,0x0000,0x0000,0x0000,0x0000,0x0000,0x0000,0x0000,0x0000,
    0x0000,0x0000,0x0000,0x0000,0x0000,0x0000,0x0000,0x0000,0x0000,0x0000,0x0000,0x0000,0x0000,0x0000,0x0000,0x0000,
    0x0000,0x0000,0x0000,0x0000,0x0000,0x0000,0x0000,0x0000,0x0000,0x0000,0x0000,0x0000,0x0000,0x0000,0x0000,0x0000,
    0x0000,0x0000,0x0000,0x0000,0x0000,0x0000,0x0000,0x0000,0x0000,0x0000,0x0000,0x0000,0x0000,0x0000,0x0000,0x0000,
    0x0000,0x0000,0x0000,0x0000,0x0000,0x0000,0x0000,0x0000,0x0000,0x0000,0x0000,0x0000,0x0000,0x0000,0x0000,0x0000,
    0x0000,0x0000,0x0000,0x0000,0x0000,0x0000,0x0000,0x0000,0x0000,0x0000,0x0000,0x0000,0x0000,0x0000,0x0000,0x0000,
    0x0000,0x0000,0x0000,0x0000,0x0000,0x0000,0x0000,0x0000,0x0000,0x0000,0x0000,0x0000,0x0000,0x0000,0x0000,0x0000,
    0x0000,0x0000,0x0000,0x0000,0x0000,0x0000,0x0000,0x0000,0x0000,0x0000,0x0000,0x0000,0x0000,0x0000,0x0000,0x0000,
    0x0000,0x0000,0x0000,0x0000,0x0000,0x0000,0x0000,0x0000,0x0000,0x0000,0x0000,0x0000,0x0000,0x0000,0x0000,0x0000,
    0x0000,0x0000,0x0000,0x0000,0x0000,0x0000,0x0000,0x0000,0x0000,0x0000,0x0000,0x0000,0x0000,0x0000,0x0000,0x0000,
    0x0000,0x0000,0x0000,0x0000,0x0000,0x0000,0x0000,0x0000,0x0000,0x0000,0x0000,0x0000,0x0000,0x0000,0x0000,0x0000,
    0x0000,0x0000,0x0000,0x0000,0x0000,0x0000,0x0000,0x0000,0x0000,0x0000,0x0000,0x0000,0x0000,0x0000,0x0000,0x0000,
    0x0000,0x0000,0x0000,0x0000,0x0000,0x0000,0x0000,0x0000,0x0000,0x0000,0x0000,0x0000,0x0000,0x0000,0x0000,0x0000,
    0x0000,0x0000,0x0000,0x0000,0x0000,0x0000,0x0000,0x0000,0x0000,0x0000,0x0000,0x0000,0x0000,0x0000,0x0000,0x0000,
    0x0000,0x0000,0x0000,0x0000,0x0000,0x0000,0x0000,0x0000,0x0000,0x0000,0x0000,0x0000,0x0000,0x0000,0x0000,0x0000,
    0x0000,0x0000,0x0000,0x0000,0x0000,0x0000,0x0000,0x0000,0x0000,0x0000,0x0000,0x0000,0x0000,0x0000,0x0000,0x0000,
    0x0000,0x0000,0x0000,0x0000,0x0000,0x0000,0x0000,0x0000,0x0000,0x0000,0x0000,0x0000,0x0000,0x0000,0x0000,0x0000,
    0x0000,0x0000,0x0000,0x0000,0x0000,0x0000,0x0000,0x0000,0x0000,0x0000,0x0000,0x0000,0x0000,0x0000,0x0000,0x0000,
    0x0000,0x0000,0x0000,0x0000,0x0000,0x0000,0x0000,0x0000,0x0000,0x0000,0x0000,0x0000,0x0000,0x0000,0x0000,0x0000,
    0x0000,0x0000,0x0000,0x0000,0x0000,0x0000,0x0000,0x0000,0x0000,0x0000,0x0000,0x0000,0x0000,0x0000,0x0000,0x0000,
    0x0000,0x0000,0x0000,0x0000,0x0000,0x0000,0x0000,0x0000,0x0000,0x0000,0x0000,0x0000,0x0000,0x0000,0x0000,0x0000,
    0x0000,0x0000,0x0000,0x0000,0x0000,0x0000,0x0000,0x0000,0x0000,0x0000,0x0000,0x0000,0x0000,0x0000,0x0000,0x0000,
    0x0000,0x0000,0x0000,0x0000,0x0000,0x0000,0x0000,0x0000,0x0000,0x0000,0x0000,0x0000,0x0000,0x0000,0x0000,0x0000,
    0x0000,0x0000,0x0000,0x0000,0x0000,0x0000,0x0000,0x0000,0x0000,0x0000,0x0000,0x0000,0x0000,0x0000,0x0000,0x0000,
    0x0000,0x0000,0x0000,0x0000,0x0000,0x0000,0x0000,0x0000,0x0000,0x0000,0x0000,0x0000,0x0000,0x0000,0x0000,0x0000,
    0x0000,0x0000,0x0000,0x0000,0x0000,0x0000,0x0000,0x0000,0x0000,0x0000,0x0000,0x0000,0x0000,0x0000,0x0000,0x0000,
    0x0000,0x0000,0x0000,0x0000,0x0000,0x0000,0x0000,0x0000,0x0000,0x0000,0x0000,0x0000,0x0000,0x0000,0x0000,0x0000,
    0x0000,0x0000,0x0000,0x0000,0x0000,0x0000,0x0000,0x0000,0x0000,0x0000,0x0000,0x0000,0x0000,0x0000,0x0000,0x0000,
    0x0000,0x0000,0x0000,0x0000,0x0000,0x0000,0x0000,0x0000,0x0000,0x0000,0x0000,0x0000,0x0000,0x0000,0x0000,0x0000,
    0x0000,0x0000,0x0000,0x0000,0x0000,0x0000,0x0000,0x0000,0x0000,0x0000,0x0000,0x0000,0x0000,0x0000,0x0000,0x0000,
    0x0000,0x0000,0x0000,0x0000,0x0000,0x0000,0x0000,0x0000,0x0000,0x0000,0x0000,0x0000,0x0000,0x0000,0x0000,0x0000,
    0x0000,0x0000,0x0000,0x0000,0x0000,0x0000,0x0000,0x0000,0x0000,0x0000,0x0000,0x0000,0x0000,0x0000,0x0000,0x0000,
    0x0000,0x0000,0x0000,0x0000,0x0000,0x0000,0x0000,0x0000,0x0000,0x0000,0x0000,0x0000,0x0000,0x0000,0x0000,0x0000,
    0x0000,0x0000,0x0000,0x0000,0x0000,0x0000,0x0000,0x0000,0x0000,0x0000,0x0000,0x0000,0x0000,0x0000,0x0000,0x0000,
    0x0000,0x0000,0x0000,0x0000,0x0000,0x0000,0x0000,0x0000,0x0000,0x0000,0x0000,0x0000,0x0000,0x0000,0x0000,0x0000,
    0x0000,0x0000,0x0000,0x0000,0x0000,0x0000,0x0000,0x0000,0x0000,0x0000,0x0000,0x0000,0x0000,0x0000,0x0000,0x0000,
    0x0000,0x0000,0x0000,0x0000,0x0000,0x0000,0x0000,0x0000,0x0000,0x0000,0x0000,0x0000,0x0000,0x0000,0x0000,0x0000,
    0x0000,0x0000,0x0000,0x0000,0x0000,0x0000,0x0000,0x0000,0x0000,0x0000,0x0000,0x0000,0x0000,0x0000,0x0000,0x0000,
    0x0000,0x0000,0x0000,0x0000,0x0000,0x0000,0x0000,0x0000,0x0000,0x0000,0x0000,0x0000,0x0000,0x0000,0x0000,0x0000,
    0x0000,0x0000,0x0000,0x0000,0x0000,0x0000,0x0000,0x0000,0x0000,0x0000,0x0000,0x0000,0x0000,0x0000,0x0000,0x0000,
    0x0000,0x0000,0x0000,0x0000,0x0000,0x0000,0x0000,0x0000,0x0000,0x0000,0x0000,0x0000,0x0000,0x0000,0x0000,0x0000,
    0x0000,0x0000,0x0000,0x0000,0x0000,0x0000,0x0000,0x0000,0x0000,0x0000,0x0000,0x0000,0x0000,0x0000,0x0000,0x0000,
    0x0000,0x0000,0x0000,0x0000,0x0000,0x0000,0x0000,0x0000,0x0000,0x0000,0x0000,0x0000,0x0000,0x0000,0x0000,0x0000,
    0x0000,0x0000,0x0000,0x0000,0x0000,0x0000,0x0000,0x0000,0x0000,0x0000,0x0000,0x0000,0x0000,0x0000,0x0000,0x0000,
    0x0000,0x0000,0x0000,0x0000,0x0000,0x0000,0x0000,0x0000,0x0000,0x0000,0x0000,0x0000,0x0000,0x0000,0x0000,0x0000,
    0x0000,0x0000,0x0000,0x0000,0x0000,0x0000,0x0000,0x0000,0x0000,0x0000,0x0000,0x0000,0x0000,0x0000,0x0000,0x0000,
    0x0000,0x0000,0x0000,0x0000,0x0000,0x0000,0x0000,0x0000,0x0000,0x0000,0x0000,0x0000,0x0000,0x0000,0x0000,0x0000,
    0x0000,0x0000,0x0000,0x0000,0x0000,0x0000,0x0000,0x0000,0x0000,0x0000,0x0000,0x0000,0x0000,0x0000,0x0000,0x0000,
    0x0000,0x0000,0x0000,0x0000,0x0000,0x0000,0x0000,0x0000,0x0000,0x0000,0x0000,0x0000,0x0000,0x0000,0x0000,0x0000,
    0x0000,0x0000,0x0000,0x0000,0x0000,0x0000,0x0000,0x0000,0x0000,0x0000,0x0000,0x0000,0x0000,0x0000,0x0000,0x0000,
    0x0000,0x0000,0x0000,0x0000,0x0000,0x0000,0x0000,0x0000,0x0000,0x0000,0x0000,0x0000,0x0000,0x0000,0x0000,0x0000,
    0x0000,0x0000,0x0000,0x0000,0x0000,0x0000,0x0000,0x0000,0x0000,0x0000,0x0000,0x0000,0x0000,0x0000,0x0000,0x0000,
    0x0000,0x0000,0x0000,0x0000,0x0000,0x0000,0x0000,0x0000,0x0000,0x0000,0x0000,0x0000,0x0000,0x0000,0x0000,0x0000,
    0x0000,0x0000,0x0000,0x0000,0x0000,0x0000,0x0000,0x0000,0x0000,0x0000,0x0000,0x0000,0x0000,0x0000,0x0000,0x0000,
    0x0000,0x0000,0x0000,0x0000,0x0000,0x0000,0x0000,0x0000,0x0000,0x0000,0x0000,0x0000,0x0000,0x0000,0x0000,0x0000,
    0x0000,0x0000,0x0000,0x0000,0x0000,0x0000,0x0000,0x0000,0x0000,0x0000,0x0000,0x0000,0x0000,0x0000,0x0000,0x0000,
    0x0000,0x0000,0x0000,0x0000,0x0000,0x0000,0x0000,0x0000,0x0000,0x0000,0x0000,0x0000,0x0000,0x0000,0x0000,0x0000,
    0x0000,0x0000,0x0000,0x0000,0x0000,0x0000,0x0000,0x0000,0x0000,0x0000,0x0000,0x0000,0x0000,0x0000,0x0000,0x0000,
    0x0000,0x0000,0x0000,0x0000,0x0000,0x0000,0x0000,0x0000,0x0000,0x0000,0x0000,0x0000,0x0000,0x0000,0x0000,0x0000,
    0x0000,0x0000,0x0000,0x0000,0x0000,0x0000,0x0000,0x0000,0x0000,0x0000,0x0000,0x0000,0x0000,0x0000,0x0000,0x0000,
    0x0000,0x0000,0x0000,0x0000,0x0000,0x0000,0x0000,0x0000,0x0000,0x0000,0x0000,0x0000,0x0000,0x0000,0x0000,0x0000,
    0x0000,0x0000,0x0000,0x0000,0x0000,0x0000,0x0000,0x0000,0x0000,0x0000,0x0000,0x0000,0x0000,0x0000,0x0000,0x0000,
    0x0000,0x0000,0x0000,0x0000,0x0000,0x0000,0x0000,0x0000,0x0000,0x0000,0x0000,0x0000,0x0000,0x0000,0x0000,0x0000,
    0x0000,0x0000,0x0000,0x0000,0x0000,0x0000,0x0000,0x0000,0x0000,0x0000,0x0000,0x0000,0x0000,0x0000,0x0000,0x0000,
    0x0000,0x0000,0x0000,0x0000,0x0000,0x0000,0x0000,0x0000,0x0000,0x0000,0x0000,0x0000,0x0000,0x0000,0x0000,0x0000,
    0x0000,0x0000,0x0000,0x0000,0x0000,0x0000,0x0000,0x0000,0x0000,0x0000,0x0000,0x0000,0x0000,0x0000,0x0000,0x0000,
    0x0000,0x0000,0x0000,0x0000,0x0000,0x0000,0x0000,0x0000,0x0000,0x0000,0x0000,0x0000,0x0000,0x0000,0x0000,0x0000,
    0x0000,0x0000,0x0000,0x0000,0x0000,0x0000,0x0000,0x0000,0x0000,0x0000,0x0000,0x0000,0x0000,0x0000,0x0000,0x0000,
    0x0000,0x0000,0x0000,0x0000,0x0000,0x0000,0x0000,0x0000,0x0000,0x0000,0x0000,0x0000,0x0000,0x0000,0x0000,0x0000,
    0x0000,0x0000,0x0000,0x0000,0x0000,0x0000,0x0000,0x0000,0x0000,0x0000,0x0000,0x0000,0x0000,0x0000,0x0000,0x0000,
    0x0000,0x0000,0x0000,0x0000,0x0000,0x0000,0x0000,0x0000,0x0000,0x0000,0x0000,0x0000,0x0000,0x0000,0x0000,0x0000,
    0x0000,0x0000,0x0000,0x0000,0x0000,0x0000,0x0000,0x0000,0x0000,0x0000,0x0000,0x0000,0x0000,0x0000,0x0000,0x0000,
    0x0000,0x0000,0x0000,0x0000,0x0000,0x0000,0x0000,0x0000,0x0000,0x0000,0x0000,0x0000,0x0000,0x0000,0x0000,0x0000,
    0x0000,0x0000,0x0000,0x0000,0x0000,0x0000,0x0000,0x0000,0x0000,0x0000,0x0000,0x0000,0x0000,0x0000,0x0000,0x0000,
    0x0000,0x0000,0x0000,0x0000,0x0000,0x0000,0x0000,0x0000,0x0000,0x0000,0x0000,0x0000,0x0000,0x0000,0x0000,0x0000,
    0x0000,0x0000,0x0000,0x0000,0x0000,0x0000,0x0000,0x0000,0x0000,0x0000,0x0000,0x0000,0x0000,0x0000,0x0000,0x0000,
    0x0000,0x0000,0x0000,0x0000,0x0000,0x0000,0x0000,0x0000,0x0000,0x0000,0x0000,0x0000,0x0000,0x0000,0x0000,0x0000,
    0x0000,0x0000,0x0000,0x0000,0x0000,0x0000,0x0000,0x0000,0x0000,0x0000,0x0000,0x0000,0x0000,0x0000,0x0000,0x0000,
    0x0000,0x0000,0x0000,0x0000,0x0000,0x0000,0x0000,0x0000,0x0000,0x0000,0x0000,0x0000,0x0000,0x0000,0x0000,0x0000,
    0x0000,0x0000,0x0000,0x0000,0x0000,0x0000,0x0000,0x0000,0x0000,0x0000,0x0000,0x0000,0x0000,0x0000,0x0000,0x0000,
    0x0000,0x0000,0x0000,0x0000,0x0000,0x0000,0x0000,0x0000,0x0000,0x0000,0x0000,0x0000,0x0000,0x0000,0x0000,0x0000,
    0x0000,0x0000,0x0000,0x0000,0x0000,0x0000,0x0000,0x0000,0x0000,0x0000,0x0000,0x0000,0x0000,0x0000,0x0000,0x0000,
    0x0000,0x0000,0x0000,0x0000,0x0000,0x0000,0x0000,0x0000,0x0000,0x0000,0x0000,0x0000,0x0000,0x0000,0x0000,0x0000,
    0x0000,0x0000,0x0000,0x0000,0x0000,0x0000,0x0000,0x0000,0x0000,0x0000,0x0000,0x0000,0x0000,0x0000,0x0000,0x0000,
    0x0000,0x0000,0x0000,0x0000,0x0000,0x0000,0x0000,0x0000,0x0000,0x0000,0x0000,0x0000,0x0000,0x0000,0x0000,0x0000,
    0x0000,0x0000,0x0000,0x0000,0x0000,0x0000,0x0000,0x0000,0x0000,0x0000,0x0000,0x0000,0x0000,0x0000,0x0000,0x0000,
    0x0000,0x0000,0x0000,0x0000,0x0000,0x0000,0x0000,0x0000,0x0000,0x0000,0x0000,0x0000,0x0000,0x0000,0x0000,0x0000,
    0x0000,0x0000,0x0000,0x0000,0x0000,0x0000,0x0000,0x0000,0x0000,0x0000,0x0000,0x0000,0x0000,0x0000,0x0000,0x0000,
    0x0000,0x0000,0x0000,0x0000,0x0000,0x0000,0x0000,0x0000,0x0000,0x0000,0x0000,0x0000,0x0000,0x0000,0x0000,0x0000,
    0x0000,0x0000,0x0000,0x0000,0x0000,0x0000,0x0000,0x0000,0x0000,0x0000,0x0000,0x0000,0x0000,0x0000,0x0000,0x0000,
    0x0000,0x0000,0x0000,0x0000,0x0000,0x0000,0x0000,0x0000,0x0000,0x0000,0x0000,0x0000,0x0000,0x0000,0x0000,0x0000,
    0x0000,0x0000,0x0000,0x0000,0x0000,0x0000,0x0000,0x0000,0x0000,0x0000,0x0000,0x0000,0x0000,0x0000,0x0000,0x0000,
    0x0000,0x0000,0x0000,0x0000,0x0000,0x0000,0x0000,0x0000,0x0000,0x0000,0x0000,0x0000,0x0000,0x0000,0x0000,0x0000,
    0x0000,0x0000,0x0000,0x0000,0x0000,0x0000,0x0000,0x0000,0x0000,0x0000,0x0000,0x0000,0x0000,0x0000,0x0000,0x0000,
    0x0000,0x0000,0x0000,0x0000,0x0000,0x0000,0x0000,0x0000,0x0000,0x0000,0x0000,0x0000,0x0000,0x0000,0x0000,0x0000,
    0x0000,0x0000,0x0000,0x0000,0x0000,0x0000,0x0000,0x0000,0x0000,0x0000,0x0000,0x0000,0x0000,0x0000,0x0000,0x0000,
    0x0000,0x0000,0x0000,0x0000,0x0000,0x0000,0x0000,0x0000,0x0000,0x0000,0x0000,0x0000,0x0000,0x0000,0x0000,0x0000,
    0x0000,0x0000,0x0000,0x0000,0x0000,0x0000,0x0000,0x0000,0x0000,0x0000,0x0000,0x0000,0x0000,0x0000,0x0000,0x0000,
    0x0000,0x0000,0x0000,0x0000,0x0000,0x0000,0x0000,0x0000,0x0000,0x0000,0x0000,0x0000,0x0000,0x0000,0x0000,0x0000,
    0x0000,0x0000,0x0000,0x0000,0x0000,0x0000,0x0000,0x0000,0x0000,0x0000,0x0000,0x0000,0x0000,0x0000,0x0000,0x0000,
    0x0000,0x0000,0x0000,0x0000,0x0000,0x0000,0x0000,0x0000,0x0000,0x0000,0x0000,0x0000,0x0000,0x0000,0x0000,0x0000,
    0x0000,0x0000,0x0000,0x0000,0x0000,0x0000,0x0000,0x0000,0x0000,0x0000,0x0000,0x0000,0x0000,0x0000,0x0000,0x0000,
    0x0000,0x0000,0x0000,0x0000,0x0000,0x0000,0x0000,0x0000,0x0000,0x0000,0x0000,0x0000,0x0000,0x0000,0x0000,0x0000,
    0x0000,0x0000,0x0000,0x0000,0x0000,0x0000,0x0000,0x0000,0x0000,0x0000,0x0000,0x0000,0x0000,0x0000,0x0000,0x0000,
    0x0000,0x0000,0x0000,0x0000,0x0000,0x0000,0x0000,0x0000,0x0000,0x0000,0x0000,0x0000,0x0000,0x0000,0x0000,0x0000,
    0x0000,0x0000,0x0000,0x0000,0x0000,0x0000,0x0000,0x0000,0x0000,0x0000,0x0000,0x0000,0x0000,0x0000,0x0000,0x0000,
    0x0000,0x0000,0x0000,0x0000,0x0000,0x0000,0x0000,0x0000,0x0000,0x0000,0x0000,0x0000,0x0000,0x0000,0x0000,0x0000,
    0x0000,0x0000,0x0000,0x0000,0x0000,0x0000,0x0000,0x0000,0x0000,0x0000,0x0000,0x0000,0x0000,0x0000,0x0000,0x0000,
    0x0000,0x0000,0x0000,0x0000,0x0000,0x0000,0x0000,0x0000,0x0000,0x0000,0x0000,0x0000,0x0000,0x0000,0x0000,0x0000,
    0x0000,0x0000,0x0000,0x0000,0x0000,0x0000,0x0000,0x0000,0x0000,0x0000,0x0000,0x0000,0x0000,0x0000,0x0000,0x0000,
    0x0000,0x0000,0x0000,0x0000,0x0000,0x0000,0x0000,0x0000,0x0000,0x0000,0x0000,0x0000,0x0000,0x0000,0x0000,0x0000,
    0x0000,0x0000,0x0000,0x0000,0x0000,0x0000,0x0000,0x0000,0x0000,0x0000,0x0000,0x0000,0x0000,0x0000,0x0000,0x0000,
    0x0000,0x0000,0x0000,0x0000,0x0000,0x0000,0x0000,0x0000,0x0000,0x0000,0x0000,0x0000,0x0000,0x0000,0x0000,0x0000,
    0x0000,0x0000,0x0000,0x0000,0x0000,0x0000,0x0000,0x0000,0x0000,0x0000,0x0000,0x0000,0x0000,0x0000,0x0000,0x0000,
    0x0000,0x0000,0x0000,0x0000,0x0000,0x0000,0x0000,0x0000,0x0000,0x0000,0x0000,0x0000,0x0000,0x0000,0x0000,0x0000,
    0x0000,0x0000,0x0000,0x0000,0x0000,0x0000,0x0000,0x0000,0x0000,0x0000,0x0000,0x0000,0x0000,0x0000,0x0000,0x0000,
    0x0000,0x0000,0x0000,0x0000,0x0000,0x0000,0x0000,0x0000,0x0000,0x0000,0x0000,0x0000,0x0000,0x0000,0x0000,0x0000,
    0x0000,0x0000,0x0000,0x0000,0x0000,0x0000,0x0000,0x0000,0x0000,0x0000,0x0000,0x0000,0x0000,0x0000,0x0000,0x0000,
    0x0000,0x0000,0x0000,0x0000,0x0000,0x0000,0x0000,0x0000,0x0000,0x0000,0x0000,0x0000,0x0000,0x0000,0x0000,0x0000,
    0x0000,0x0000,0x0000,0x0000,0x0000,0x0000,0x0000,0x0000,0x0000,0x0000,0x0000,0x0000,0x0000,0x0000,0x0000,0x0000,
    0x0000,0x0000,0x0000,0x0000,0x0000,0x0000,0x0000,0x0000,0x0000,0x0000,0x0000,0x0000,0x0000,0x0000,0x0000,0x0000,
    0x0000,0x0000,0x0000,0x0000,0x0000,0x0000,0x0000,0x0000,0x0000,0x0000,0x0000,0x0000,0x0000,0x0000,0x0000,0x0000,
    0x0000,0x0000,0x0000,0x0000,0x0000,0x0000,0x0000,0x0000,0x0000,0x0000,0x0000,0x0000,0x0000,0x0000,0x0000,0x0000,
    0x0000,0x0000,0x0000,0x0000,0x0000,0x0000,0x0000,0x0000,0x0000,0x0000,0x0000,0x0000,0x0000,0x0000,0x0000,0x0000,
    0x0000,0x0000,0x0000,0x0000,0x0000,0x0000,0x0000,0x0000,0x0000,0x0000,0x0000,0x0000,0x0000,0x0000,0x0000,0x0000,
    0x0000,0x0000,0x0000,0x0000,0x0000,0x0000,0x0000,0x0000,0x0000,0x0000,0x0000,0x0000,0x0000,0x0000,0x0000,0x0000,
    0x0000,0x0000,0x0000,0x0000,0x0000,0x0000,0x0000,0x0000,0x0000,0x0000,0x0000,0x0000,0x0000,0x0000,0x0000,0x0000,
    0x0000,0x0000,0x0000,0x0000,0x0000,0x0000,0x0000,0x0000,0x0000,0x0000,0x0000,0x0000,0x0000,0x0000,0x0000,0x0000,
    0x0000,0x0000,0x0000,0x0000,0x0000,0x0000,0x0000,0x0000,0x0000,0x0000,0x0000,0x0000,0x0000,0x0000,0x0000,0x0000,
    0x0000,0x0000,0x0000,0x0000,0x0000,0x0000,0x0000,0x0000,0x0000,0x0000,0x0000,0x0000,0x0000,0x0000,0x0000,0x0000,
    0x0000,0x0000,0x0000,0x0000,0x0000,0x0000,0x0000,0x0000,0x0000,0x0000,0x0000,0x0000,0x0000,0x0000,0x0000,0x0000,
    0x0000,0x0000,0x0000,0x0000,0x0000,0x0000,0x0000,0x0000,0x0000,0x0000,0x0000,0x0000,0x0000,0x0000,0x0000,0x0000,
    0x0000,0x0000,0x0000,0x0000,0x0000,0x0000,0x0000,0x0000,0x0000,0x0000,0x0000,0x0000,0x0000,0x0000,0x0000,0x0000,
    0x0000,0x0000,0x0000,0x0000,0x0000,0x0000,0x0000,0x0000,0x0000,0x0000,0x0000,0x0000,0x0000,0x0000,0x0000,0x0000,
    0x0000,0x0000,0x0000,0x0000,0x0000,0x0000,0x0000,0x0000,0x0000,0x0000,0x0000,0x0000,0x0000,0x0000,0x0000,0x0000,
    0x0000,0x0000,0x0000,0x0000,0x0000,0x0000,0x0000,0x0000,0x0000,0x0000,0x0000,0x0000,0x0000,0x0000,0x0000,0x0000,
    0x0000,0x0000,0x0000,0x0000,0x0000,0x0000,0x0000,0x0000,0x0000,0x0000,0x0000,0x0000,0x0000,0x0000,0x0000,0x0000,
    0x0000,0x0000,0x0000,0x0000,0x0000,0x0000,0x0000,0x0000,0x0000,0x0000,0x0000,0x0000,0x0000,0x0000,0x0000,0x0000,
    0x0000,0x0000,0x0000,0x0000,0x0000,0x0000,0x0000,0x0000,0x0000,0x0000,0x0000,0x0000,0x0000,0x0000,0x0000,0x0000,
    0x0000,0x0000,0x0000,0x0000,0x0000,0x0000,0x0000,0x0000,0x0000,0x0000,0x0000,0x0000,0x0000,0x0000,0x0000,0x0000,
    0x0000,0x0000,0x0000,0x0000,0x0000,0x0000,0x0000,0x0000,0x0000,0x0000,0x0000,0x0000,0x0000,0x0000,0x0000,0x0000,
    0x0000,0x0000,0x0000,0x0000,0x0000,0x0000,0x0000,0x0000,0x0000,0x0000,0x0000,0x0000,0x0000,0x0000,0x0000,0x0000,
    0x0000,0x0000,0x0000,0x0000,0x0000,0x0000,0x0000,0x0000,0x0000,0x0000,0x0000,0x0000,0x0000,0x0000,0x0000,0x0000,
    0x0000,0x0000,0x0000,0x0000,0x0000,0x0000,0x0000,0x0000,0x0000,0x0000,0x0000,0x0000,0x0000,0x0000,0x0000,0x0000,
    0x0000,0x0000,0x0000,0x0000,0x0000,0x0000,0x0000,0x0000,0x0000,0x0000,0x0000,0x0000,0x0000,0x0000,0x0000,0x0000,
    0x0000,0x0000,0x0000,0x0000,0x0000,0x0000,0x0000,0x0000,0x0000,0x0000,0x0000,0x0000,0x0000,0x0000,0x0000,0x0000,
    0x0000,0x0000,0x0000,0x0000,0x0000,0x0000,0x0000,0x0000,0x0000,0x0000,0x0000,0x0000,0x0000,0x0000,0x0000,0x0000,
    0x0000,0x0000,0x0000,0x0000,0x0000,0x0000,0x0000,0x0000,0x0000,0x0000,0x0000,0x0000,0x0000,0x0000,0x0000,0x0000,
    0x0000,0x0000,0x0000,0x0000,0x0000,0x0000,0x0000,0x0000,0x0000,0x0000,0x0000,0x0000,0x0000,0x0000,0x0000,0x0000,
    0x0000,0x0000,0x0000,0x0000,0x0000,0x0000,0x0000,0x0000,0x0000,0x0000,0x0000,0x0000,0x0000,0x0000,0x0000,0x0000,
    0x0000,0x0000,0x0000,0x0000,0x0000,0x0000,0x0000,0x0000,0x0000,0x0000,0x0000,0x0000,0x0000,0x0000,0x0000,0x0000,
    0x0000,0x0000,0x0000,0x0000,0x0000,0x0000,0x0000,0x0000,0x0000,0x0000,0x0000,0x0000,0x0000,0x0000,0x0000,0x0000,
    0x0000,0x0000,0x0000,0x0000,0x0000,0x0000,0x0000,0x0000,0x0000,0x0000,0x0000,0x0000,0x0000,0x0000,0x0000,0x0000,
    0x0000,0x0000,0x0000,0x0000,0x0000,0x0000,0x0000,0x0000,0x0000,0x0000,0x0000,0x0000,0x0000,0x0000,0x0000,0x0000,
    0x0000,0x0000,0x0000,0x0000,0x0000,0x0000,0x0000,0x0000,0x0000,0x0000,0x0000,0x0000,0x0000,0x0000,0x0000,0x0000,
    0x0000,0x0000,0x0000,0x0000,0x0000,0x0000,0x0000,0x0000,0x0000,0x0000,0x0000,0x0000,0x0000,0x0000,0x0000,0x0000,
    0x0000,0x0000,0x0000,0x0000,0x0000,0x0000,0x0000,0x0000,0x0000,0x0000,0x0000,0x0000,0x0000,0x0000,0x0000,0x0000,
    0x0000,0x0000,0x0000,0x0000,0x0000,0x0000,0x0000,0x0000,0x0000,0x0000,0x0000,0x0000,0x0000,0x0000,0x0000,0x0000,
    0x0000,0x0000,0x0000,0x0000,0x0000,0x0000,0x0000,0x0000,0x0000,0x0000,0x0000,0x0000,0x0000,0x0000,0x0000,0x0000,
    0x0000,0x0000,0x0000,0x0000,0x0000,0x0000,0x0000,0x0000,0x0000,0x0000,0x0000,0x0000,0x0000,0x0000,0x0000,0x0000,
    0x0000,0x0000,0x0000,0x0000,0x0000,0x0000,0x0000,0x0000,0x0000,0x0000,0x0000,0x0000,0x0000,0x0000,0x0000,0x0000,
    0x0000,0x0000,0x0000,0x0000,0x0000,0x0000,0x0000,0x0000,0x0000,0x0000,0x0000,0x0000,0x0000,0x0000,0x0000,0x0000,
    0x0000,0x0000,0x0000,0x0000,0x0000,0x0000,0x0000,0x0000,0x0000,0x0000,0x0000,0x0000,0x0000,0x0000,0x0000,0x0000,
    0x0000,0x0000,0x0000,0x0000,0x0000,0x0000,0x0000,0x0000,0x0000,0x0000,0x0000,0x0000,0x0000,0x0000,0x0000,0x0000,
    0x0000,0x0000,0x0000,0x0000,0x0000,0x0000,0x0000,0x0000,0x0000,0x0000,0x0000,0x0000,0x0000,0x0000,0x0000,0x0000,
    0x0000,0x0000,0x0000,0x0000,0x0000,0x0000,0x0000,0x0000,0x0000,0x0000,0x0000,0x0000,0x0000,0x0000,0x0000,0x0000,
    0x0000,0x0000,0x0000,0x0000,0x0000,0x0000,0x0000,0x0000,0x0000,0x0000,0x0000,0x0000,0x0000,0x0000,0x0000,0x0000,
    0x0000,0x0000,0x0000,0x0000,0x0000,0x0000,0x0000,0x0000,0x0000,0x0000,0x0000,0x0000,0x0000,0x0000,0x0000,0x0000,
    0x0000,0x0000,0x0000,0x0000,0x0000,0x0000,0x0000,0x0000,0x0000,0x0000,0x0000,0x0000,0x0000,0x0000,0x0000,0x0000,
    0x0000,0x0000,0x0000,0x0000,0x0000,0x0000,0x0000,0x0000,0x0000,0x0000,0x0000,0x0000,0x0000,0x0000,0x0000,0x0000,
    0x0000,0x0000,0x0000,0x0000,0x0000,0x0000,0x0000,0x0000,0x0000,0x0000,0x0000,0x0000,0x0000,0x0000,0x0000,0x0000,
    0x0000,0x0000,0x0000,0x0000,0x0000,0x0000,0x0000,0x0000,0x0000,0x0000,0x0000,0x0000,0x0000,0x0000,0x0000,0x0000,
    0x0000,0x0000,0x0000,0x0000,0x0000,0x0000,0x0000,0x0000,0x0000,0x0000,0x0000,0x0000,0x0000,0x0000,0x0000,0x0000,
    0x0000,0x0000,0x0000,0x0000,0x0000,0x0000,0x0000,0x0000,0x0000,0x0000,0x0000,0x0000,0x0000,0x0000,0x0000,0x0000,
    0x0000,0x0000,0x0000,0x0000,0x0000,0x0000,0x0000,0x0000,0x0000,0x0000,0x0000,0x0000,0x0000,0x0000,0x0000,0x0000,
    0x0000,0x0000,0x0000,0x0000,0x0000,0x0000,0x0000,0x0000,0x0000,0x0000,0x0000,0x0000,0x0000,0x0000,0x0000,0x0000,
    0x0000,0x0000,0x0000,0x0000,0x0000,0x0000,0x0000,0x0000,0x0000,0x0000,0x0000,0x0000,0x0000,0x0000,0x0000,0x0000,
    0x0000,0x0000,0x0000,0x0000,0x0000,0x0000,0x0000,0x0000,0x0000,0x0000,0x0000,0x0000,0x0000,0x0000,0x0000,0x0000,
    0x0000,0x0000,0x0000,0x0000,0x0000,0x0000,0x0000,0x0000,0x0000,0x0000,0x0000,0x0000,0x0000,0x0000,0x0000,0x0000,
    0x0000,0x0000,0x0000,0x0000,0x0000,0x0000,0x0000,0x0000,0x0000,0x0000,0x0000,0x0000,0x0000,0x0000,0x0000,0x0000,
    0x0000,0x0000,0x0000,0x0000,0x0000,0x0000,0x0000,0x0000,0x0000,0x0000,0x0000,0x0000,0x0000,0x0000,0x0000,0x0000,
    0x0000,0x0000,0x0000,0x0000,0x0000,0x0000,0x0000,0x0000,0x0000,0x0000,0x0000,0x0000,0x0000,0x0000,0x0000,0x0000,
    0x0000,0x0000,0x0000,0x0000,0x0000,0x0000,0x0000,0x0000,0x0000,0x0000,0x0000,0x0000,0x0000,0x0000,0x0000,0x0000,
    0x0000,0x0000,0x0000,0x0000,0x0000,0x0000,0x0000,0x0000,0x0000,0x0000,0x0000,0x0000,0x0000,0x0000,0x0000,0x0000,
    0x0000,0x0000,0x0000,0x0000,0x0000,0x0000,0x0000,0x0000,0x0000,0x0000,0x0000,0x0000,0x0000,0x0000,0x0000,0x0000,
    0x0000,0x0000,0x0000,0x0000,0x0000,0x0000,0x0000,0x0000,0x0000,0x0000,0x0000,0x0000,0x0000,0x0000,0x0000,0x0000,
    0x0000,0x0000,0x0000,0x0000,0x0000,0x0000,0x0000,0x0000,0x0000,0x0000,0x0000,0x0000,0x0000,0x0000,0x0000,0x0000,
    0x0000,0x0000,0x0000,0x0000,0x0000,0x0000,0x0000,0x0000,0x0000,0x0000,0x0000,0x0000,0x0000,0x0000,0x0000,0x0000,
    0x0000,0x0000,0x0000,0x0000,0x0000,0x0000,0x0000,0x0000,0x0000,0x0000,0x0000,0x0000,0x0000,0x0000,0x0000,0x0000,
    0x0000,0x0000,0x0000,0x0000,0x0000,0x0000,0x0000,0x0000,0x0000,0x0000,0x0000,0x0000,0x0000,0x0000,0x0000,0x0000,
    0x0000,0x0000,0x0000,0x0000,0x0000,0x0000,0x0000,0x0000,0x0000,0x0000,0x0000,0x0000,0x0000,0x0000,0x0000,0x0000,
    0x0000,0x0000,0x0000,0x0000,0x0000,0x0000,0x0000,0x0000,0x0000,0x0000,0x0000,0x0000,0x0000,0x0000,0x0000,0x0000,
    0x0000,0x0000,0x0000,0x0000,0x0000,0x0000,0x0000,0x0000,0x0000,0x0000,0x0000,0x0000,0x0000,0x0000,0x0000,0x0000,
    0x0000,0x0000,0x0000,0x0000,0x0000,0x0000,0x0000,0x0000,0x0000,0x0000,0x0000,0x0000,0x0000,0x0000,0x0000,0x0000,
    0x0000,0x0000,0x0000,0x0000,0x0000,0x0000,0x0000,0x0000,0x0000,0x0000,0x0000,0x0000,0x0000,0x0000,0x0000,0x0000,
    0x0000,0x0000,0x0000,0x0000,0x0000,0x0000,0x0000,0x0000,0x0000,0x0000,0x0000,0x0000,0x0000,0x0000,0x0000,0x0000,
    0x0000,0x0000,0x0000,0x0000,0x0000,0x0000,0x0000,0x0000,0x0000,0x0000,0x0000,0x0000,0x0000,0x0000,0x0000,0x0000,
    0x0000,0x0000,0x0000,0x0000,0x0000,0x0000,0x0000,0x0000,0x0000,0x0000,0x0000,0x0000,0x0000,0x0000,0x0000,0x0000,
    0x0000,0x0000,0x0000,0x0000,0x0000,0x0000,0x0000,0x0000,0x0000,0x0000,0x0000,0x0000,0x0000,0x0000,0x0000,0x0000,
    0x0000,0x0000,0x0000,0x0000,0x0000,0x0000,0x0000,0x0000,0x0000,0x0000,0x0000,0x0000,0x0000,0x0000,0x0000,0x0000,
    0x0000,0x0000,0x0000,0x0000,0x0000,0x0000,0x0000,0x0000,0x0000,0x0000,0x0000,0x0000,0x0000,0x0000,0x0000,0x0000,
    0x0000,0x0000,0x0000,0x0000,0x0000,0x0000,0x0000,0x0000,0x0000,0x0000,0x0000,0x0000,0x0000,0x0000,0x0000,0x0000,
    0x0000,0x0000,0x0000,0x0000,0x0000,0x0000,0x0000,0x0000,0x0000,0x0000,0x0000,0x0000,0x0000,0x0000,0x0000,0x0000,
    0x0000,0x0000,0x0000,0x0000,0x0000,0x0000,0x0000,0x0000,0x0000,0x0000,0x0000,0x0000,0x0000,0x0000,0x0000,0x0000,
    0x0000,0x0000,0x0000,0x0000,0x0000,0x0000,0x0000,0x0000,0x0000,0x0000,0x0000,0x0000,0x0000,0x0000,0x0000,0x0000,
    0x0000,0x0000,0x0000,0x0000,0x0000,0x0000,0x0000,0x0000,0x0000,0x0000,0x0000,0x0000,0x0000,0x0000,0x0000,0x0000,
    0x0000,0x0000,0x0000,0x0000,0x0000,0x0000,0x0000,0x0000,0x0000,0x0000,0x0000,0x0000,0x0000,0x0000,0x0000,0x0000,
    0x0000,0x0000,0x0000,0x0000,0x0000,0x0000,0x0000,0x0000,0x0000,0x0000,0x0000,0x0000,0x0000,0x0000,0x0000,0x0000,
    0x0000,0x0000,0x0000,0x0000,0x0000,0x0000,0x0000,0x0000,0x0000,0x0000,0x0000,0x0000,0x0000,0x0000,0x0000,0x0000,
    0x0000,0x0000,0x0000,0x0000,0x0000,0x0000,0x0000,0x0000,0x0000,0x0000,0x0000,0x0000,0x0000,0x0000,0x0000,0x0000,
    0x0000,0x0000,0x0000,0x0000,0x0000,0x0000,0x0000,0x0000,0x0000,0x0000,0x0000,0x0000,0x0000,0x0000,0x0000,0x0000,
    0x0000,0x0000,0x0000,0x0000,0x0000,0x0000,0x0000,0x0000,0x0000,0x0000,0x0000,0x0000,0x0000,0x0000,0x0000,0x0000,
    0x0000,0x0000,0x0000,0x0000,0x0000,0x0000,0x0000,0x0000,0x0000,0x0000,0x0000,0x0000,0x0000,0x0000,0x0000,0x0000,
    0x0000,0x0000,0x0000,0x0000,0x0000,0x0000,0x0000,0x0000,0x0000,0x0000,0x0000,0x0000,0x0000,0x0000,0x0000,0x0000,
    0x0000,0x0000,0x0000,0x0000,0x0000,0x0000,0x0000,0x0000,0x0000,0x0000,0x0000,0x0000,0x0000,0x0000,0x0000,0x0000,
    0x0000,0x0000,0x0000,0x0000,0x0000,0x0000,0x0000,0x0000,0x0000,0x0000,0x0000,0x0000,0x0000,0x0000,0x0000,0x0000,
    0x0000,0x0000,0x0000,0x0000,0x0000,0x0000,0x0000,0x0000,0x0000,0x0000,0x0000,0x0000,0x0000,0x0000,0x0000,0x0000,
    0x0000,0x0000,0x0000,0x0000,0x0000,0x0000,0x0000,0x0000,0x0000,0x0000,0x0000,0x0000,0x0000,0x0000,0x0000,0x0000,
    0x0000,0x0000,0x0000,0x0000,0x0000,0x0000,0x0000,0x0000,0x0000,0x0000,0x0000,0x0000,0x0000,0x0000,0x0000,0x0000,
    0x0000,0x0000,0x0000,0x0000,0x0000,0x0000,0x0000,0x0000,0x0000,0x0000,0x0000,0x0000,0x0000,0x0000,0x0000,0x0000,
    0x0000,0x0000,0x0000,0x0000,0x0000,0x0000,0x0000,0x0000,0x0000,0x0000,0x0000,0x0000,0x0000,0x0000,0x0000,0x0000,
    0x0000,0x0000,0x0000,0x0000,0x0000,0x0000,0x0000,0x0000,0x0000,0x0000,0x0000,0x0000,0x0000,0x0000,0x0000,0x0000,
    0x0000,0x0000,0x0000,0x0000,0x0000,0x0000,0x0000,0x0000,0x0000,0x0000,0x0000,0x0000,0x0000,0x0000,0x0000,0x0000,
    0x0000,0x0000,0x0000,0x0000,0x0000,0x0000,0x0000,0x0000,0x0000,0x0000,0x0000,0x0000,0x0000,0x0000,0x0000,0x0000,
    0x0000,0x0000,0x0000,0x0000,0x0000,0x0000,0x0000,0x0000,0x0000,0x0000,0x0000,0x0000,0x0000,0x0000,0x0000,0x0000,
    0x0000,0x0000,0x0000,0x0000,0x0000,0x0000,0x0000,0x0000,0x0000,0x0000,0x0000,0x0000,0x0000,0x0000,0x0000,0x0000,
    0x0000,0x0000,0x0000,0x0000,0x0000,0x0000,0x0000,0x0000,0x0000,0x0000,0x0000,0x0000,0x0000,0x0000,0x0000,0x0000,
    0x0000,0x0000,0x0000,0x0000,0x0000,0x0000,0x0000,0x0000,0x0000,0x0000,0x0000,0x0000,0x0000,0x0000,0x0000,0x0000,
    0x0000,0x0000,0x0000,0x0000,0x0000,0x0000,0x0000,0x0000,0x0000,0x0000,0x0000,0x0000,0x0000,0x0000,0x0000,0x0000,
    0x0000,0x0000,0x0000,0x0000,0x0000,0x0000,0x0000,0x0000,0x0000,0x0000,0x0000,0x0000,0x0000,0x0000,0x0000,0x0000,
    0x0000,0x0000,0x0000,0x0000,0x0000,0x0000,0x0000,0x0000,0x0000,0x0000,0x0000,0x0000,0x0000,0x0000,0x0000,0x0000,
    0x0000,0x0000,0x0000,0x0000,0x0000,0x0000,0x0000,0x0000,0x0000,0x0000,0x0000,0x0000,0x0000,0x0000,0x0000,0x0000,
    0x0000,0x0000,0x0000,0x0000,0x0000,0x0000,0x0000,0x0000,0x0000,0x0000,0x0000,0x0000,0x0000,0x0000,0x0000,0x0000,
    0x0000,0x0000,0x0000,0x0000,0x0000,0x0000,0x0000,0x0000,0x0000,0x0000,0x0000,0x0000,0x0000,0x0000,0x0000,0x0000,
    0x0000,0x0000,0x0000,0x0000,0x0000,0x0000,0x0000,0x0000,0x0000,0x0000,0x0000,0x0000,0x0000,0x0000,0x0000,0x0000,
    0x0000,0x0000,0x0000,0x0000,0x0000,0x0000,0x0000,0x0000,0x0000,0x0000,0x0000,0x0000,0x0000,0x0000,0x0000,0x0000,
    0x0000,0x0000,0x0000,0x0000,0x0000,0x0000,0x0000,0x0000,0x0000,0x0000,0x0000,0x0000,0x0000,0x0000,0x0000,0x0000,
    0x0000,0x0000,0x0000,0x0000,0x0000,0x0000,0x0000,0x0000,0x0000,0x0000,0x0000,0x0000,0x0000,0x0000,0x0000,0x0000,
    0x0000,0x0000,0x0000,0x0000,0x0000,0x0000,0x0000,0x0000,0x0000,0x0000,0x0000,0x0000,0x0000,0x0000,0x0000,0x0000,
    0x0000,0x0000,0x0000,0x0000,0x0000,0x0000,0x0000,0x0000,0x0000,0x0000,0x0000,0x0000,0x0000,0x0000,0x0000,0x0000,
    0x0000,0x0000,0x0000,0x0000,0x0000,0x0000,0x0000,0x0000,0x0000,0x0000,0x0000,0x0000,0x0000,0x0000,0x0000,0x0000,
    0x0000,0x0000,0x0000,0x0000,0x0000,0x0000,0x0000,0x0000,0x0000,0x0000,0x0000,0x0000,0x0000,0x0000,0x0000,0x0000,
    0x0000,0x0000,0x0000,0x0000,0x0000,0x0000,0x0000,0x0000,0x0000,0x0000,0x0000,0x0000,0x0000,0x0000,0x0000,0x0000,
    0x0000,0x0000,0x0000,0x0000,0x0000,0x0000,0x0000,0x0000,0x0000,0x0000,0x0000,0x0000,0x0000,0x0000,0x0000,0x0000,
    0x0000,0x0000,0x0000,0x0000,0x0000,0x0000,0x0000,0x0000,0x0000,0x0000,0x0000,0x0000,0x0000,0x0000,0x0000,0x0000,
    0x0000,0x0000,0x0000,0x0000,0x0000,0x0000,0x0000,0x0000,0x0000,0x0000,0x0000,0x0000,0x0000,0x0000,0x0000,0x0000,
    0x0000,0x0000,0x0000,0x0000,0x0000,0x0000,0x0000,0x0000,0x0000,0x0000,0x0000,0x0000,0x0000,0x0000,0x0000,0x0000,
    0x0000,0x0000,0x0000,0x0000,0x0000,0x0000,0x0000,0x0000,0x0000,0x0000,0x0000,0x0000,0x0000,0x0000,0x0000,0x0000,
    0x0000,0x0000,0x0000,0x0000,0x0000,0x0000,0x0000,0x0000,0x0000,0x0000,0x0000,0x0000,0x0000,0x0000,0x0000,0x0000,
    0x0000,0x0000,0x0000,0x0000,0x0000,0x0000,0x0000,0x0000,0x0000,0x0000,0x0000,0x0000,0x0000,0x0000,0x0000,0x0000,
    0x0000,0x0000,0x0000,0x0000,0x0000,0x0000,0x0000,0x0000,0x0000,0x0000,0x0000,0x0000,0x0000,0x0000,0x0000,0x0000,
    0x0000,0x0000,0x0000,0x0000,0x0000,0x0000,0x0000,0x0000,0x0000,0x0000,0x0000,0x0000,0x0000,0x0000,0x0000,0x0000,
    0x0000,0x0000,0x0000,0x0000,0x0000,0x0000,0x0000,0x0000,0x0000,0x0000,0x0000,0x0000,0x0000,0x0000,0x0000,0x0000,
    0x0000,0x0000,0x0000,0x0000,0x0000,0x0000,0x0000,0x0000,0x0000,0x0000,0x0000,0x0000,0x0000,0x0000,0x0000,0x0000,
    0x0000,0x0000,0x0000,0x0000,0x0000,0x0000,0x0000,0x0000,0x0000,0x0000,0x0000,0x0000,0x0000,0x0000,0x0000,0x0000,
    0x0000,0x0000,0x0000,0x0000,0x0000,0x0000,0x0000,0x0000,0x0000,0x0000,0x0000,0x0000,0x0000,0x0000,0x0000,0x0000,
    0x0000,0x0000,0x0000,0x0000,0x0000,0x0000,0x0000,0x0000,0x0000,0x0000,0x0000,0x0000,0x0000,0x0000,0x0000,0x0000,
    0x0000,0x0000,0x0000,0x0000,0x0000,0x0000,0x0000,0x0000,0x0000,0x0000,0x0000,0x0000,0x0000,0x0000,0x0000,0x0000,
    0x0000,0x0000,0x0000,0x0000,0x0000,0x0000,0x0000,0x0000,0x0000,0x0000,0x0000,0x0000,0x0000,0x0000,0x0000,0x0000,
    0x0000,0x0000,0x0000,0x0000,0x0000,0x0000,0x0000,0x0000,0x0000,0x0000,0x0000,0x0000,0x0000,0x0000,0x0000,0x0000,
    0x0000,0x0000,0x0000,0x0000,0x0000,0x0000,0x0000,0x0000,0x0000,0x0000,0x0000,0x0000,0x0000,0x0000,0x0000,0x0000,
    0x0000,0x0000,0x0000,0x0000,0x0000,0x0000,0x0000,0x0000,0x0000,0x0000,0x0000,0x0000,0x0000,0x0000,0x0000,0x0000,
    0x0000,0x0000,0x0000,0x0000,0x0000,0x0000,0x0000,0x0000,0x0000,0x0000,0x0000,0x0000,0x0000,0x0000,0x0000,0x0000,
    0x0000,0x0000,0x0000,0x0000,0x0000,0x0000,0x0000,0x0000,0x0000,0x0000,0x0000,0x0000,0x0000,0x0000,0x0000,0x0000,
    0x0000,0x0000,0x0000,0x0000,0x0000,0x0000,0x0000,0x0000,0x0000,0x0000,0x0000,0x0000,0x0000,0x0000,0x0000,0x0000,
    0x0000,0x0000,0x0000,0x0000,0x0000,0x0000,0x0000,0x0000,0x0000,0x0000,0x0000,0x0000,0x0000,0x0000,0x0000,0x0000,
    0x0000,0x0000,0x0000,0x0000,0x0000,0x0000,0x0000,0x0000,0x0000,0x0000,0x0000,0x0000,0x0000,0x0000,0x0000,0x0000,
    0x0000,0x0000,0x0000,0x0000,0x0000,0x0000,0x0000,0x0000,0x0000,0x0000,0x0000,0x0000,0x0000,0x0000,0x0000,0x0000,
    0x0000,0x0000,0x0000,0x0000,0x0000,0x0000,0x0000,0x0000,0x0000,0x0000,0x0000,0x0000,0x0000,0x0000,0x0000,0x0000,
    0x0000,0x0000,0x0000,0x0000,0x0000,0x0000,0x0000,0x0000,0x0000,0x0000,0x0000,0x0000,0x0000,0x0000,0x0000,0x0000,
    0x0000,0x0000,0x0000,0x0000,0x0000,0x0000,0x0000,0x0000,0x0000,0x0000,0x0000,0x0000,0x0000,0x0000,0x0000,0x0000,
    0x0000,0x0000,0x0000,0x0000,0x0000,0x0000,0x0000,0x0000,0x0000,0x0000,0x0000,0x0000,0x0000,0x0000,0x0000,0x0000,
    0x0000,0x0000,0x0000,0x0000,0x0000,0x0000,0x0000,0x0000,0x0000,0x0000,0x0000,0x0000,0x0000,0x0000,0x0000,0x0000,
    0x0000,0x0000,0x0000,0x0000,0x0000,0x0000,0x0000,0x0000,0x0000,0x0000,0x0000,0x0000,0x0000,0x0000,0x0000,0x0000,
    0x0000,0x0000,0x0000,0x0000,0x0000,0x0000,0x0000,0x0000,0x0000,0x0000,0x0000,0x0000,0x0000,0x0000,0x0000,0x0000,
    0x0000,0x0000,0x0000,0x0000,0x0000,0x0000,0x0000,0x0000,0x0000,0x0000,0x0000,0x0000,0x0000,0x0000,0x0000,0x0000,
    0x0000,0x0000,0x0000,0x0000,0x0000,0x0000,0x0000,0x0000,0x0000,0x0000,0x0000,0x0000,0x0000,0x0000,0x0000,0x0000,
    0x0000,0x0000,0x0000,0x0000,0x0000,0x0000,0x0000,0x0000,0x0000,0x0000,0x0000,0x0000,0x0000,0x0000,0x0000,0x0000,
    0x0000,0x0000,0x0000,0x0000,0x0000,0x0000,0x0000,0x0000,0x0000,0x0000,0x0000,0x0000,0x0000,0x0000,0x0000,0x0000,
    0x0000,0x0000,0x0000,0x0000,0x0000,0x0000,0x0000,0x0000,0x0000,0x0000,0x0000,0x0000,0x0000,0x0000,0x0000,0x0000,
    0x0000,0x0000,0x0000,0x0000,0x0000,0x0000,0x0000,0x0000,0x0000,0x0000,0x0000,0x0000,0x0000,0x0000,0x0000,0x0000,
    0x0000,0x0000,0x0000,0x0000,0x0000,0x0000,0x0000,0x0000,0x0000,0x0000,0x0000,0x0000,0x0000,0x0000,0x0000,0x0000,
    0x0000,0x0000,0x0000,0x0000,0x0000,0x0000,0x0000,0x0000,0x0000,0x0000,0x0000,0x0000,0x0000,0x0000,0x0000,0x0000,
    0x0000,0x0000,0x0000,0x0000,0x0000,0x0000,0x0000,0x0000,0x0000,0x0000,0x0000,0x0000,0x0000,0x0000,0x0000,0x0000,
    0x0000,0x0000,0x0000,0x0000,0x0000,0x0000,0x0000,0x0000,0x0000,0x0000,0x0000,0x0000,0x0000,0x0000,0x0000,0x0000,
    0x0000,0x0000,0x0000,0x0000,0x0000,0x0000,0x0000,0x0000,0x0000,0x0000,0x0000,0x0000,0x0000,0x0000,0x0000,0x0000,
    0x0000,0x0000,0x0000,0x0000,0x0000,0x0000,0x0000,0x0000,0x0000,0x0000,0x0000,0x0000,0x0000,0x0000,0x0000,0x0000,
    0x0000,0x0000,0x0000,0x0000,0x0000,0x0000,0x0000,0x0000,0x0000,0x0000,0x0000,0x0000,0x0000,0x0000,0x0000,0x0000,
    0x0000,0x0000,0x0000,0x0000,0x0000,0x0000,0x0000,0x0000,0x0000,0x0000,0x0000,0x0000,0x0000,0x0000,0x0000,0x0000,
    0x0000,0x0000,0x0000,0x0000,0x0000,0x0000,0x0000,0x0000,0x0000,0x0000,0x0000,0x0000,0x0000,0x0000,0x0000,0x0000,
    0x0000,0x0000,0x0000,0x0000,0x0000,0x0000,0x0000,0x0000,0x0000,0x0000,0x0000,0x0000,0x0000,0x0000,0x0000,0x0000,
    0x0000,0x0000,0x0000,0x0000,0x0000,0x0000,0x0000,0x0000,0x0000,0x0000,0x0000,0x0000,0x0000,0x0000,0x0000,0x0000,
    0x0000,0x0000,0x0000,0x0000,0x0000,0x0000,0x0000,0x0000,0x0000,0x0000,0x0000,0x0000,0x0000,0x0000,0x0000,0x0000,
    0x0000,0x0000,0x0000,0x0000,0x0000,0x0000,0x0000,0x0000,0x0000,0x0000,0x0000,0x0000,0x0000,0x0000,0x0000,0x0000,
    0x0000,0x0000,0x0000,0x0000,0x0000,0x0000,0x0000,0x0000,0x0000,0x0000,0x0000,0x0000,0x0000,0x0000,0x0000,0x0000,
    0x0000,0x0000,0x0000,0x0000,0x0000,0x0000,0x0000,0x0000,0x0000,0x0000,0x0000,0x0000,0x0000,0x0000,0x0000,0x0000,
    0x0000,0x0000,0x0000,0x0000,0x0000,0x0000,0x0000,0x0000,0x0000,0x0000,0x0000,0x0000,0x0000,0x0000,0x0000,0x0000,
    0x0000,0x0000,0x0000,0x0000,0x0000,0x0000,0x0000,0x0000,0x0000,0x0000,0x0000,0x0000,0x0000,0x0000,0x0000,0x0000,
    0x0000,0x0000,0x0000,0x0000,0x0000,0x0000,0x0000,0x0000,0x0000,0x0000,0x0000,0x0000,0x0000,0x0000,0x0000,0x0000,
    0x0000,0x0000,0x0000,0x0000,0x0000,0x0000,0x0000,0x0000,0x0000,0x0000,0x0000,0x0000,0x0000,0x0000,0x0000,0x0000,
    0x0000,0x0000,0x0000,0x0000,0x0000,0x0000,0x0000,0x0000,0x0000,0x0000,0x0000,0x0000,0x0000,0x0000,0x0000,0x0000,
    0x0000,0x0000,0x0000,0x0000,0x0000,0x0000,0x0000,0x0000,0x0000,0x0000,0x0000,0x0000,0x0000,0x0000,0x0000,0x0000,
    0x0000,0x0000,0x0000,0x0000,0x0000,0x0000,0x0000,0x0000,0x0000,0x0000,0x0000,0x0000,0x0000,0x0000,0x0000,0x0000,
    0x0000,0x0000,0x0000,0x0000,0x0000,0x0000,0x0000,0x0000,0x0000,0x0000,0x0000,0x0000,0x0000,0x0000,0x0000,0x0000,
    0x0000,0x0000,0x0000,0x0000,0x0000,0x0000,0x0000,0x0000,0x0000,0x0000,0x0000,0x0000,0x0000,0x0000,0x0000,0x0000,
    0x0000,0x0000,0x0000,0x0000,0x0000,0x0000,0x0000,0x0000,0x0000,0x0000,0x0000,0x0000,0x0000,0x0000,0x0000,0x0000,
    0x0000,0x0000,0x0000,0x0000,0x0000,0x0000,0x0000,0x0000,0x0000,0x0000,0x0000,0x0000,0x0000,0x0000,0x0000,0x0000,
    0x0000,0x0000,0x0000,0x0000,0x0000,0x0000,0x0000,0x0000,0x0000,0x0000,0x0000,0x0000,0x0000,0x0000,0x0000,0x0000,
    0x0000,0x0000,0x0000,0x0000,0x0000,0x0000,0x0000,0x0000,0x0000,0x0000,0x0000,0x0000,0x0000,0x0000,0x0000,0x0000,
    0x0000,0x0000,0x0000,0x0000,0x0000,0x0000,0x0000,0x0000,0x0000,0x0000,0x0000,0x0000,0x0000,0x0000,0x0000,0x0000,
    0x0000,0x0000,0x0000,0x0000,0x0000,0x0000,0x0000,0x0000,0x0000,0x0000,0x0000,0x0000,0x0000,0x0000,0x0000,0x0000,
    0x0000,0x0000,0x0000,0x0000,0x0000,0x0000,0x0000,0x0000,0x0000,0x0000,0x0000,0x0000,0x0000,0x0000,0x0000,0x0000,
    0x0000,0x0000,0x0000,0x0000,0x0000,0x0000,0x0000,0x0000,0x0000,0x0000,0x0000,0x0000,0x0000,0x0000,0x0000,0x0000,
    0x0000,0x0000,0x0000,0x0000,0x0000,0x0000,0x0000,0x0000,0x0000,0x0000,0x0000,0x0000,0x0000,0x0000,0x0000,0x0000,
    0x0000,0x0000,0x0000,0x0000,0x0000,0x0000,0x0000,0x0000,0x0000,0x0000,0x0000,0x0000,0x0000,0x0000,0x0000,0x0000,
    0x0000,0x0000,0x0000,0x0000,0x0000,0x0000,0x0000,0x0000,0x0000,0x0000,0x0000,0x0000,0x0000,0x0000,0x0000,0x0000,
    0x0000,0x0000,0x0000,0x0000,0x0000,0x0000,0x0000,0x0000,0x0000,0x0000,0x0000,0x0000,0x0000,0x0000,0x0000,0x0000,
    0x0000,0x0000,0x0000,0x0000,0x0000,0x0000,0x0000,0x0000,0x0000,0x0000,0x0000,0x0000,0x0000,0x0000,0x0000,0x0000,
    0x0000,0x0000,0x0000,0x0000,0x0000,0x0000,0x0000,0x0000,0x0000,0x0000,0x0000,0x0000,0x0000,0x0000,0x0000,0x0000,
    0x0000,0x0000,0x0000,0x0000,0x0000,0x0000,0x0000,0x0000,0x0000,0x0000,0x0000,0x0000,0x0000,0x0000,0x0000,0x0000,
    0x0000,0x0000,0x0000,0x0000,0x0000,0x0000,0x0000,0x0000,0x0000,0x0000,0x0000,0x0000,0x0000,0x0000,0x0000,0x0000,
    0x0000,0x0000,0x0000,0x0000,0x0000,0x0000,0x0000,0x0000,0x0000,0x0000,0x0000,0x0000,0x0000,0x0000,0x0000,0x0000,
    0x0000,0x0000,0x0000,0x0000,0x0000,0x0000,0x0000,0x0000,0x0000,0x0000,0x0000,0x0000,0x0000,0x0000,0x0000,0x0000,
    0x0000,0x0000,0x0000,0x0000,0x0000,0x0000,0x0000,0x0000,0x0000,0x0000,0x0000,0x0000,0x0000,0x0000,0x0000,0x0000,
    0x0000,0x0000,0x0000,0x0000,0x0000,0x0000,0x0000,0x0000,0x0000,0x0000,0x0000,0x0000,0x0000,0x0000,0x0000,0x0000,
    0x0000,0x0000,0x0000,0x0000,0x0000,0x0000,0x0000,0x0000,0x0000,0x0000,0x0000,0x0000,0x0000,0x0000,0x0000,0x0000,
    0x0000,0x0000,0x0000,0x0000,0x0000,0x0000,0x0000,0x0000,0x0000,0x0000,0x0000,0x0000,0x0000,0x0000,0x0000,0x0000,
    0x0000,0x0000,0x0000,0x0000,0x0000,0x0000,0x0000,0x0000,0x0000,0x0000,0x0000,0x0000,0x0000,0x0000,0x0000,0x0000,
    0x0000,0x0000,0x0000,0x0000,0x0000,0x0000,0x0000,0x0000,0x0000,0x0000,0x0000,0x0000,0x0000,0x0000,0x0000,0x0000,
    0x0000,0x0000,0x0000,0x0000,0x0000,0x0000,0x0000,0x0000,0x0000,0x0000,0x0000,0x0000,0x0000,0x0000,0x0000,0x0000,
    0x0000,0x0000,0x0000,0x0000,0x0000,0x0000,0x0000,0x0000,0x0000,0x0000,0x0000,0x0000,0x0000,0x0000,0x0000,0x0000,
    0x0000,0x0000,0x0000,0x0000,0x0000,0x0000,0x0000,0x0000,0x0000,0x0000,0x0000,0x0000,0x0000,0x0000,0x0000,0x0000,
    0x0000,0x0000,0x0000,0x0000,0x0000,0x0000,0x0000,0x0000,0x0000,0x0000,0x0000,0x0000,0x0000,0x0000,0x0000,0x0000,
    0x0000,0x0000,0x0000,0x0000,0x0000,0x0000,0x0000,0x0000,0x0000,0x0000,0x0000,0x0000,0x0000,0x0000,0x0000,0x0000,
    0x0000,0x0000,0x0000,0x0000,0x0000,0x0000,0x0000,0x0000,0x0000,0x0000,0x0000,0x0000,0x0000,0x0000,0x0000,0x0000,
    0x0000,0x0000,0x0000,0x0000,0x0000,0x0000,0x0000,0x0000,0x0000,0x0000,0x0000,0x0000,0x0000,0x0000,0x0000,0x0000,
    0x0000,0x0000,0x0000,0x0000,0x0000,0x0000,0x0000,0x0000,0x0000,0x0000,0x0000,0x0000,0x0000,0x0000,0x0000,0x0000,
    0x0000,0x0000,0x0000,0x0000,0x0000,0x0000,0x0000,0x0000,0x0000,0x0000,0x0000,0x0000,0x0000,0x0000,0x0000,0x0000,
    0x0000,0x0000,0x0000,0x0000,0x0000,0x0000,0x0000,0x0000,0x0000,0x0000,0x0000,0x0000,0x0000,0x0000,0x0000,0x0000,
    0x0000,0x0000,0x0000,0x0000,0x0000,0x0000,0x0000,0x0000,0x0000,0x0000,0x0000,0x0000,0x0000,0x0000,0x0000,0x0000,
    0x0000,0x0000,0x0000,0x0000,0x0000,0x0000,0x0000,0x0000,0x0000,0x0000,0x0000,0x0000,0x0000,0x0000,0x0000,0x0000,
    0x0000,0x0000,0x0000,0x0000,0x0000,0x0000,0x0000,0x0000,0x0000,0x0000,0x0000,0x0000,0x0000,0x0000,0x0000,0x0000,
    0x0000,0x0000,0x0000,0x0000,0x0000,0x0000,0x0000,0x0000,0x0000,0x0000,0x0000,0x0000,0x0000,0x0000,0x0000,0x0000,
    0x0000,0x0000,0x0000,0x0000,0x0000,0x0000,0x0000,0x0000,0x0000,0x0000,0x0000,0x0000,0x0000,0x0000,0x0000,0x0000,
    0x0000,0x0000,0x0000,0x0000,0x0000,0x0000,0x0000,0x0000,0x0000,0x0000,0x0000,0x0000,0x0000,0x0000,0x0000,0x0000,
    0x0000,0x0000,0x0000,0x0000,0x0000,0x0000,0x0000,0x0000,0x0000,0x0000,0x0000,0x0000,0x0000,0x0000,0x0000,0x0000,
    0x0000,0x0000,0x0000,0x0000,0x0000,0x0000,0x0000,0x0000,0x0000,0x0000,0x0000,0x0000,0x0000,0x0000,0x0000,0x0000,
    0x0000,0x0000,0x0000,0x0000,0x0000,0x0000,0x0000,0x0000,0x0000,0x0000,0x0000,0x0000,0x0000,0x0000,0x0000,0x0000,
    0x0000,0x0000,0x0000,0x0000,0x0000,0x0000,0x0000,0x0000,0x0000,0x0000,0x0000,0x0000,0x0000,0x0000,0x0000,0x0000,
    0x0000,0x0000,0x0000,0x0000,0x0000,0x0000,0x0000,0x0000,0x0000,0x0000,0x0000,0x0000,0x0000,0x0000,0x0000,0x0000,
    0x0000,0x0000,0x0000,0x0000,0x0000,0x0000,0x0000,0x0000,0x0000,0x0000,0x0000,0x0000,0x0000,0x0000,0x0000,0x0000,
    0x0000,0x0000,0x0000,0x0000,0x0000,0x0000,0x0000,0x0000,0x0000,0x0000,0x0000,0x0000,0x0000,0x0000,0x0000,0x0000,
    0x0000,0x0000,0x0000,0x0000,0x0000,0x0000,0x0000,0x0000,0x0000,0x0000,0x0000,0x0000,0x0000,0x0000,0x0000,0x0000,
    0x0000,0x0000,0x0000,0x0000,0x0000,0x0000,0x0000,0x0000,0x0000,0x0000,0x0000,0x0000,0x0000,0x0000,0x0000,0x0000,
    0x0000,0x0000,0x0000,0x0000,0x0000,0x0000,0x0000,0x0000,0x0000,0x0000,0x0000,0x0000,0x0000,0x0000,0x0000,0x0000,
    0x0000,0x0000,0x0000,0x0000,0x0000,0x0000,0x0000,0x0000,0x0000,0x0000,0x0000,0x0000,0x0000,0x0000,0x0000,0x0000,
    0x0000,0x0000,0x0000,0x0000,0x0000,0x0000,0x0000,0x0000,0x0000,0x0000,0x0000,0x0000,0x0000,0x0000,0x0000,0x0000,
    0x0000,0x0000,0x0000,0x0000,0x0000,0x0000,0x0000,0x0000,0x0000,0x0000,0x0000,0x0000,0x0000,0x0000,0x0000,0x0000,
    0x0000,0x0000,0x0000,0x0000,0x0000,0x0000,0x0000,0x0000,0x0000,0x0000,0x0000,0x0000,0x0000,0x0000,0x0000,0x0000,
    0x0000,0x0000,0x0000,0x0000,0x0000,0x0000,0x0000,0x0000,0x0000,0x0000,0x0000,0x0000,0x0000,0x0000,0x0000,0x0000,
    0x0000,0x0000,0x0000,0x0000,0x0000,0x0000,0x0000,0x0000,0x0000,0x0000,0x0000,0x0000,0x0000,0x0000,0x0000,0x0000,
    0x0000,0x0000,0x0000,0x0000,0x0000,0x0000,0x0000,0x0000,0x0000,0x0000,0x0000,0x0000,0x0000,0x0000,0x0000,0x0000,
    0x0000,0x0000,0x0000,0x0000,0x0000,0x0000,0x0000,0x0000,0x0000,0x0000,0x0000,0x0000,0x0000,0x0000,0x0000,0x0000,
    0x0000,0x0000,0x0000,0x0000,0x0000,0x0000,0x0000,0x0000,0x0000,0x0000,0x0000,0x0000,0x0000,0x0000,0x0000,0x0000,
    0x0000,0x0000,0x0000,0x0000,0x0000,0x0000,0x0000,0x0000,0x0000,0x0000,0x0000,0x0000,0x0000,0x0000,0x0000,0x0000,
    0x0000,0x0000,0x0000,0x0000,0x0000,0x0000,0x0000,0x0000,0x0000,0x0000,0x0000,0x0000,0x0000,0x0000,0x0000,0x0000,
    0x0000,0x0000,0x0000,0x0000,0x0000,0x0000,0x0000,0x0000,0x0000,0x0000,0x0000,0x0000,0x0000,0x0000,0x0000,0x0000,
    0x0000,0x0000,0x0000,0x0000,0x0000,0x0000,0x0000,0x0000,0x0000,0x0000,0x0000,0x0000,0x0000,0x0000,0x0000,0x0000,
    0x0000,0x0000,0x0000,0x0000,0x0000,0x0000,0x0000,0x0000,0x0000,0x0000,0x0000,0x0000,0x0000,0x0000,0x0000,0x0000,
    0x0000,0x0000,0x0000,0x0000,0x0000,0x0000,0x0000,0x0000,0x0000,0x0000,0x0000,0x0000,0x0000,0x0000,0x0000,0x0000,
    0x0000,0x0000,0x0000,0x0000,0x0000,0x0000,0x0000,0x0000,0x0000,0x0000,0x0000,0x0000,0x0000,0x0000,0x0000,0x0000,
    0x0000,0x0000,0x0000,0x0000,0x0000,0x0000,0x0000,0x0000,0x0000,0x0000,0x0000,0x0000,0x0000,0x0000,0x0000,0x0000,
    0x0000,0x0000,0x0000,0x0000,0x0000,0x0000,0x0000,0x0000,0x0000,0x0000,0x0000,0x0000,0x0000,0x0000,0x0000,0x0000,
    0x0000,0x0000,0x0000,0x0000,0x0000,0x0000,0x0000,0x0000,0x0000,0x0000,0x0000,0x0000,0x0000,0x0000,0x0000,0x0000,
    0x0000,0x0000,0x0000,0x0000,0x0000,0x0000,0x0000,0x0000,0x0000,0x0000,0x0000,0x0000,0x0000,0x0000,0x0000,0x0000,
    0x0000,0x0000,0x0000,0x0000,0x0000,0x0000,0x0000,0x0000,0x0000,0x0000,0x0000,0x0000,0x0000,0x0000,0x0000,0x0000,
    0x0000,0x0000,0x0000,0x0000,0x0000,0x0000,0x0000,0x0000,0x0000,0x0000,0x0000,0x0000,0x0000,0x0000,0x0000,0x0000,
    0x0000,0x0000,0x0000,0x0000,0x0000,0x0000,0x0000,0x0000,0x0000,0x0000,0x0000,0x0000,0x0000,0x0000,0x0000,0x0000,
    0x0000,0x0000,0x0000,0x0000,0x0000,0x0000,0x0000,0x0000,0x0000,0x0000,0x0000,0x0000,0x0000,0x0000,0x0000,0x0000,
    0x0000,0x0000,0x0000,0x0000,0x0000,0x0000,0x0000,0x0000,0x0000,0x0000,0x0000,0x0000,0x0000,0x0000,0x0000,0x0000,
    0x0000,0x0000,0x0000,0x0000,0x0000,0x0000,0x0000,0x0000,0x0000,0x0000,0x0000,0x0000,0x0000,0x0000,0x0000,0x0000,
    0x0000,0x0000,0x0000,0x0000,0x0000,0x0000,0x0000,0x0000,0x0000,0x0000,0x0000,0x0000,0x0000,0x0000,0x0000,0x0000,
    0x0000,0x0000,0x0000,0x0000,0x0000,0x0000,0x0000,0x0000,0x0000,0x0000,0x0000,0x0000,0x0000,0x0000,0x0000,0x0000,
    0x0000,0x0000,0x0000,0x0000,0x0000,0x0000,0x0000,0x0000,0x0000,0x0000,0x0000,0x0000,0x0000,0x0000,0x0000,0x0000,
    0x0000,0x0000,0x0000,0x0000,0x0000,0x0000,0x0000,0x0000,0x0000,0x0000,0x0000,0x0000,0x0000,0x0000,0x0000,0x0000,
    0x0000,0x0000,0x0000,0x0000,0x0000,0x0000,0x0000,0x0000,0x0000,0x0000,0x0000,0x0000,0x0000,0x0000,0x0000,0x0000,
    0x0000,0x0000,0x0000,0x0000,0x0000,0x0000,0x0000,0x0000,0x0000,0x0000,0x0000,0x0000,0x0000,0x0000,0x0000,0x0000,
    0x0000,0x0000,0x0000,0x0000,0x0000,0x0000,0x0000,0x0000,0x0000,0x0000,0x0000,0x0000,0x0000,0x0000,0x0000,0x0000,
    0x0000,0x0000,0x0000,0x0000,0x0000,0x0000,0x0000,0x0000,0x0000,0x0000,0x0000,0x0000,0x0000,0x0000,0x0000,0x0000,
    0x0000,0x0000,0x0000,0x0000,0x0000,0x0000,0x0000,0x0000,0x0000,0x0000,0x0000,0x0000,0x0000,0x0000,0x0000,0x0000,
    0x0000,0x0000,0x0000,0x0000,0x0000,0x0000,0x0000,0x0000,0x0000,0x0000,0x0000,0x0000,0x0000,0x0000,0x0000,0x0000,
    0x0000,0x0000,0x0000,0x0000,0x0000,0x0000,0x0000,0x0000,0x0000,0x0000,0x0000,0x0000,0x0000,0x0000,0x0000,0x0000,
    0x0000,0x0000,0x0000,0x0000,0x0000,0x0000,0x0000,0x0000,0x0000,0x0000,0x0000,0x0000,0x0000,0x0000,0x0000,0x0000,
    0x0000,0x0000,0x0000,0x0000,0x0000,0x0000,0x0000,0x0000,0x0000,0x0000,0x0000,0x0000,0x0000,0x0000,0x0000,0x0000,
    0x0000,0x0000,0x0000,0x0000,0x0000,0x0000,0x0000,0x0000,0x0000,0x0000,0x0000,0x0000,0x0000,0x0000,0x0000,0x0000,
    0x0000,0x0000,0x0000,0x0000,0x0000,0x0000,0x0000,0x0000,0x0000,0x0000,0x0000,0x0000,0x0000,0x0000,0x0000,0x0000,
    0x0000,0x0000,0x0000,0x0000,0x0000,0x0000,0x0000,0x0000,0x0000,0x0000,0x0000,0x0000,0x0000,0x0000,0x0000,0x0000,
    0x0000,0x0000,0x0000,0x0000,0x0000,0x0000,0x0000,0x0000,0x0000,0x0000,0x0000,0x0000,0x0000,0x0000,0x0000,0x0000,
    0x0000,0x0000,0x0000,0x0000,0x0000,0x0000,0x0000,0x0000,0x0000,0x0000,0x0000,0x0000,0x0000,0x0000,0x0000,0x0000,
    0x0000,0x0000,0x0000,0x0000,0x0000,0x0000,0x0000,0x0000,0x0000,0x0000,0x0000,0x0000,0x0000,0x0000,0x0000,0x0000,
    0x0000,0x0000,0x0000,0x0000,0x0000,0x0000,0x0000,0x0000,0x0000,0x0000,0x0000,0x0000,0x0000,0x0000,0x0000,0x0000,
    0x0000,0x0000,0x0000,0x0000,0x0000,0x0000,0x0000,0x0000,0x0000,0x0000,0x0000,0x0000,0x0000,0x0000,0x0000,0x0000,
    0x0000,0x0000,0x0000,0x0000,0x0000,0x0000,0x0000,0x0000,0x0000,0x0000,0x0000,0x0000,0x0000,0x0000,0x0000,0x0000,
    0x0000,0x0000,0x0000,0x0000,0x0000,0x0000,0x0000,0x0000,0x0000,0x0000,0x0000,0x0000,0x0000,0x0000,0x0000,0x0000,
    0x0000,0x0000,0x0000,0x0000,0x0000,0x0000,0x0000,0x0000,0x0000,0x0000,0x0000,0x0000,0x0000,0x0000,0x0000,0x0000,
    0x0000,0x0000,0x0000,0x0000,0x0000,0x0000,0x0000,0x0000,0x0000,0x0000,0x0000,0x0000,0x0000,0x0000,0x0000,0x0000,
    0x0000,0x0000,0x0000,0x0000,0x0000,0x0000,0x0000,0x0000,0x0000,0x0000,0x0000,0x0000,0x0000,0x0000,0x0000,0x0000,
    0x0000,0x0000,0x0000,0x0000,0x0000,0x0000,0x0000,0x0000,0x0000,0x0000,0x0000,0x0000,0x0000,0x0000,0x0000,0x0000,
    0x0000,0x0000,0x0000,0x0000,0x0000,0x0000,0x0000,0x0000,0x0000,0x0000,0x0000,0x0000,0x0000,0x0000,0x0000,0x0000,
    0x0000,0x0000,0x0000,0x0000,0x0000,0x0000,0x0000,0x0000,0x0000,0x0000,0x0000,0x0000,0x0000,0x0000,0x0000,0x0000,
    0x0000,0x0000,0x0000,0x0000,0x0000,0x0000,0x0000,0x0000,0x0000,0x0000,0x0000,0x0000,0x0000,0x0000,0x0000,0x0000,
    0x0000,0x0000,0x0000,0x0000,0x0000,0x0000,0x0000,0x0000,0x0000,0x0000,0x0000,0x0000,0x0000,0x0000,0x0000,0x0000,
    0x0000,0x0000,0x0000,0x0000,0x0000,0x0000,0x0000,0x0000,0x0000,0x0000,0x0000,0x0000,0x0000,0x0000,0x0000,0x0000,
    0x0000,0x0000,0x0000,0x0000,0x0000,0x0000,0x0000,0x0000,0x0000,0x0000,0x0000,0x0000,0x0000,0x0000,0x0000,0x0000,
    0x0000,0x0000,0x0000,0x0000,0x0000,0x0000,0x0000,0x0000,0x0000,0x0000,0x0000,0x0000,0x0000,0x0000,0x0000,0x0000,
    0x0000,0x0000,0x0000,0x0000,0x0000,0x0000,0x0000,0x0000,0x0000,0x0000,0x0000,0x0000,0x0000,0x0000,0x0000,0x0000,
    0x0000,0x0000,0x0000,0x0000,0x0000,0x0000,0x0000,0x0000,0x0000,0x0000,0x0000,0x0000,0x0000,0x0000,0x0000,0x0000,
    0x0000,0x0000,0x0000,0x0000,0x0000,0x0000,0x0000,0x0000,0x0000,0x0000,0x0000,0x0000,0x0000,0x0000,0x0000,0x0000,
    0x0000,0x0000,0x0000,0x0000,0x0000,0x0000,0x0000,0x0000,0x0000,0x0000,0x0000,0x0000,0x0000,0x0000,0x0000,0x0000,
    0x0000,0x0000,0x0000,0x0000,0x0000,0x0000,0x0000,0x0000,0x0000,0x0000,0x0000,0x0000,0x0000,0x0000,0x0000,0x0000,
    0x0000,0x0000,0x0000,0x0000,0x0000,0x0000,0x0000,0x0000,0x0000,0x0000,0x0000,0x0000,0x0000,0x0000,0x0000,0x0000,
    0x0000,0x0000,0x0000,0x0000,0x0000,0x0000,0x0000,0x0000,0x0000,0x0000,0x0000,0x0000,0x0000,0x0000,0x0000,0x0000,
    0x0000,0x0000,0x0000,0x0000,0x0000,0x0000,0x0000,0x0000,0x0000,0x0000,0x0000,0x0000,0x0000,0x0000,0x0000,0x0000,
    0x0000,0x0000,0x0000,0x0000,0x0000,0x0000,0x0000,0x0000,0x0000,0x0000,0x0000,0x0000,0x0000,0x0000,0x0000,0x0000,
    0x0000,0x0000,0x0000,0x0000,0x0000,0x0000,0x0000,0x0000,0x0000,0x0000,0x0000,0x0000,0x0000,0x0000,0x0000,0x0000,
    0x0000,0x0000,0x0000,0x0000,0x0000,0x0000,0x0000,0x0000,0x0000,0x0000,0x0000,0x0000,0x0000,0x0000,0x0000,0x0000,
    0x0000,0x0000,0x0000,0x0000,0x0000,0x0000,0x0000,0x0000,0x0000,0x0000,0x0000,0x0000,0x0000,0x0000,0x0000,0x0000,
    0x0000,0x0000,0x0000,0x0000,0x0000,0x0000,0x0000,0x0000,0x0000,0x0000,0x0000,0x0000,0x0000,0x0000,0x0000,0x0000,
    0x0000,0x0000,0x0000,0x0000,0x0000,0x0000,0x0000,0x0000,0x0000,0x0000,0x0000,0x0000,0x0000,0x0000,0x0000,0x0000,
    0x0000,0x0000,0x0000,0x0000,0x0000,0x0000,0x0000,0x0000,0x0000,0x0000,0x0000,0x0000,0x0000,0x0000,0x0000,0x0000,
    0x0000,0x0000,0x0000,0x0000,0x0000,0x0000,0x0000,0x0000,0x0000,0x0000,0x0000,0x0000,0x0000,0x0000,0x0000,0x0000,
    0x0000,0x0000,0x0000,0x0000,0x0000,0x0000,0x0000,0x0000,0x0000,0x0000,0x0000,0x0000,0x0000,0x0000,0x0000,0x0000,
    0x0000,0x0000,0x0000,0x0000,0x0000,0x0000,0x0000,0x0000,0x0000,0x0000,0x0000,0x0000,0x0000,0x0000,0x0000,0x0000,
    0x0000,0x0000,0x0000,0x0000,0x0000,0x0000,0x0000,0x0000,0x0000,0x0000,0x0000,0x0000,0x0000,0x0000,0x0000,0x0000,
    0x0000,0x0000,0x0000,0x0000,0x0000,0x0000,0x0000,0x0000,0x0000,0x0000,0x0000,0x0000,0x0000,0x0000,0x0000,0x0000,
    0x0000,0x0000,0x0000,0x0000,0x0000,0x0000,0x0000,0x0000,0x0000,0x0000,0x0000,0x0000,0x0000,0x0000,0x0000,0x0000,
    0x0000,0x0000,0x0000,0x0000,0x0000,0x0000,0x0000,0x0000,0x0000,0x0000,0x0000,0x0000,0x0000,0x0000,0x0000,0x0000,
    0x0000,0x0000,0x0000,0x0000,0x0000,0x0000,0x0000,0x0000,0x0000,0x0000,0x0000,0x0000,0x0000,0x0000,0x0000,0x0000,
    0x0000,0x0000,0x0000,0x0000,0x0000,0x0000,0x0000,0x0000,0x0000,0x0000,0x0000,0x0000,0x0000,0x0000,0x0000,0x0000,
    0x0000,0x0000,0x0000,0x0000,0x0000,0x0000,0x0000,0x0000,0x0000,0x0000,0x0000,0x0000,0x0000,0x0000,0x0000,0x0000,
    0x0000,0x0000,0x0000,0x0000,0x0000,0x0000,0x0000,0x0000,0x0000,0x0000,0x0000,0x0000,0x0000,0x0000,0x0000,0x0000,
    0x0000,0x0000,0x0000,0x0000,0x0000,0x0000,0x0000,0x0000,0x0000,0x0000,0x0000,0x0000,0x0000,0x0000,0x0000,0x0000,
    0x0000,0x0000,0x0000,0x0000,0x0000,0x0000,0x0000,0x0000,0x0000,0x0000,0x0000,0x0000,0x0000,0x0000,0x0000,0x0000,
    0x0000,0x0000,0x0000,0x0000,0x0000,0x0000,0x0000,0x0000,0x0000,0x0000,0x0000,0x0000,0x0000,0x0000,0x0000,0x0000,
    0x0000,0x0000,0x0000,0x0000,0x0000,0x0000,0x0000,0x0000,0x0000,0x0000,0x0000,0x0000,0x0000,0x0000,0x0000,0x0000,
    0x0000,0x0000,0x0000,0x0000,0x0000,0x0000,0x0000,0x0000,0x0000,0x0000,0x0000,0x0000,0x0000,0x0000,0x0000,0x0000,
    0x0000,0x0000,0x0000,0x0000,0x0000,0x0000,0x0000,0x0000,0x0000,0x0000,0x0000,0x0000,0x0000,0x0000,0x0000,0x0000,
    0x0000,0x0000,0x0000,0x0000,0x0000,0x0000,0x0000,0x0000,0x0000,0x0000,0x0000,0x0000,0x0000,0x0000,0x0000,0x0000,
    0x0000,0x0000,0x0000,0x0000,0x0000,0x0000,0x0000,0x0000,0x0000,0x0000,0x0000,0x0000,0x0000,0x0000,0x0000,0x0000,
    0x0000,0x0000,0x0000,0x0000,0x0000,0x0000,0x0000,0x0000,0x0000,0x0000,0x0000,0x0000,0x0000,0x0000,0x0000,0x0000,
    0x0000,0x0000,0x0000,0x0000,0x0000,0x0000,0x0000,0x0000,0x0000,0x0000,0x0000,0x0000,0x0000,0x0000,0x0000,0x0000,
    0x0000,0x0000,0x0000,0x0000,0x0000,0x0000,0x0000,0x0000,0x0000,0x0000,0x0000,0x0000,0x0000,0x0000,0x0000,0x0000,
    0x0000,0x0000,0x0000,0x0000,0x0000,0x0000,0x0000,0x0000,0x0000,0x0000,0x0000,0x0000,0x0000,0x0000,0x0000,0x0000,
    0x0000,0x0000,0x0000,0x0000,0x0000,0x0000,0x0000,0x0000,0x0000,0x0000,0x0000,0x0000,0x0000,0x0000,0x0000,0x0000,
    0x0000,0x0000,0x0000,0x0000,0x0000,0x0000,0x0000,0x0000,0x0000,0x0000,0x0000,0x0000,0x0000,0x0000,0x0000,0x0000,
    0x0000,0x0000,0x0000,0x0000,0x0000,0x0000,0x0000,0x0000,0x0000,0x0000,0x0000,0x0000,0x0000,0x0000,0x0000,0x0000,
    0x0000,0x0000,0x0000,0x0000,0x0000,0x0000,0x0000,0x0000,0x0000,0x0000,0x0000,0x0000,0x0000,0x0000,0x0000,0x0000,
    0x0000,0x0000,0x0000,0x0000,0x0000,0x0000,0x0000,0x0000,0x0000,0x0000,0x0000,0x0000,0x0000,0x0000,0x0000,0x0000,
    0x0000,0x0000,0x0000,0x0000,0x0000,0x0000,0x0000,0x0000,0x0000,0x0000,0x0000,0x0000,0x0000,0x0000,0x0000,0x0000,
    0x0000,0x0000,0x0000,0x0000,0x0000,0x0000,0x0000,0x0000,0x0000,0x0000,0x0000,0x0000,0x0000,0x0000,0x0000,0x0000,
    0x0000,0x0000,0x0000,0x0000,0x0000,0x0000,0x0000,0x0000,0x0000,0x0000,0x0000,0x0000,0x0000,0x0000,0x0000,0x0000,
    0x0000,0x0000,0x0000,0x0000,0x0000,0x0000,0x0000,0x0000,0x0000,0x0000,0x0000,0x0000,0x0000,0x0000,0x0000,0x0000,
    0x0000,0x0000,0x0000,0x0000,0x0000,0x0000,0x0000,0x0000,0x0000,0x0000,0x0000,0x0000,0x0000,0x0000,0x0000,0x0000,
    0x0000,0x0000,0x0000,0x0000,0x0000,0x0000,0x0000,0x0000,0x0000,0x0000,0x0000,0x0000,0x0000,0x0000,0x0000,0x0000,
    0x0000,0x0000,0x0000,0x0000,0x0000,0x0000,0x0000,0x0000,0x0000,0x0000,0x0000,0x0000,0x0000,0x0000,0x0000,0x0000,
    0x0000,0x0000,0x0000,0x0000,0x0000,0x0000,0x0000,0x0000,0x0000,0x0000,0x0000,0x0000,0x0000,0x0000,0x0000,0x0000,
    0x0000,0x0000,0x0000,0x0000,0x0000,0x0000,0x0000,0x0000,0x0000,0x0000,0x0000,0x0000,0x0000,0x0000,0x0000,0x0000,
    0x0000,0x0000,0x0000,0x0000,0x0000,0x0000,0x0000,0x0000,0x0000,0x0000,0x0000,0x0000,0x0000,0x0000,0x0000,0x0000,
    0x0000,0x0000,0x0000,0x0000,0x0000,0x0000,0x0000,0x0000,0x0000,0x0000,0x0000,0x0000,0x0000,0x0000,0x0000,0x0000,
    0x0000,0x0000,0x0000,0x0000,0x0000,0x0000,0x0000,0x0000,0x0000,0x0000,0x0000,0x0000,0x0000,0x0000,0x0000,0x0000,
    0x0000,0x0000,0x0000,0x0000,0x0000,0x0000,0x0000,0x0000,0x0000,0x0000,0x0000,0x0000,0x0000,0x0000,0x0000,0x0000,
    0x0000,0x0000,0x0000,0x0000,0x0000,0x0000,0x0000,0x0000,0x0000,0x0000,0x0000,0x0000,0x0000,0x0000,0x0000,0x0000,
    0x0000,0x0000,0x0000,0x0000,0x0000,0x0000,0x0000,0x0000,0x0000,0x0000,0x0000,0x0000,0x0000,0x0000,0x0000,0x0000,
    0x0000,0x0000,0x0000,0x0000,0x0000,0x0000,0x0000,0x0000,0x0000,0x0000,0x0000,0x0000,0x0000,0x0000,0x0000,0x0000,
    0x0000,0x0000,0x0000,0x0000,0x0000,0x0000,0x0000,0x0000,0x0000,0x0000,0x0000,0x0000,0x0000,0x0000,0x0000,0x0000,
    0x0000,0x0000,0x0000,0x0000,0x0000,0x0000,0x0000,0x0000,0x0000,0x0000,0x0000,0x0000,0x0000,0x0000,0x0000,0x0000,
    0x0000,0x0000,0x0000,0x0000,0x0000,0x0000,0x0000,0x0000,0x0000,0x0000,0x0000,0x0000,0x0000,0x0000,0x0000,0x0000,
    0x0000,0x0000,0x0000,0x0000,0x0000,0x0000,0x0000,0x0000,0x0000,0x0000,0x0000,0x0000,0x0000,0x0000,0x0000,0x0000,
    0x0000,0x0000,0x0000,0x0000,0x0000,0x0000,0x0000,0x0000,0x0000,0x0000,0x0000,0x0000,0x0000,0x0000,0x0000,0x0000,
    0x0000,0x0000,0x0000,0x0000,0x0000,0x0000,0x0000,0x0000,0x0000,0x0000,0x0000,0x0000,0x0000,0x0000,0x0000,0x0000,
    0x0000,0x0000,0x0000,0x0000,0x0000,0x0000,0x0000,0x0000,0x0000,0x0000,0x0000,0x0000,0x0000,0x0000,0x0000,0x0000,
    0x0000,0x0000,0x0000,0x0000,0x0000,0x0000,0x0000,0x0000,0x0000,0x0000,0x0000,0x0000,0x0000,0x0000,0x0000,0x0000,
    0x0000,0x0000,0x0000,0x0000,0x0000,0x0000,0x0000,0x0000,0x0000,0x0000,0x0000,0x0000,0x0000,0x0000,0x0000,0x0000,
    0x0000,0x0000,0x0000,0x0000,0x0000,0x0000,0x0000,0x0000,0x0000,0x0000,0x0000,0x0000,0x0000,0x0000,0x0000,0x0000,
    0x0000,0x0000,0x0000,0x0000,0x0000,0x0000,0x0000,0x0000,0x0000,0x0000,0x0000,0x0000,0x0000,0x0000,0x0000,0x0000,
    0x0000,0x0000,0x0000,0x0000,0x0000,0x0000,0x0000,0x0000,0x0000,0x0000,0x0000,0x0000,0x0000,0x0000,0x0000,0x0000,
    0x0000,0x0000,0x0000,0x0000,0x0000,0x0000,0x0000,0x0000,0x0000,0x0000,0x0000,0x0000,0x0000,0x0000,0x0000,0x0000,
    0x0000,0x0000,0x0000,0x0000,0x0000,0x0000,0x0000,0x0000,0x0000,0x0000,0x0000,0x0000,0x0000,0x0000,0x0000,0x0000,
    0x0000,0x0000,0x0000,0x0000,0x0000,0x0000,0x0000,0x0000,0x0000,0x0000,0x0000,0x0000,0x0000,0x0000,0x0000,0x0000,
    0x0000,0x0000,0x0000,0x0000,0x0000,0x0000,0x0000,0x0000,0x0000,0x0000,0x0000,0x0000,0x0000,0x0000,0x0000,0x0000,
    0x0000,0x0000,0x0000,0x0000,0x0000,0x0000,0x0000,0x0000,0x0000,0x0000,0x0000,0x0000,0x0000,0x0000,0x0000,0x0000,
    0x0000,0x0000,0x0000,0x0000,0x0000,0x0000,0x0000,0x0000,0x0000,0x0000,0x0000,0x0000,0x0000,0x0000,0x0000,0x0000,
    0x0000,0x0000,0x0000,0x0000,0x0000,0x0000,0x0000,0x0000,0x0000,0x0000,0x0000,0x0000,0x0000,0x0000,0x0000,0x0000,
    0x0000,0x0000,0x0000,0x0000,0x0000,0x0000,0x0000,0x0000,0x0000,0x0000,0x0000,0x0000,0x0000,0x0000,0x0000,0x0000,
    0x0000,0x0000,0x0000,0x0000,0x0000,0x0000,0x0000,0x0000,0x0000,0x0000,0x0000,0x0000,0x0000,0x0000,0x0000,0x0000,
    0x0000,0x0000,0x0000,0x0000,0x0000,0x0000,0x0000,0x0000,0x0000,0x0000,0x0000,0x0000,0x0000,0x0000,0x0000,0x0000,
    0x0000,0x0000,0x0000,0x0000,0x0000,0x0000,0x0000,0x0000,0x0000,0x0000,0x0000,0x0000,0x0000,0x0000,0x0000,0x0000,
    0x0000,0x0000,0x0000,0x0000,0x0000,0x0000,0x0000,0x0000,0x0000,0x0000,0x0000,0x0000,0x0000,0x0000,0x0000,0x0000,
    0x0000,0x0000,0x0000,0x0000,0x0000,0x0000,0x0000,0x0000,0x0000,0x0000,0x0000,0x0000,0x0000,0x0000,0x0000,0x0000,
    0x0000,0x0000,0x0000,0x0000,0x0000,0x0000,0x0000,0x0000,0x0000,0x0000,0x0000,0x0000,0x0000,0x0000,0x0000,0x0000,
    0x0000,0x0000,0x0000,0x0000,0x0000,0x0000,0x0000,0x0000,0x0000,0x0000,0x0000,0x0000,0x0000,0x0000,0x0000,0x0000,
    0x0000,0x0000,0x0000,0x0000,0x0000,0x0000,0x0000,0x0000,0x0000,0x0000,0x0000,0x0000,0x0000,0x0000,0x0000,0x0000,
    0x0000,0x0000,0x0000,0x0000,0x0000,0x0000,0x0000,0x0000,0x0000,0x0000,0x0000,0x0000,0x0000,0x0000,0x0000,0x0000,
    0x0000,0x0000,0x0000,0x0000,0x0000,0x0000,0x0000,0x0000,0x0000,0x0000,0x0000,0x0000,0x0000,0x0000,0x0000,0x0000,
    0x0000,0x0000,0x0000,0x0000,0x0000,0x0000,0x0000,0x0000,0x0000,0x0000,0x0000,0x0000,0x0000,0x0000,0x0000,0x0000,
    0x0000,0x0000,0x0000,0x0000,0x0000,0x0000,0x0000,0x0000,0x0000,0x0000,0x0000,0x0000,0x0000,0x0000,0x0000,0x0000,
    0x0000,0x0000,0x0000,0x0000,0x0000,0x0000,0x0000,0x0000,0x0000,0x0000,0x0000,0x0000,0x0000,0x0000,0x0000,0x0000,
    0x0000,0x0000,0x0000,0x0000,0x0000,0x0000,0x0000,0x0000,0x0000,0x0000,0x0000,0x0000,0x0000,0x0000,0x0000,0x0000,
    0x0000,0x0000,0x0000,0x0000,0x0000,0x0000,0x0000,0x0000,0x0000,0x0000,0x0000,0x0000,0x0000,0x0000,0x0000,0x0000,
    0x0000,0x0000,0x0000,0x0000,0x0000,0x0000,0x0000,0x0000,0x0000,0x0000,0x0000,0x0000,0x0000,0x0000,0x0000,0x0000,
    0x0000,0x0000,0x0000,0x0000,0x0000,0x0000,0x0000,0x0000,0x0000,0x0000,0x0000,0x0000,0x0000,0x0000,0x0000,0x0000,
    0x0000,0x0000,0x0000,0x0000,0x0000,0x0000,0x0000,0x0000,0x0000,0x0000,0x0000,0x0000,0x0000,0x0000,0x0000,0x0000,
    0x0000,0x0000,0x0000,0x0000,0x0000,0x0000,0x0000,0x0000,0x0000,0x0000,0x0000,0x0000,0x0000,0x0000,0x0000,0x0000,
    0x0000,0x0000,0x0000,0x0000,0x0000,0x0000,0x0000,0x0000,0x0000,0x0000,0x0000,0x0000,0x0000,0x0000,0x0000,0x0000,
    0x0000,0x0000,0x0000,0x0000,0x0000,0x0000,0x0000,0x0000,0x0000,0x0000,0x0000,0x0000,0x0000,0x0000,0x0000,0x0000,
    0x0000,0x0000,0x0000,0x0000,0x0000,0x0000,0x0000,0x0000,0x0000,0x0000,0x0000,0x0000,0x0000,0x0000,0x0000,0x0000,
    0x0000,0x0000,0x0000,0x0000,0x0000,0x0000,0x0000,0x0000,0x0000,0x0000,0x0000,0x0000,0x0000,0x0000,0x0000,0x0000,
    0x0000,0x0000,0x0000,0x0000,0x0000,0x0000,0x0000,0x0000,0x0000,0x0000,0x0000,0x0000,0x0000,0x0000,0x0000,0x0000,
    0x0000,0x0000,0x0000,0x0000,0x0000,0x0000,0x0000,0x0000,0x0000,0x0000,0x0000,0x0000,0x0000,0x0000,0x0000,0x0000,
    0x0000,0x0000,0x0000,0x0000,0x0000,0x0000,0x0000,0x0000,0x0000,0x0000,0x0000,0x0000,0x0000,0x0000,0x0000,0x0000,
    0x0000,0x0000,0x0000,0x0000,0x0000,0x0000,0x0000,0x0000,0x0000,0x0000,0x0000,0x0000,0x0000,0x0000,0x0000,0x0000,
    0x0000,0x0000,0x0000,0x0000,0x0000,0x0000,0x0000,0x0000,0x0000,0x0000,0x0000,0x0000,0x0000,0x0000,0x0000,0x0000,
    0x0000,0x0000,0x0000,0x0000,0x0000,0x0000,0x0000,0x0000,0x0000,0x0000,0x0000,0x0000,0x0000,0x0000,0x0000,0x0000,
    0x0000,0x0000,0x0000,0x0000,0x0000,0x0000,0x0000,0x0000,0x0000,0x0000,0x0000,0x0000,0x0000,0x0000,0x0000,0x0000,
    0x0000,0x0000,0x0000,0x0000,0x0000,0x0000,0x0000,0x0000,0x0000,0x0000,0x0000,0x0000,0x0000,0x0000,0x0000,0x0000,
    0x0000,0x0000,0x0000,0x0000,0x0000,0x0000,0x0000,0x0000,0x0000,0x0000,0x0000,0x0000,0x0000,0x0000,0x0000,0x0000,
    0x0000,0x0000,0x0000,0x0000,0x0000,0x0000,0x0000,0x0000,0x0000,0x0000,0x0000,0x0000,0x0000,0x0000,0x0000,0x0000,
    0x0000,0x0000,0x0000,0x0000,0x0000,0x0000,0x0000,0x0000,0x0000,0x0000,0x0000,0x0000,0x0000,0x0000,0x0000,0x0000,
    0x0000,0x0000,0x0000,0x0000,0x0000,0x0000,0x0000,0x0000,0x0000,0x0000,0x0000,0x0000,0x0000,0x0000,0x0000,0x0000,
    0x0000,0x0000,0x0000,0x0000,0x0000,0x0000,0x0000,0x0000,0x0000,0x0000,0x0000,0x0000,0x0000,0x0000,0x0000,0x0000,
    0x0000,0x0000,0x0000,0x0000,0x0000,0x0000,0x0000,0x0000,0x0000,0x0000,0x0000,0x0000,0x0000,0x0000,0x0000,0x0000,
    0x0000,0x0000,0x0000,0x0000,0x0000,0x0000,0x0000,0x0000,0x0000,0x0000,0x0000,0x0000,0x0000,0x0000,0x0000,0x0000,
    0x0000,0x0000,0x0000,0x0000,0x0000,0x0000,0x0000,0x0000,0x0000,0x0000,0x0000,0x0000,0x0000,0x0000,0x0000,0x0000,
    0x0000,0x0000,0x0000,0x0000,0x0000,0x0000,0x0000,0x0000,0x0000,0x0000,0x0000,0x0000,0x0000,0x0000,0x0000,0x0000,
    0x0000,0x0000,0x0000,0x0000,0x0000,0x0000,0x0000,0x0000,0x0000,0x0000,0x0000,0x0000,0x0000,0x0000,0x0000,0x0000,
    0x0000,0x0000,0x0000,0x0000,0x0000,0x0000,0x0000,0x0000,0x0000,0x0000,0x0000,0x0000,0x0000,0x0000,0x0000,0x0000,
    0x0000,0x0000,0x0000,0x0000,0x0000,0x0000,0x0000,0x0000,0x0000,0x0000,0x0000,0x0000,0x0000,0x0000,0x0000,0x0000,
    0x0000,0x0000,0x0000,0x0000,0x0000,0x0000,0x0000,0x0000,0x0000,0x0000,0x0000,0x0000,0x0000,0x0000,0x0000,0x0000,
    0x0000,0x0000,0x0000,0x0000,0x0000,0x0000,0x0000,0x0000,0x0000,0x0000,0x0000,0x0000,0x0000,0x0000,0x0000,0x0000,
    0x0000,0x0000,0x0000,0x0000,0x0000,0x0000,0x0000,0x0000,0x0000,0x0000,0x0000,0x0000,0x0000,0x0000,0x0000,0x0000,
    0x0000,0x0000,0x0000,0x0000,0x0000,0x0000,0x0000,0x0000,0x0000,0x0000,0x0000,0x0000,0x0000,0x0000,0x0000,0x0000,
    0x0000,0x0000,0x0000,0x0000,0x0000,0x0000,0x0000,0x0000,0x0000,0x0000,0x0000,0x0000,0x0000,0x0000,0x0000,0x0000,
    0x0000,0x0000,0x0000,0x0000,0x0000,0x0000,0x0000,0x0000,0x0000,0x0000,0x0000,0x0000,0x0000,0x0000,0x0000,0x0000,
    0x0000,0x0000,0x0000,0x0000,0x0000,0x0000,0x0000,0x0000,0x0000,0x0000,0x0000,0x0000,0x0000,0x0000,0x0000,0x0000,
    0x0000,0x0000,0x0000,0x0000,0x0000,0x0000,0x0000,0x0000,0x0000,0x0000,0x0000,0x0000,0x0000,0x0000,0x0000,0x0000,
    0x0000,0x0000,0x0000,0x0000,0x0000,0x0000,0x0000,0x0000,0x0000,0x0000,0x0000,0x0000,0x0000,0x0000,0x0000,0x0000,
    0x0000,0x0000,0x0000,0x0000,0x0000,0x0000,0x0000,0x0000,0x0000,0x0000,0x0000,0x0000,0x0000,0x0000,0x0000,0x0000,
    0x0000,0x0000,0x0000,0x0000,0x0000,0x0000,0x0000,0x0000,0x0000,0x0000,0x0000,0x0000,0x0000,0x0000,0x0000,0x0000,
    0x0000,0x0000,0x0000,0x0000,0x0000,0x0000,0x0000,0x0000,0x0000,0x0000,0x0000,0x0000,0x0000,0x0000,0x0000,0x0000,
    0x0000,0x0000,0x0000,0x0000,0x0000,0x0000,0x0000,0x0000,0x0000,0x0000,0x0000,0x0000,0x0000,0x0000,0x0000,0x0000,
    0x0000,0x0000,0x0000,0x0000,0x0000,0x0000,0x0000,0x0000,0x0000,0x0000,0x0000,0x0000,0x0000,0x0000,0x0000,0x0000,
    0x0000,0x0000,0x0000,0x0000,0x0000,0x0000,0x0000,0x0000,0x0000,0x0000,0x0000,0x0000,0x0000,0x0000,0x0000,0x0000,
    0x0000,0x0000,0x0000,0x0000,0x0000,0x0000,0x0000,0x0000,0x0000,0x0000,0x0000,0x0000,0x0000,0x0000,0x0000,0x0000,
    0x0000,0x0000,0x0000,0x0000,0x0000,0x0000,0x0000,0x0000,0x0000,0x0000,0x0000,0x0000,0x0000,0x0000,0x0000,0x0000,
    0x0000,0x0000,0x0000,0x0000,0x0000,0x0000,0x0000,0x0000,0x0000,0x0000,0x0000,0x0000,0x0000,0x0000,0x0000,0x0000,
    0x0000,0x0000,0x0000,0x0000,0x0000,0x0000,0x0000,0x0000,0x0000,0x0000,0x0000,0x0000,0x0000,0x0000,0x0000,0x0000,
    0x0000,0x0000,0x0000,0x0000,0x0000,0x0000,0x0000,0x0000,0x0000,0x0000,0x0000,0x0000,0x0000,0x0000,0x0000,0x0000,
    0x0000,0x0000,0x0000,0x0000,0x0000,0x0000,0x0000,0x0000,0x0000,0x0000,0x0000,0x0000,0x0000,0x0000,0x0000,0x0000,
    0x0000,0x0000,0x0000,0x0000,0x0000,0x0000,0x0000,0x0000,0x0000,0x0000,0x0000,0x0000,0x0000,0x0000,0x0000,0x0000,
    0x0000,0x0000,0x0000,0x0000,0x0000,0x0000,0x0000,0x0000,0x0000,0x0000,0x0000,0x0000,0x0000,0x0000,0x0000,0x0000,
    0x0000,0x0000,0x0000,0x0000,0x0000,0x0000,0x0000,0x0000,0x0000,0x0000,0x0000,0x0000,0x0000,0x0000,0x0000,0x0000,
    0x0000,0x0000,0x0000,0x0000,0x0000,0x0000,0x0000,0x0000,0x0000,0x0000,0x0000,0x0000,0x0000,0x0000,0x0000,0x0000,
    0x0000,0x0000,0x0000,0x0000,0x0000,0x0000,0x0000,0x0000,0x0000,0x0000,0x0000,0x0000,0x0000,0x0000,0x0000,0x0000,
    0x0000,0x0000,0x0000,0x0000,0x0000,0x0000,0x0000,0x0000,0x0000,0x0000,0x0000,0x0000,0x0000,0x0000,0x0000,0x0000,
    0x0000,0x0000,0x0000,0x0000,0x0000,0x0000,0x0000,0x0000,0x0000,0x0000,0x0000,0x0000,0x0000,0x0000,0x0000,0x0000,
    0x0000,0x0000,0x0000,0x0000,0x0000,0x0000,0x0000,0x0000,0x0000,0x0000,0x0000,0x0000,0x0000,0x0000,0x0000,0x0000,
    0x0000,0x0000,0x0000,0x0000,0x0000,0x0000,0x0000,0x0000,0x0000,0x0000,0x0000,0x0000,0x0000,0x0000,0x0000,0x0000,
    0x0000,0x0000,0x0000,0x0000,0x0000,0x0000,0x0000,0x0000,0x0000,0x0000,0x0000,0x0000,0x0000,0x0000,0x0000,0x0000,
    0x0000,0x0000,0x0000,0x0000,0x0000,0x0000,0x0000,0x0000,0x0000,0x0000,0x0000,0x0000,0x0000,0x0000,0x0000,0x0000,
    0x0000,0x0000,0x0000,0x0000,0x0000,0x0000,0x0000,0x0000,0x0000,0x0000,0x0000,0x0000,0x0000,0x0000,0x0000,0x0000,
    0x0000,0x0000,0x0000,0x0000,0x0000,0x0000,0x0000,0x0000,0x0000,0x0000,0x0000,0x0000,0x0000,0x0000,0x0000,0x0000,
    0x0000,0x0000,0x0000,0x0000,0x0000,0x0000,0x0000,0x0000,0x0000,0x0000,0x0000,0x0000,0x0000,0x0000,0x0000,0x0000,
    0x0000,0x0000,0x0000,0x0000,0x0000,0x0000,0x0000,0x0000,0x0000,0x0000,0x0000,0x0000,0x0000,0x0000,0x0000,0x0000,
    0x0000,0x0000,0x0000,0x0000,0x0000,0x0000,0x0000,0x0000,0x0000,0x0000,0x0000,0x0000,0x0000,0x0000,0x0000,0x0000,
    0x0000,0x0000,0x0000,0x0000,0x0000,0x0000,0x0001,0x0000,0xFFFF,0x0000,0x0001,0xFFFF,0x0000,0x0000,0x0000,0x0000,
    0x0000,0x0000,0x0000,0x0000,0x0001,0x0001,0x0000,0xFFFF,0x0000,0x0000,0x0000,0x0000,0x0000,0x0000,0xFFFF,0x0000,
    0x0001,0xFFFF,0x0000,0x0000,0x0001,0x0000,0x0000,0x0001,0xFFFF,0x0001,0x0000,0x0000,0xFFFF,0x0001,0x0000,0xFFFF,
    0x0000,0x0001,0x0001,0xFFFF,0x0000,0x0000,0x0000,0x0000,0x0000,0x0000,0x0000,0x0000,0x0000,0x0000,0x0000,0x0000,
    0x0000,0x0000,0x0000,0x0000,0x0000,0x0000,0x0000,0x0000,0x0000,0x0000,0x0000,0x0000,0x0000,0xFFFF,0x0001,0x0000,
    0xFFFF,0x0000,0x0000,0x0000,0x0000,0x0001,0x0000,0x0000,0x0000,0x0000,0x0000,0x0000,0x0000,0x0000,0x0000,0x0000,
    0x0000,0xFFFF,0x0001,0x0000,0x0000,0x0000,0x0000,0xFFFF,0x0000,0x0001,0xFFFF,0x0000,0x0001,0x0000,0x0000,0x0001,
    0x0000,0xFFFF,0x0001,0x0000,0x0000,0xFFFF,0x0001,0x0000,0xFFFF,0x0001,0x0000,0x0000,0x0000,0x0000,0x0000,0x0000,
    0x0000,0x0000,0x0000,0x0000,0x0000,0x0000,0x0000,0x0000,0x0000,0x0000,0x0001,0x0000,0x0000,0x0000,0xFFFF,0x0000,
    0x0000,0x0000,0x0000,0x0000,0x0000,0x0000,0x0001,0x0000,0x0000,0x0000,0x0000,0xFFFF,0x0000,0x0000,0xFFFF,0x0001,
    0xFFFF,0x0000,0x0000,0x0000,0xFFFF,0x0000,0x0000,0xFFFF,0x0000,0x0000,0x0000,0x0000,0x0001,0x0000,0xFFFF,0x0000,
    0x0001,0xFFFF,0x0000,0x0003,0x0000,0xFFFF,0x0001,0x0001,0xFFFD,0x0000,0x0001,0xFFFF,0xFFFF,0x0000,0x0000,0xFFFF,
    0x0000,0x0001,0x0000,0x0000,0x0000,0x0000,0xFFFF,0x0001,0x0000,0x0001,0x0000,0x0001,0xFFFF,0x0001,0x0000,0xFFFF,
    0x0001,0x0000,0x0000,0x0000,0x0001,0xFFFF,0x0000,0x0001,0x0000,0x0000,0x0000,0x0000,0xFFFF,0x0001,0x0000,0xFFFF,
    0x0001,0xFFFF,0x0000,0x0000,0x0000,0x0000,0x0000,0x0000,0x0000,0x0000,0x0000,0x0000,0x0001,0xFFFF,0xFFFF,0x0000,
    0x0001,0x0000,0xFFFD,0x0001,0x0001,0xFFFC,0x0001,0x0000,0x0000,0xFFFD,0x0003,0x0001,0xFFFC,0x0001,0x0003,0xFFFF,
    0xFFFC,0x0006,0xFFFF,0xFFFC,0x0006,0xFFFF,0x0000,0x0000,0x0004,0xFFFA,0x0004,0x0000,0xFFFD,0x0003,0x0000,0xFFFF,
    0xFFFF,0x0004,0xFFFF,0xFFFD,0x0003,0x0003,0xFFF8,0x0001,0x0004,0xFFFD,0xFFFC,0x0008,0xFFFF,0xFFF8,0x0006,0x0001,
    0xFFFC,0x0001,0x0000,0x0001,0xFFFF,0xFFFF,0x0003,0x0000,0x0000,0xFFFF,0x0003,0x0000,0xFFFA,0x0003,0x0003,0xFFFF,
    0xFFFF,0x0001,0x0000,0xFFFF,0xFFFF,0x000B,0x0001,0xFFF2,0x000C,0xFFFA,0xFFF2,0x0004,0x000E,0x0001,0xFFE7,0x001B,
    0xFFEF,0x000E,0xFFEC,0x001E,0xFFEF,0xFFEF,0x0023,0xFFE5,0x0004,0xFFEF,0x0035,0xFFD2,0xFFF0,0x0053,0xFFBD,0xFFE7,
    0x0049,0xFFF7,0xFFBF,0xFFFA,0x00B8,0x007B,0xFF73,0xFF51,0x0009,0x00AF,0xFFFF,0xFF55,0x0050,0x00F2,0x002C,0xFF3C,
    0x0097,0x0016,0xFF85,0x0055,0xFFFD,0xFFEF,0xFFF2,0x001B,0xFFF8,0xFFF7,0x0003,0x0009,0xFFFD,0xFFF4,0x0010,0xFFF7,
    0x0001,0x0003,0x0001,0x0000,0xFFFA,0x0000,0x0000,0x0004,0x0003,0xFFFC,0x0000,0x0000,0x0000,0xFFFF,0x0001,0x0001,
    0x0000,0x0000,0x0000,0x0003,0xFFFF,0x0000,0x0003,0xFFFC,0x0001,0x0000,0x0001,0xFFFD,0x0001,0x0001,0xFFFF,0x0000,
    0x0000,0x0001,0xFFFD,0x0001,0xFFFF,0x0001,0x0000,0x0000,0x0000,0x0000,0x0000,0xFFFF,0x0001,0xFFFD,0x0003,0x0000,
    0x0001,0xFFFF,0x0001,0xFFFF,0x0000,0x0001,0xFFFF,0x0001,0x0000,0x0000,0xFFFF,0x0001,0xFFFF,0x0001,0x0000,0x0000,
    0x0000,0x0000,0x0001,0x0000,0xFFFF,0x0000,0x0001,0xFFFF,0x0000,0x0001,0x0001,0xFFFC,0x0006,0x0000,0xFFFF,0xFFFF,
    0x0003,0xFFFF,0xFFFD,0x0004,0xFFFD,0x0001,0x0000,0x0001,0x0000,0x0000,0x0000,0x0001,0x0000,0xFFFF,0x0001,0x0001,
    0xFFFF,0x0000,0x0003,0xFFFF,0x0000,0x0000,0x0000,0x0000,0xFFFF,0x0001,0x0000,0xFFFF,0x0001,0xFFFF,0x0003,0xFFFF,
    0x0001,0xFFFF,0x0001,0x0000,0xFFFF,0x0001,0xFFFF,0xFFFF,0x0001,0x0000,0xFFFF,0x0001,0x0000,0xFFFF,0x0001,0x0000,
    0x0000,0x0000,0x0001,0xFFFF,0x0000,0x0001,0x0000,0xFFFF,0x0001,0x0000,0xFFFF,0x0001,0x0000,0x0000,0x0000,0x0001,
    0x0000,0x0000,0x0000,0x0000,0x0000,0xFFFF,0x0000,0x0000,0x0000,0x0000,0x0000,0x0001,0xFFFF,0x0000,0x0000,0x0001,
    0xFFFF,0x0001,0x0000,0xFFFF,0x0001,0xFFFF,0x0000,0x0000,0x0000,0x0000,0xFFFF,0x0001,0xFFFF,0xFFFF,0x0001,0xFFFF,
    0x0000,0x0000,0x0000,0xFFFF,0x0000,0x0001,0xFFFF,0x0000,0x0000,0x0000,0x0000,0x0000,0x0000,0x0000,0x0000,0xFFFF,
    0x0000,0x0000,0x0000,0xFFFF,0x0000,0x0000,0x0000,0x0000,0x0000,0x0000,0x0000,0x0000,0x0000,0x0000,0x0000,0x0000,
    0x0000,0x0000,0x0000,0x0000,0x0000,0x0000,0x0000,0x0000,0x0000,0x0000,0x0000,0x0000,0x0000,0x0000,0x0000,0x0000,
    0x0000,0x0000,0x0000,0x0000,0x0000,0x0000,0x0000,0x0000,0x0000,0x0000,0x0000,0x0000,0x0000,0x0000,0x0000,0x0000,
    0x0000,0x0000,0x0000,0x0000,0x0000,0x0000,0x0000,0x0000,0x0000,0x0000,0x0000,0x0000,0x0000,0x0000,0x0000,0x0000,
    0x0000,0x0000,0x0000,0x0000,0x0000,0x0000,0x0000,0x0000,0x0000,0x0000,0x0000,0x0000,0x0000,0x0000,0x0000,0x0000,
    0x0000,0x0000,0x0000,0x0000,0x0000,0x0000,0x0000,0x0000,0x0000,0x0000,0x0000,0x0000,0x0000,0x0000,0x0000,0x0000,
    0x0000,0x0000,0x0000,0x0000,0x0000,0x0000,0x0000,0x0000,0x0000,0x0000,0x0000,0x0000,0x0000,0x0000,0x0000,0x0000,
    0x0000,0x0000,0x0001,0x0004,0x0004,0xFFFC,0xFFFC,0xFFFC,0xFFF8,0x0006,0x000E,0x0016,0xFFFC,0xFFF7,0x0000,0xFFF5,
    0xFFF4,0xFFF8,0xFFFA,0xFFED,0xFFF7,0x000C,0x0013,0x0006,0x000C,0x0011,0x000E,0xFFFF,0x0013,0xFFFF,0xFFD2,0xFFE5,
    0xFFF7,0x0016,0x000C,0x0013,0x000C,0xFFE8,0xFFE7,0xFFF7,0x0004,0x0008,0xFFFD,0x0014,0x0013,0x0019,0xFFCA,0x0021,
    0xFFB7,0x0046,0xFF61,0xFE82,0x023A,0xFFFC,0xFEF4,0x00D5,0x00C2,0xFED7,0xFF7B,0xFD62,0x014B,0x01FA,0xFBE1,0x0348,
    0x04ED,0xFEA7,0xFC2E,0xFF34,0x0303,0xF6DA,0xFFC0,0x0BC8,0xFEB4,0xFA02,0x0EA9,0x0151,0xED77,0xFAEB,0x0953,0xFEC2,
    0xF939,0x0B4E,0x08C3,0xF5A7,0xF489,0x1231,0xFA52,0xE983,0x0BA3,0x0E73,0xF6D5,0x00BF,0x09BC,0xF7E1,0xF0EB,0x095F,
    0x0BDE,0xF2BA,0xFB3B,0x0E99,0xFC7E,0xFA51,0x0466,0x0633,0xF273,0xFC7E,0x14CD,0xFF69,0xF437,0x0294,0x078E,0xFA54,
    0xFA62,0x04DB,0x0778,0xF3DD,0x06FC,0x0805,0xF9BA,0xF654,0x0D28,0xFD77,0xF48C,0x0B90,0x068D,0xF0C3,0x02BF,0x111E,
    0xF49A,0xED12,0x0A4E,0x1BF8,0xEB04,0xF696,0x16DE,0xF797,0xF671,0x0DAF,0x102D,0xEFA5,0xEAD4,0x0B6B,0x1832,0xF428,
    0xF56A,0x0316,0xF8DF,0xFAB3,0x15A3,0x13DA,0xE533,0xF62E,0x0910,0x01F0,0xFE26,0x0BA8,0xF2CB,0xF3D6,0x0E95,0x0781,
    0xFDEE,0xF8E4,0xFF03,0xFEE1,0x068A,0x01D3,0x034D,0xED35,0x018E,0x099F,0x0070,0xFAC1,0xFCE8,0xFEDF,0xF641,0x0CEF,
    0x062B,0xF14D,0xF399,0x0C45,0x019B,0xFC7B,0x0E1E,0xFBAA,0xF356,0x005D,0x0385,0xF6A1,0x0180,0x0323,0xFB33,0x01D0,
    0x0131,0xFEBC,0xFCCB,0x0AFC,0xFC9E,0xFBCD,0x0238,0x03E4,0xF622,0x04E8,0x0CF8,0xFA47,0xF94F,0xFB00,0x0039,0x1323,
    0x06BD,0xF680,0x03E2,0xFF30,0x0167,0x0315,0x03B8,0xFAD8,0xFAB6,0xF872,0x039D,0x109C,0x00BD,0xF601,0x04E0,0x0C5F,
    0xF250,0xFBBC,0x0E02,0xFAF8,0xF689,0x0B25,0x04AE,0xFAA6,0x02D1,0xFFCB,0xFC31,0x012E,0x0035,0xFAE1,0x022F,0x0736,
    0xF7EC,0x07C3,0x0491,0xF601,0xF951,0x0606,0xFE20,0xFC2F,0x05A9,0xFCAB,0xFBE6,0x073E,0xFF39,0xFFEC,0x0667,0xF38F,
    0xFA17,0x0508,0xFC1B,0xF82E,0x06F4,0x04FD,0xF482,0xF85A,0x0062,0x0790,0x00FC,0xFC48,0xF970,0x05A1,0xFF73,0xFFF2,
    0x0925,0xFED4,0xF95E,0x029E,0xF6CD,0xF6C1,0x0EF8,0x03A8,0xF195,0x0B4A,0x0E24,0xF188,0xFBA4,0x0D4E,0xF6AE,0xF9D8,
    0x0790,0xFCA8,0xFD4C,0x08FD,0x0441,0xEB36,0x0BF6,0x0E98,0xF5A5,0x00BA,0x0326,0xFAB1,0x0515,0x034D,0xF694,0x06F4,
    0x0BA4,0xF405,0x0048,0x0A09,0xFCF0,0x02BF,0x0C13,0xFC24,0xFD6F,0x09AF,0xFB18,0xF478,0x0151,0x05A7,0xFE2A,0x0436,
    0x06D4,0xFDC3,0xFA2A,0xFD59,0x09CA,0x0955,0xF2A5,0xF25D,0x033B,0x046B,0x0A92,0x069A,0xEF56,0xFEF9,0x092F,0xF8B5,
    0xFC0F,0x085A,0xFEFF,0xEA12,0x03C5,0x0BA4,0xF911,0xFDEB,0x0524,0xFFB0,0xFA3F,0xFFDD,0xFDCC,0x0547,0x0EA0,0xFB0B,
    0xF563,0x087C,0xFD00,0xF66C,0x05B1,0xFEEE,0xF811,0x0D7A,0x0C1B,0xEFF8,0xF777,0x0B04,0x06DC,0xF8CA,0x03B8,0x0B79,
    0xF5BA,0xF835,0x0ED8,0x081F,0xF939,0xF6B1,0xFEE2,0x0905,0x07AE,0x0A03,0xF442,0xEBC8,0x02A2,0x0DDF,0xF83B,0xFE12,
    0x02A9,0xF130,0xF113,0x0ABA,0x0D95,0xF1D4,0xF9BE,0x0C57,0xFCF2,0x06DA,0x0652,0xE79D,0x00F4,0x0137,0xF250,0x0AE5,
    0x0C8D,0xEFFF,0x0059,0x0499,0xFBA0,0x0AE8,0xFCCB,0xEE1D,0xFB88,0x0524,0x08D8,0x02A2,0xF2CF,0xFCA8,0x1087,0x01F8,
    0xF956,0x07E8,0x0CC6,0xE8A5,0x056C,0x19A7,0xF831,0xFBC1,0x00BA,0xF0BE,0x034A,0x0B31,0xF831,0xFD34,0x02DC,0xF957,
    0xFC17,0x0FBE,0x0FB9,0xF4DC,0xFDD8,0xFD93,0xEB9D,0x12C8,0x1786,0xF0BE,0xFAAE,0x0DD2,0xF86A,0x022C,0x0F34,0xFCCA,
    0xF63F,0x0D28,0x066D,0xF33E,0x0A0E,0xFDCB,0xF1DE,0x0953,0x033B,0xF999,0x04AE,0xF654,0xFD37,0x15E5,0xFFA2,0xF771,
    0x0114,0xF54B,0xF870,0xFDC8,0x018B,0x0B0D,0xFCD8,0xF263,0x028A,0x0B7F,0x0245,0xFC54,0xFC53,0xF53D,0xF973,0x0D09,
    0x0824,0xFB19,0x056C,0xFD29,0xF2F2,0x0390,0x07C5,0xFA3A,0xFF14,0x08A3,0x0785,0xFC39,0x0009,0xF9AB,0xEAEE,0x04A1,
    0x0759,0xF513,0x0B88,0x0D0B,0xF592,0x0F5A,0x132B,0xFA4F,0xF38B,0xEEEA,0xE821,0xFFD2,0x099C,0xFFC7,0x01AB,0x0916,
    0x0B44,0x07FD,0x0F1A,0x0A53,0xFF34,0xF969,0xED15,0xFE6F,0x0822,0xF538,0xF0C8,0xFDD0,0xF590,0xEDBE,0x0161,0x121D,
    0x03CA,0x03F7,0x0EA1,0x05C9,0x08DD,0x1131,0xFB3A,0xF6D8,0x0DF9,0x0028,0xF742,0xFF3E,0xEA1A,0xE893,0x03CF,0xFA6E,
    0xF066,0x0339,0xF9F2,0xEB13,0x17C8,0x1D1D,0xFD5F,0x0CCE,0x0B84,0xF41A,0x0760,0x0AE4,0xF195,0xF924,0xFB21,0xF042,
    0xFECC,0x096D,0xF6B5,0xFF8D,0x0323,0xF7A1,0x013E,0x0984,0x00F9,0x0770,0x18CB,0x027C,0xFA84,0x16FF,0x0ABB,0xF5FD,
    0x0A45,0x01A8,0xF34F,0x03B2,0xEF50,0xE72F,0xFEEC,0xF20B,0xF027,0x04EA,0x07ED,0xF9AD,0x1129,0x1583,0x0C60,0x1C81,
    0x1627,0xEFB3,0xF887,0x0A6D,0xEA71,0xF568,0xFE75,0xEA15,0xEF63,0x04A8,0xFD41,0xFB33,0x0AB2,0xFBCD,0xFC64,0x127E,
    0x0E09,0x0B98,0x0BC8,0x08FB,0xF829,0xFDB6,0x008A,0xF229,0xFE33,0x0D70,0xFF59,0xFC86,0x05A7,0xEFB2,0xF19C,0x024C,
    0xFB48,0xFD41,0x0EB0,0x034A,0xF818,0x1188,0x0C10,0x04E8,0x0A06,0xFB26,0xEE33,0xFC34,0xF35F,0xE264,0xF792,0xEFBB,
    0xE6D6,0x0F35,0x10E9,0x04D8,0x0920,0xFB42,0xF0F5,0xFA3D,0x0839,0x06D5,0x03DD,0x08DE,0x05EC,0xFAF8,0x0B34,0x05C9,
    0xF78A,0x0217,0x04D8,0xFA1C,0xFC48,0xFB97,0xF489,0xFB42,0x0852,0xFB11,0x0183,0x119D,0xFF9D,0x000E,0x0E99,0xEF39,
    0xF24C,0x0503,0xE589,0xEA77,0x071B,0xFD1D,0xF399,0x0910,0xFD0D,0x0739,0x18F6,0x0C06,0x01F2,0x0940,0x01C9,0x006B,
    0x1581,0x0BA3,0xFA42,0x0781,0x053D,0xFB03,0x00CD,0x0154,0xF80E,0x0095,0x0350,0xF3B9,0x049B,0x04D2,0xF12B,0xF377,
    0x04BE,0xFA8A,0xF64C,0x02FB,0xF627,0xE957,0x03B0,0x0086,0xF636,0x0ECE,0xFF8D,0xEBA3,0x14B5,0x1A80,0xFFA2,0x1190,
    0x12D9,0xFCB3,0x0493,0x1055,0xF7B9,0xF410,0xFB1B,0xEF6C,0xFDA9,0x10AC,0xFD9F,0xFABE,0x031B,0xEF7E,0xF5CA,0x0618,
    0xFA2F,0xF845,0x02BF,0xF797,0xFCAE,0x06E9,0xFE80,0xF916,0xFE97,0x0E14,0x0BE5,0xFB85,0x055A,0x00FC,0x0746,0x1365,
    0x0CFB,0x0488,0x04B8,0xEBCD,0xF4E1,0x0E68,0xFD2C,0xFEE2,0x02F3,0xF3A8,0xFB00,0x0EED,0xFBBF,0xEEE1,0xFAD0,0xEF31,
    0xF100,0x051C,0xFFC8,0xEDC7,0xF6FB,0xFC3E,0xFF9E,0x10E2,0x0479,0x034E,0x01EE,0xF882,0x0C4F,0x287E,0x0B8C,0xF683,
    0xFDF1,0xF72B,0x0397,0x11AE,0x0B57,0xF94B,0xF6AE,0xFECC,0xFF4B,0xF659,0x0010,0xFA71,0xDE9B,0xF474,0x01BD,0xFAB7,
    0x04FB,0xFA2F,0xF6F6,0x0695,0x0B32,0x019C,0x0BEB,0x0897,0xFB7F,0x0424,0x127A,0x0665,0x103D,0x0BA9,0xEE5B,0x023C,
    0x16B1,0x01A1,0xFE55,0x037B,0xFB2B,0x004B,0x011F,0xF10B,0xFDB6,0xFA35,0xEBBF,0x063A,0x0994,0xF3CB,0xFE4D,0x03F6,
    0xF740,0x0062,0x0402,0xF6F6,0xEF9E,0xFFD5,0x09AD,0xFD0C,0x069D,0x09B2,0xF814,0xFE30,0x0FFE,0x06A2,0x01E0,0x02C3,
    0xFE6C,0xF97E,0x0908,0x09F4,0x02D4,0x058E,0xF592,0xEEF1,0x0CB2,0x0473,0xF779,0x01C5,0xF679,0xEADC,0x08CE,0xFFF7,
    0xF70D,0x0082,0x00F5,0x0652,0x15EB,0x0FAC,0x04FB,0xF97C,0xF484,0x0453,0x0EB5,0xFE47,0xF3B6,0xED3D,0xF495,0xF866,
    0xFE5B,0x0613,0xFC14,0xF113,0xFB06,0xFF7D,0xFF85,0x089C,0x0574,0xF214,0xF442,0x095B,0x0886,0xFB0E,0x0805,0xFEE4,
    0xF612,0x05AE,0x0675,0x05A3,0x03FA,0xFDEE,0x02F3,0x0051,0xF708,0x0932,0x054A,0xF7EC,0x0D11,0x0EDE,0xF7DF,0xF9ED,
    0x02A4,0xF9CE,0x0547,0x0899,0xFE99,0xF708,0xF450,0xFF1B,0x0761,0x08F5,0xFEFF,0xFD0F,0xFDA6,0xFD4E,0x0C0A,0x12C9,
    0xFA82,0xF002,0xFC51,0xFED2,0x0A45,0x014E,0xFFFA,0xF5A7,0xEF96,0x07FF,0x1000,0xFDCC,0xFAB4,0xFECA,0xF400,0x0877,
    0x0B8B,0xF9B6,0xFA47,0xF39C,0xFECE,0x0EC6,0x04F8,0x04FB,0x0259,0xE332,0xFB35,0x1D85,0x0004,0xF609,0x078D,0xF9D5,
    0xF2AD,0x1326,0x09B5,0xF61F,0xFAE9,0xF77D,0xF9B5,0x0F0B,0x017C,0xFD86,0x07CD,0xEFB6,0xF883,0x170C,0xF9B3,0xF185,
    0x08C0,0x04F5,0xFA8A,0x0544,0x0C77,0xF349,0xF3A3,0x187C,0x0638,0xF78A,0x037D,0xFBDE,0xF84A,0x098A,0x169A,0x032D,
    0xF6A6,0xFA25,0xF2B8,0x00B3,0x0FD6,0xFF20,0xFFA3,0xFF06,0xEE03,0x0086,0x0756,0xF684,0xFF4B,0x07A8,0xF7AF,0x037D,
    0x10FA,0xFB8C,0xF9FA,0xFCE8,0x0018,0x09A9,0x03A4,0xF7E1,0xFB40,0xF808,0xFEBA,0x0F7E,0x070C,0xF268,0xF642,0x06BD,
    0xFD7F,0x01E5,0x06D7,0xF258,0xF230,0x092B,0x0837,0xFFBA,0xFEAD,0xFB0B,0xFB65,0xFB0E,0x0A14,0x1222,0xFFB7,0xF9FA,
    0x02B1,0x0109,0x02D9,0x01E2,0xF6AD,0xFC24,0xFBEC,0xFF1E,0x0DA7,0x0053,0xF713,0xFFDD,0x00A8,0x0098,0xFE12,0x001E,
    0xFBE1,0xF9EF,0x0887,0x0719,0xFBBA,0x00F4,0xFCBE,0xFE43,0x03BA,0xFE45,0x02A1,0xF9E2,0xECCD,0x0542,0x11DF,0xFA79,
    0x06DF,0x0AED,0xF15D,0xF86A,0x095D,0xFC3B,0xF744,0x0469,0x0245,0xFC13,0x05AE,0x03EA,0xF37C,0x01F2,0x03BC,0x02D4,
    0x02EE,0xFB7B,0xFB58,0x011C,0x072C,0xFF5E,0x05A7,0xFEDA,0xF92B,0xFC1F,0x0AE2,0xFC8D,0xF7D9,0x0D04,0xFA57,0xF0D4,
    0x124F,0x05CB,0xEAB1,0x0923,0xFED4,0xF90C,0x085C,0x044B,0xFD79,0x0783,0xFD86,0xF42B,0x0DF5,0xFC7E,0xF000,0x14B0,
    0x050A,0xEBF4,0x0C9E,0x0232,0xEAE7,0x0CBA,0x16B7,0xFC31,0x016B,0xFEE7,0xEF58,0x0281,0x0827,0xF2AA,0x02C3,0xFF73,
    0xF16A,0x0630,0x03B2,0xF57E,0x001C,0x074E,0xFF3C,0xFB11,0x099D,0x05B4,0xF16D,0xFF31,0x0D2E,0xFCDF,0xFD45,0x0220,
    0xFB11,0xFE0A,0x0BB1,0xFDD8,0xF76A,0x063D,0x01AE,0xF9F2,0x086E,0x0B4F,0xF194,0xFF55,0xF9D6,0xFF93,0x102E,0xFFAB,
    0x0095,0x07B8,0xEDB9,0xF693,0x14DF,0xFC48,0xFF86,0x181F,0xF26D,0xEB5D,0x1ED0,0x09BE,0xED3A,0x0C77,0xFA7E,0xE68C,
    0x1046,0x1038,0xF60F,0xFCC5,0x09DF,0xFF96,0x049B,0x0F1B,0xFF76,0xEE75,0x0167,0x0DA3,0xFB35,0x0902,0x0530,0xE65A,
    0xFCE0,0x16D7,0xFFF0,0xF9EA,0x0046,0xF1D7,0x00D5,0x1174,0x0315,0xF206,0xF0D9,0xFB5F,0x0431,0x10C9,0xFC83,0xF5A8,
    0xFBBC,0xEFCA,0x08D0,0x1B1A,0xEDA4,0xEB41,0xFE87,0xF570,0xF893,0x128F,0x07C7,0xF42B,0xF3A8,0x0326,0xFF85,0x03E7,
    0x0DEA,0xF0DE,0xF125,0x0C5D,0x0437,0xEFCA,0x0345,0x0CA9,0xF68E,0x0360,0x0EE2,0xFDD1,0x006A,0xFD24,0xEA94,0x0E93,
    0x16A4,0xF00A,0xF646,0xFFE5,0xFB8D,0x0770,0x067A,0xFBAC,0x0A9A,0xF95B,0xF8E1,0x14FF,0x0F67,0xE8AF,0xF862,0x022A,
    0xF49C,0x155C,0x0E88,0xF2F5,0xFC7E,0xFD8E,0x0016,0x0E93,0x0619,0xF7B7,0xFA5A,0x0275,0x0191,0xFD5F,0x0A70,0x03F7,
    0xEF8E,0x0E6E,0x0C64,0xEEF2,0xF2B7,0x069D,0xFC73,0xFCA5,0x1B4E,0x0491,0xED4F,0x0098,0xFE23,0xF720,0x160E,0x0B27,
    0xEA71,0x01D8,0x0569,0xF7DB,0x09BC,0x06EC,0xEC01,0xF39B,0x0549,0xFD51,0x014E,0x03FE,0xFD8B,0x04E0,0x041A,0x02BC,
    0x074E,0xF808,0xEF98,0x07E7,0x01C0,0xF71F,0x0918,0xFDF0,0xEB8B,0x044E,0x06C4,0xFA07,0x0D80,0x0574,0xEE0E,0xF924,
    0x0964,0x03DF,0xFB7D,0x0058,0x01E8,0xFA0D,0x0F24,0x0395,0xF60F,0x021B,0x0176,0xF280,0x0768,0x089F,0xF0F5,0xF956,
    0x03C2,0xF9C2,0x00E0,0x0DE2,0xFADC,0xFD9B,0x013E,0x03F6,0x05E9,0x0282,0xFB1E,0xFCEA,0xF6AB,0xFC46,0x127F,0x0222,
    0xFA35,0x049D,0xFEAF,0x00CA,0x130E,0x023A,0xF1A9,0x06F2,0x016F,0xFC24,0x0EC6,0x08B6,0xEAE9,0xF7F9,0x0A59,0xFDFB,
    0xF3F0,0x0D21,0xFE35,0xEDEC,0x1055,0x0BEA,0xEFC6,0xFFAF,0x0FA9,0xE9B5,0xFE22,0x1E86,0xF9FD,0xF38E,0x1107,0xF912,
    0xEC0F,0x1847,0x0000,0xE3E0,0x0A68,0x029F,0xF17A,0x0A60,0x0684,0xF4BF,0xFE22,0x058F,0x05E0,0x018B,0xFE9F,0x038A,
    0xFF2C,0xF929,0x03D7,0x05B3,0xF7CF,0xF1F1,0x01C8,0x04A1,0xF62C,0x0780,0x07C7,0xEC22,0x003E,0x0DCA,0x0264,0x00BA,
    0x0930,0xFC34,0xF389,0x06DF,0x0A6D,0xF61F,0x029A,0x0ADF,0xEF24,0xFFF2,0x1335,0xF8AD,0xF5E2,0x0F47,0xF77F,0xF79A,
    0xFBDF,0x0991,0x0A34,0xFCED,0x0021,0xFD7F,0x022D,0x051C,0xFC01,0xFD3C,0x0BBB,0xFCBB,0xF999,0xFF17,0xF615,0x035A,
    0x0B5E,0xFCB5,0xFB2A,0x02F3,0x0202,0xF292,0x003E,0x0B0F,0x0121,0xF904,0x00C5,0x00C4,0x01F8,0x10E2,0x00B3,0xF20F,
    0xEFFA,0x0A0B,0x02FC,0x03D2,0x10B5,0x01AD,0xF454,0x0092,0x0339,0xFA76,0x0597,0x04CA,0xEC7C,0xF912,0x0FE1,0x04A8,
    0xF8DC,0x04B5,0xF853,0xF9BD,0x0559,0x0043,0xFE10,0xFA5F,0xF971,0x0116,0x0FC3,0xFDB6,0xFC9D,0xF96B,0xF4CE,0x02DF,
    0x1127,0xFF9A,0x0088,0xFCB5,0xF010,0xFF95,0x0E46,0x02F4,0xFF75,0x0B47,0xFC70,0x0164,0x0B1F,0x0060,0xE851,0xF6E5,
    0x007D,0x0A76,0x0A3B,0x0561,0xEA94,0xECE2,0x118B,0x106B,0xFEC9,0x0626,0xF160,0xE944,0x1080,0x111E,0xFBDE,0x05AB,
    0xFE64,0xF19F,0x1019,0x0F82,0xF737,0xFE03,0xF174,0xE967,0x0B0A,0x1F3A,0x04BA,0xFED1,0xF911,0xF56A,0xFD35,0xFD35,
    0xF7AC,0xF0F1,0xF825,0x08C0,0x0F1A,0x0972,0x09A9,0x0117,0x083D,0x10B4,0xFC81,0x0508,0x0180,0xE82B,0xF276,0x0948,
    0xFC69,0xFA79,0xFB19,0xEA4F,0xF389,0x0D66,0x0A80,0x01A9,0x054C,0xF65E,0x0C10,0x1994,0x127E,0x0770,0x0178,0xEDF6,
    0xFC16,0x048D,0xFB55,0xEF9B,0xE81E,0xE13B,0xF0DB,0x06CA,0x08D0,0x0992,0x1281,0x0D9F,0x144C,0x1C34,0x0B6E,0x04F8,
    0xF7E6,0xFB68,0x02D3,0x0114,0xFB6A,0xED32,0xDE9F,0xF422,0x018E,0xFE35,0x0401,0xF649,0xF46F,0x072B,0x0B4A,0x09C2,
    0x0EEE,0x03FA,0xFF0C,0x1191,0x1721,0x06EF,0x0581,0xEFB3,0xE20A,0xF9BD,0xFD02,0xF66C,0xEEB4,0xE7C9,0xEF21,0x022D,
    0xFD21,0x0E95,0x0FAB,0x06DC,0x130E,0x235C,0x1594,0x0147,0x00C4,0xF49C,0xF5F1,0x0275,0x030E,0xF04A,0xEAFB,0xF4D2,
    0x0058,0x032E,0x063B,0xFB70,0xFF24,0x0B81,0x0FB1,0x1992,0x141B,0xFEC1,0xE976,0xF6D0,0x025C,0x01F8,0x03E7,0xFC68,
    0xEEB8,0xFC11,0x02D3,0xE8C8,0x00BC,0x0164,0xE748,0xFF9A,0x1F89,0x07E3,0x07AA,0x1459,0xFCB2,0x005E,0x1395,0x0056,
    0xF7E8,0xF723,0xE56D,0xEFCA,0x0082,0xEC3B,0xF308,0x0A4D,0x0C7F,0x0EAB,0x154F,0x0984,0xF563,0xF58D,0xE785,0xF565,
    0x111E,0x04BD,0xECDE,0xF0AB,0x05E1,0x0F0F,0x0240,0xFD8F,0xFAB1,0xF170,0x0810,0x0FF9,0xFDA6,0x0652,0xF7F3,0xF28B,
    0x096F,0x080D,0x0561,0x0CC9,0xF949,0xF005,0x0F9A,0x072F,0xF10B,0xFD83,0xFD44,0xF244,0x0E26,0x0CBA,0xF015,0xFE62,
    0x0331,0x018C,0x0862,0x0C81,0xFD84,0xF433,0xFA64,0x0227,0x0719,0x02A6,0xEEA2,0xF917,0x0893,0x00C5,0x0271,0x0E69,
    0xFC56,0xEDE6,0xF4D1,0x0987,0xFD59,0xFC2C,0xFDF1,0xEF78,0xF796,0x16DA,0xFEA5,0xF5A2,0x0950,0xFCB2,0xFBBA,0x139F,
    0x01C6,0xF0B1,0x07E7,0x05F5,0xFB09,0x11B6,0x03EF,0xF280,0x0E09,0x0419,0xF5D2,0x0C32,0xFE95,0xEFDB,0x0300,0x0199,
    0xFB80,0x0BA1,0x0486,0xF40B,0x0721,0x092B,0xF87D,0x04F8,0xFA77,0xF16D,0x0861,0x0E2E,0xFE7A,0xF9DD,0xFBCD,0xFAE0,
    0xFB68,0x0EC6,0x100B,0xF6D3,0xF4C7,0x00ED,0xFFDC,0x00F9,0x05E4,0xFA54,0xFEF7,0x0589,0x0075,0x0750,0x0B09,0xF19F,
    0xF49D,0x0C72,0xFF6E,0xFCE2,0x0ACB,0xF13B,0xF7F9,0x135A,0x08ED,0xFFFC,0x08B3,0xEF06,0xEF88,0x0EE3,0x0421,0xF5EF,
    0x0310,0xFAF6,0xF5AA,0x0B36,0x1160,0xFAE9,0x0020,0x0382,0xFBF7,0xFBA4,0x023D,0xF833,0xFCD8,0x04C8,0xFEA5,0xFD84,
    0x0717,0xFCF0,0xF6D8,0x0537,0x0B4E,0xFB2E,0xFBD5,0xFBD5,0xF29B,0x0191,0x1889,0xFD64,0xF3E8,0x01EB,0xF9CD,0x05F6,
    0x0F34,0xFFDF,0x0016,0xFB09,0xF524,0x0D62,0x0CB7,0xF223,0x0090,0x05CB,0xF1DA,0xFD69,0x182E,0xFB82,0xF2EA,0x046C,
    0xFB11,0xF848,0x0C4C,0x03F9,0xF489,0xF42F,0xF888,0x02C3,0x0673,0xFF46,0x01D0,0xFE25,0xF465,0xFF2B,0x0D66,0xFBF4,
    0xF069,0x08E6,0x0306,0xF1DC,0x0331,0x10F2,0xF2B7,0xF799,0x132E,0x027F,0xF201,0xFE10,0xFEF3,0x03C4,0x0265,0xFEE9,
    0x045C,0xFE7D,0xFB2D,0x0C38,0x0A46,0xF541,0xFC36,0x0704,0x00E2,0xFF9A,0x1117,0x0711,0xE7C2,0xFBC9,0x1035,0x039C,
    0xF091,0x07AE,0x055D,0xF3B1,0xFAAE,0x037B,0x0050,0xFD39,0xFFA0,0x0BF2,0x0073,0xF504,0x04A1,0x09C2,0xF91E,0x034D,
    0x0BF6,0xFF96,0xFA1C,0x0905,0x0014,0xF387,0x015C,0xFE53,0xEBC5,0x02A6,0x0972,0xFC78,0xF99D,0xFE5B,0xF79F,0x0038,
    0x09CA,0x0B2A,0xFBF7,0xF4CE,0x0196,0x0A69,0x0065,0xF7CE,0x0433,0x026A,0xECF2,0x00C7,0x11BB,0xFA07,0xF1D6,0x05A9,
    0x0050,0xF5E4,0x0D29,0x0BD0,0xF22B,0xF7EC,0x0B07,0x0104,0xF468,0x0300,0xFD87,0xF991,0x06C1,0x07E8,0x00AA,0xFE5A,
    0xFD8E,0x08F6,0x0615,0xF8E4,0x05D9,0xF999,0xF143,0x0342,0x16D7,0x0255,0xF468,0xFEDF,0xF9C5,0x0222,0x05A7,0x1148,
    0x097A,0xE9BE,0xEF4C,0x0916,0x0967,0x01B1,0x021A,0xFD1D,0xFA5A,0x0237,0x0AE2,0x0447,0xFA94,0xF4EE,0xFECF,0xFA84,
    0xF8AA,0x0508,0x03DF,0xFB00,0xF85A,0x01A0,0x09B2,0x0429,0xFAE3,0x02DE,0x06A0,0x0388,0x07ED,0x03CA,0xEAAC,0xF8D9,
    0x12C0,0xFF60,0x037A,0x0B3F,0xF6B8,0xF398,0x0AE0,0x0505,0xFF78,0xFC3C,0xF172,0xFA7E,0x05E0,0x0048,0xFD64,0x0A80,
    0xF7D3,0xFD21,0x136A,0x0019,0xF285,0x02CE,0xFB48,0xFC17,0x0D4B,0x13DF,0xF2C3,0xF194,0x0645,0x0189,0x0127,0x1038,
    0x0490,0xECB0,0xFA4D,0x05B4,0x0940,0x00DC,0xF2FF,0xF5A0,0x06EA,0x0222,0xFCE5,0x113C,0xF8CD,0xEA42,0x07D3,0x10A8,
    0xF0CC,0xFEDF,0x0775,0xF265,0xFE18,0x0E4E,0xF7F8,0xF239,0x06F7,0x067A,0x0A50,0x0DA3,0xF81E,0xF0B1,0x03F4,0x05E8,
    0xFFB0,0x0A93,0x0088,0xEF1E,0xFC40,0x1107,0x05B6,0xFB05,0xFA74,0x021B,0x0812,0xF9A3,0xFA55,0x0318,0xFE74,0xF8F5,
    0xFEE7,0x084A,0xF9C6,0xFD24,0x07D3,0xF72F,0x02BE,0x096D,0xF4EB,0xF62A,0x0AE8,0xFA4F,0xF55D,0x0BE3,0x0121,0xF2C8,
    0x05FB,0x0BB3,0xF636,0xFF8E,0x07FF,0xF4EB,0xF939,0x00E2,0xFEA2,0xFFD8,0x0872,0x0393,0xFC8D,0xF8F4,0xFAB4,0x096F,
    0x0D93,0xFE8D,0xFE43,0x047C,0xFAC9,0xF968,0x0711,0xFE48,0xF9D0,0x043C,0x0603,0xFB18,0xFD7A,0x03CA,0xFC41,0xFB92,
    0x01A8,0x0965,0x020A,0xFAAE,0x0554,0x08B9,0xFE9D,0xF7FE,0x06C4,0x0953,0xFB26,0x027A,0x0CBA,0xF539,0xF7C7,0x0A82,
    0x034E,0x042E,0x04A6,0xFBB7,0xF664,0xFF0E,0xFC78,0xFF14,0x0385,0xF9B5,0x0633,0x0713,0xF7AC,0xF8C0,0x0422,0x0020,
    0xFC9D,0xFFF4,0xF055,0xF73A,0x0721,0xFBD7,0x0422,0x11B8,0xF804,0xEC61,0x0DFD,0x153E,0xEF61,0x02BC,0x091A,0xE7F4,
    0xFD00,0x17A0,0xF65E,0xEDEC,0x04CA,0xFDE6,0xFF56,0x0BC0,0xFDCB,0xF1BD,0x0483,0x0528,0xFFFD,0x09EB,0x00BC,0x010A,
    0x0547,0x0C58,0xFEF1,0xFE03,0xF7DF,0xF22B,0x06D2,0x0208,0xF2EF,0x061B,0x093B,0xF13F,0x129F,0x1274,0xF2C5,0xFE72,
    0x104E,0xFB3D,0xF83E,0x0736,0xF781,0x0194,0x09B9,0xFE26,0xFB75,0x1060,0xFB43,0x0227,0x13B5,0xF734,0xF0F1,0x06D9,
    0x08E1,0xF86D,0x120C,0x09E4,0xE22F,0x0039,0x0E1F,0xF61F,0xF7CF,0x0D3B,0xFABE,0xF2A8,0x0FAF,0xFE8D,0xE9ED,0x02A7,
    0x0950,0xFBC1,0x0478,0x0685,0xF216,0x00C5,0x046E,0x006D,0x08A9,0xF240,0xE818,0x0714,0x0E29,0xFF29,0x0352,0xF2F8,
    0xE59D,0x0333,0x0E61,0xF8AD,0x0126,0x02D3,0xEAD7,0xF87A,0x13D9,0x062B,0xF31C,0x06D9,0x05FD,0xF13D,0x0BE3,0x0C08,
    0xF9F2,0xFA2C,0xFE3D,0x07CA,0x019B,0x029F,0xF690,0xFCB2,0x05B6,0xFC17,0x08A6,0x09E6,0x0038,0xFC6D,0x068D,0x00C8,
    0x07A3,0x0835,0xF0E5,0x01F3,0x0854,0x0582,0x0116,0x066F,0xF784,0xEE92,0x13C5,0x0FDC,0xFF11,0x043B,0xF66F,0xED15,
    0x1542,0x0CBC,0xEDE3,0x0BA3,0x02F4,0xE6B1,0x0D8F,0x138A,0xE3FE,0xF860,0x0EB9,0xEFE7,0x01BB,0x0E9E,0xE5F4,0xDF76,
    0x0BB3,0x0BBD,0xF5EA,0x0EB5,0x0E29,0xF4FF,0x0056,0x1CEC,0x07D5,0xEB0E,0x084E,0x024A,0xFD97,0x0D6D,0x0414,0xF12A,
    0xF7A7,0xFEB7,0xFCE8,0x11F7,0xFFBA,0xFF93,0xFAEC,0xF394,0x07CB,0x0620,0xFD6C,0xFC64,0xFA8F,0xF0D8,0x0B21,0x0608,
    0xF142,0xFCF2,0x0E91,0xFDBE,0xFF48,0x1C3D,0xF8CF,0xE738,0x07E0,0x0955,0xFAF6,0x068D,0xFFF8,0xF315,0xFB43,0x059C,
    0xFD9F,0xFC26,0xF80E,0xEB1C,0xF8C2,0x0B11,0xF929,0xEB9B,0xF0A6,0xF7C7,0x094A,0x0835,0xF70B,0xF848,0xF774,0x01AE,
    0x11FD,0x108B,0x0282,0x017B,0xFD54,0x08E6,0x17B8,0x0248,0x0439,0xFAEB,0xF5DC,0x0A66,0x0CD3,0x104B,0xFB70,0xEAD6,
    0x04B2,0x0A98,0xF8FF,0x0527,0xFBA0,0xE9D6,0x04EF,0x0A95,0xF2C7,0xF9BE,0x09F6,0xF4D1,0x0003,0x1B4B,0x0857,0xF619,
    0x0987,0x075C,0x017B,0x10B0,0x052D,0xF71D,0x01A1,0x0245,0x0217,0x0BBE,0x0427,0xF6C1,0xFAD1,0x04B3,0xFF24,0xFACE,
    0xF32C,0xE932,0xE9EA,0x0097,0x0B41,0x0306,0xFF60,0xF712,0xF1A2,0xFE0D,0x072C,0x041A,0xFD81,0xF4A5,0xFB11,0x04EF,
    0x0171,0xFBCA,0x02A9,0xFEB7,0xFA03,0x0BE8,0x0DAF,0xF23E,0x00DF,0xFF3C,0xF489,0x0AFD,0x07D5,0xEB65,0xF6AB,0xFF1B,
    0xF663,0xFAFE,0x0B17,0xFD49,0xF8BC,0x0D29,0x042E,0xF892,0x0AE2,0x0AFC,0xF696,0x03CF,0x16A5,0x0AB2,0x0181,0x0046,
    0xF6A8,0xF19D,0x0BE5,0x028A,0xF797,0x06A7,0xF6DD,0xED49,0x0896,0x11D0,0x0726,0x057E,0xFAA4,0xF88D,0x0264,0x05DC,
    0x0759,0x030C,0xFE5B,0x044C,0x034D,0xFCB3,0xFA3C,0xFEC7,0xFF59,0x0626,0x0933,0x0620,0xFA71,0x0053,0x03EA,0xFAB3,
    0xFB5A,0xFB92,0xF838,0xFDF9,0x089F,0x0930,0x0AEF,0x0316,0xF518,0xEFEF,0xF59A,0xFD10,0xF548,0xF2F2,0xFACE,0x06D5,
    0x119E,0x10B8,0x11BE,0x0BC6,0x04B5,0x0592,0xFF06,0xFAA7,0xFFF7,0xFAA3,0xF2BD,0xF0B6,0xFD61,0xF8B8,0x012E,0x0729,
    0xFA8F,0xF8E5,0xFB00,0x0238,0x1788,0x1684,0x0940,0x0BAE,0x093F,0x059F,0xFD8E,0xF8DA,0xFE6D,0xF63C,0xF699,0xF07A,
    0xE279,0xEEC2,0xF986,0xF259,0x04A0,0x0FC3,0x0751,0x0E0F,0x1156,0x0380,0x038B,0x0F24,0x04A1,0x0282,0x1117,0xECC8,
    0xE00A,0xF79C,0xF150,0xF17C,0x0434,0xFDA7,0xF1BF,0x02D6,0xFE50,0xF9DE,0x0BAB,0x0646,0x0254,0x1841,0x1552,0x0082,
    0x065A,0x041E,0xF70F,0xFAE0,0xFDA7,0xF354,0xEE00,0xFF6B,0xF65F,0xFC0E,0x05C1,0xF921,0xF933,0x0A33,0x1913,0x13C7,
    0x0F3A,0x0CAE,0x00FA,0x05EC,0x0B4F,0xFF41,0xFC09,0xFC4B,0xE9AC,0xF28A,0xFD0A,0xEE7B,0xF1C7,0xF97B,0xECC5,0xFDD8,
    0x1532,0x11EA,0x0A6E,0x138A,0x0267,0xF892,0x105E,0x022C,0xFD6A,0x0D5A,0xFB78,0x0217,0x0F1B,0xFD42,0xEDEC,0xFD27,
    0xFE94,0xFB7D,0x0564,0xFECC,0xEB33,0xFEC9,0x027F,0x01F8,0x0DE5,0x0353,0x002B,0xF8A0,0xF560,0xFFB0,0xF22E,0xF203,
    0xFDC0,0xF976,0x0A06,0x174E,0x0382,0x0C54,0x05FB,0xF707,0x00D4,0x036F,0xEB85,0xEF4B,0xFD9B,0xFF03,0x0055,0x0C6A,
    0xF4B1,0xFB58,0x0ADA,0x00DA,0x0DE2,0x133A,0xEB7F,0xF9E7,0x0FC4,0x0335,0x05E8,0x09F7,0xF981,0xF6C1,0x059C,0xFFDD,
    0xF796,0x032B,0xFDC3,0x0131,0x11AE,0x0DD5,0x0329,0x053C,0xFA10,0xF25D,0xFC3B,0xFA3F,0xEFFD,0xF91F,0x0303,0xFCCB,
    0xFEF3,0x0261,0xF6E3,0xFBA7,0x09C6,0xFBE4,0xF8B2,0x07D3,0xFD6E,0xF626,0x0402,0xFEDE,0xFC1C,0x0D10,0xF794,0xEB33,
    0x09F4,0x0933,0xF63E,0x0517,0x000E,0xF400,0x0D0B,0x0D78,0xF87F,0x0CF4,0x088C,0xF45D,0x0FD9,0x12BE,0xF7FC,0x08DE,
    0x05C6,0xEB8A,0xFBB4,0x045B,0xFA99,0x08BC,0x0D04,0xF543,0xF359,0x01DB,0xF794,0x08C0,0x1697,0xFC79,0xF36E,0xFCC3,
    0xF07C,0x00DD,0x1524,0x06FC,0xF4FE,0x02AE,0xFFA8,0xEBB2,0xFE3A,0x0E12,0xFA9B,0xFE47,0x00AA,0xF737,0x05A4,0x0A21,
    0xF8D1,0xFE10,0x0BE3,0xFC93,0x021A,0x1A3D,0xF656,0xE3F3,0x06FE,0xFD6A,0xF28A,0x1070,0xFF50,0xF11A,0x0A9B,0x0490,
    0xF5A5,0x080F,0xFC11,0xEE10,0x0746,0x0861,0xF7EE,0x08F1,0x02D9,0xEF64,0x00B0,0x03A0,0xFD93,0x05D4,0xFDD6,0xF61A,
    0x0824,0x1357,0xFFE5,0xF9D0,0x04C6,0x00C8,0x0004,0x0BE3,0xFDCC,0xEEE1,0x00C2,0x0AEA,0x053F,0x01E0,0x0309,0xEB65,
    0xEC6B,0x0DC2,0x0601,0xFCFD,0xFE67,0xEE53,0x0173,0x1060,0x0050,0xFE33,0x0763,0xE819,0xEEAF,0x187B,0x0AB5,0xF9B8,
    0x0247,0xE490,0xF0F3,0x1632,0x0859,0x0213,0x05B9,0xF273,0xF5A2,0x10A8,0x0754,0xF969,0x0562,0xF7A9,0xEC0C,0x0294,
    0x10A4,0xFE4B,0xF758,0xFF90,0xF75C,0xFA51,0x0D68,0xFFF8,0xF04C,0x0552,0x0188,0xEFEF,0x078D,0x0B79,0xF995,0x0319,
    0x0356,0xFD9F,0x0952,0x0215,0xF6CB,0x062D,0x0B42,0x01FD,0x0A8A,0x020A,0xF034,0x0A16,0x0F74,0xF366,0x056A,0x11AB,
    0xF960,0xF708,0x09CA,0x016E,0xF9A3,0xFEAD,0xF8C4,0xF9D0,0x0589,0x08F3,0xF738,0xFCAE,0x043B,0xFC90,0x082F,0x0B1A,
    0xF939,0xFB88,0x0493,0xF4EE,0x048B,0x0D29,0xF582,0x020A,0x1010,0xF42B,0xF8C8,0x0FD4,0xF319,0xF3ED,0x0786,0xFE18,
    0xFCD8,0x0D72,0x008B,0xF40E,0x0325,0x0009,0x07E5,0x0C28,0xF61E,0xF8A2,0x09A2,0xFCAB,0xFAC6,0x0C72,0xFC91,0xEFD8,
    0x0894,0x0A1E,0xF715,0xFEB5,0x0225,0xF9FB,0xF878,0x0E47,0x0AFC,0xF78C,0xFA6A,0xF728,0xFA44,0x0633,0x05FD,0x01E5,
    0x0163,0xEFDF,0xF980,0x10A2,0xFF13,0xF1E7,0x0537,0xFC2B,0xF2E2,0x0E89,0x0C5D,0xEFB8,0x0014,0x03B7,0xF9D3,0x050A,
    0x0F7C,0xFFBA,0xF604,0xFE8D,0x01E6,0x02A1,0xFFFC,0xF986,0x032E,0xFF09,0xF85E,0x02B4,0x068A,0xF771,0xF6E6,0x0650,
    0x0824,0xF9D3,0x025D,0x02F9,0xF020,0xFE06,0x0F40,0xFF4D,0x0191,0x0643,0xFBE6,0x04DF,0x0618,0xFDE9,0xFEC2,0xFB9F,
    0xF4C9,0x0AC5,0x0CDE,0xF4A4,0x00C7,0x0731,0xECD5,0x011C,0x1B84,0xF752,0xF08B,0x0763,0xF92B,0xF8C0,0x117B,0x073C,
    0xF72B,0x0129,0x02DB,0xFF63,0x0675,0xFF69,0xFA42,0x0109,0x0198,0x077D,0x04A8,0xF639,0xF398,0x0248,0x0A39,0x0164,
    0x0039,0x1025,0xFD6C,0xF0F9,0x06F7,0x05A7,0xF221,0xFCE7,0x0694,0xF6F5,0x0567,0x0719,0xF03D,0xF9E2,0x0024,0x0053,
    0x1239,0x06FC,0xED3C,0xFE91,0x0262,0xFA4C,0x0A88,0x084F,0xF337,0xFE92,0x084F,0x0444,0x086A,0x0857,0xF691,0xF921,
    0xFF38,0x0D26,0x0EEA,0xFA9C,0xF634,0x0544,0xFF11,0x0437,0x0A70,0xFA6F,0xF5BA,0xFCCA,0xFDC3,0xFB4E,0xF8B0,0xFC0F,
    0xFD71,0x0117,0x0147,0x0841,0xFCCF,0xEF9B,0xFCED,0x0977,0x0330,0x028A,0xF9CA,0xF29B,0xFBFE,0x02EE,0x0DB8,0x05E0,
    0xF402,0x064D,0x0874,0x01E3,0x0B59,0x0A75,0xEFE2,0xF659,0x0CDE,0xFB9A,0x05E9,0x112C,0xF576,0xF214,0x0765,0x00C4,
    0xFFFA,0x0326,0xEEE2,0xF885,0x0A06,0xF6DD,0x00E4,0x01DE,0xE5CB,0xF730,0x17DC,0x06AA,0xF960,0x0906,0xFE95,0xF535,
    0x0A31,0x0FCE,0x00C8,0xFBCD,0xFE60,0xFAF4,0x02CB,0x0BA8,0x03D5,0x003B,0xF9F3,0xFE1B,0x033E,0xFF96,0xFA5C,0xF624,
    0x082D,0xFA30,0x0076,0x160D,0xE92E,0xE0C3,0x15DE,0x103A,0xEE52,0x07A8,0x069C,0xDD74,0x0068,0x21E2,0x0729,0xFE8D,
    0xF56D,0xE8AD,0x09F6,0x161D,0x0A63,0x0638,0xEE5A,0xEA91,0x088B,0x11B5,0x068C,0x007E,0xF17C,0xE775,0x0464,0x13E9,
    0x02F3,0xF46C,0xFE91,0xF92B,0xF9AB,0x0C64,0x0383,0xF0B3,0x0372,0x0D21,0xFF38,0x031D,0x0AD4,0xEF71,0xF9D2,0x1A88,
    0x0470,0xF13D,0x0729,0xFC61,0xF08F,0x13E4,0x0BAC,0xEEA4,0x04E3,0xFBA0,0xFCDA,0x1004,0x0A09,0xFEDF,0x00D8,0xFA08,
    0xF2FA,0x0760,0x0C35,0x00A5,0xFF09,0xEFE7,0xFA6F,0x08B9,0xF887,0xEF36,0x071B,0xFBC4,0xF7F0,0x0BCE,0x00B2,0xEC5B,
    0xFAE1,0xFCC5,0xF970,0x061E,0x1449,0xF9A5,0xF256,0x08F9,0x0B12,0x018E,0x0B07,0x040A,0xEBDA,0x008A,0x176E,0x04F8,
    0xF667,0xF7F1,0xF53B,0xFD00,0x0139,0x0121,0x078D,0xFA5C,0xF086,0x03A5,0x075E,0xF85B,0x0147,0x0240,0xF29E,0x0571,
    0x1577,0xF63C,0xFD44,0x0C4F,0xEEEA,0x03F4,0x1AEA,0xF1CC,0xEB80,0x0702,0x07B5,0xFCE5,0x08B6,0x0572,0xF30F,0xFDDD,
    0x049E,0xF9AB,0x0557,0x024C,0xE2ED,0xFF2E,0x0EA5,0xFB50,0x0682,0x06F4,0xEE5A,0xFC7D,0x1377,0xF9DB,0x0179,0x08B9,
    0xF324,0xFB97,0x1178,0x06F2,0xF5EA,0x04E7,0x07BB,0xF135,0x045E,0x10EE,0xFEBF,0x010A,0xFB94,0xFB16,0x187B,0xFFB7,
    0xF40B,0x09EF,0xF9B5,0x0207,0x18A3,0xF42B,0xE523,0x0BDE,0x0282,0xEE8F,0x0EC1,0x025A,0xDFD3,0x02D7,0x146E,0xF02A,
    0x0687,0x0C1A,0xE524,0xFA00,0x114C,0x05EC,0xF6F2,0xF81E,0x0035,0xF123,0x0A30,0x186C,0xF806,0xFD54,0x0A40,0xEC3C,
    0xFD6F,0x2236,0xF188,0xE3C4,0x1635,0x0BE0,0xF49C,0x0BB6,0xFAA6,0xE7F3,0x0ABA,0x07AE,0xFDC4,0x1106,0xF460,0xE81E,
    0x08C1,0xFD1D,0xFCC7,0x0CC6,0xEC04,0xEBC0,0x16EE,0x0E69,0xFDD9,0x005B,0xFAAF,0xEFA5,0x053C,0x0AB8,0x0A75,0xFE57,
    0xF3C1,0xF4B1,0x090B,0x13B1,0xFAEB,0xF74A,0x044B,0xF9C6,0xFC83,0x107A,0xFD8F,0xEF48,0x0687,0x0F57,0xF6DB,0xFFFF,
    0x0E49,0xE5CF,0xF06C,0x23CE,0x08C9,0xF072,0x0203,0xF4D2,0xF9B1,0x12E0,0x030B,0x0411,0x0254,0xE621,0x0235,0x13BA,
    0x06C4,0x0790,0x0076,0xE51E,0xFE2B,0x1287,0x0677,0x0200,0xF6A0,0xED0B,0xF7A1,0x0A9A,0x0250,0x03BC,0xFF0E,0xEE87,
    0x00A7,0x07D5,0x056A,0x09B2,0xFC16,0x0336,0x0967,0x05EC,0x08A3,0xF56A,0xF2D5,0x0B41,0x03D5,0x0343,0x1819,0xFC44,
    0xF21C,0x0FD6,0x0495,0xEF44,0x06CD,0xF0D1,0xEAB6,0x170E,0x0E1C,0xF0B1,0x02FB,0x010C,0xE725,0x0D75,0x1AEF,0xFCA8,
    0xF699,0xF04C,0xE56E,0x07E5,0x16B1,0x002C,0xF399,0xF0B1,0xFAE8,0xFB5A,0x068C,0x18B1,0x0657,0xF239,0x0299,0x0D19,
    0xFFC5,0xFCA6,0xF80B,0xF752,0x1109,0x14A5,0x0507,0xF9F5,0xEAF3,0xF09E,0x038B,0xF9C0,0xFF82,0x1802,0xF722,0xEC93,
    0x1106,0x012E,0xE2A8,0xF6F0,0xFA71,0xFFDD,0x11DD,0xFC95,0xFA59,0x016C,0xF04D,0xFA42,0x1905,0x0C8C,0xF914,0xFD14,
    0xFA37,0x0176,0x124D,0x0554,0xFEBD,0x00CD,0x0A24,0xFFEA,0xFEC6,0x072C,0x0196,0xF56B,0xFAE0,0x0ECE,0xFFE0,0xFB84,
    0xF588,0xF209,0xFF43,0x07C8,0x037B,0x0485,0x023C,0xF9BA,0x1159,0x12F6,0xF77F,0x058F,0xFF9E,0xEB04,0x0446,0x1368,
    0xFA07,0xF9D5,0x00FF,0x0090,0x0A33,0x07D5,0xF929,0xF8C5,0xFA87,0xF3ED,0x0131,0x0862,0xF777,0xFD59,0x0618,0x02A4,
    0x08BE,0x0480,0xF3BC,0xF7E9,0x04FA,0xFB40,0xF54D,0x02D6,0xF893,0xF8F2,0xFD18,0x11BE,0x0C3D,0x08B3,0x02A9,0xFD10,
    0xFD5F,0x04D6,0xFA12,0xF68E,0xFB73,0xEE11,0xFF13,0x0B57,0xFE15,0x00EF,0x0C97,0x05EC,0x0591,0x0DEA,0xFED2,0xF489,
    0x0ECB,0xFC39,0xF986,0x0938,0xFABE,0xE55B,0xF89F,0xF324,0xEB4D,0x01F0,0xFBF7,0xF386,0x0761,0x1048,0x0BA4,0x0D7D,
    0x0B52,0xFC70,0xFE1D,0x0A09,0x1375,0x0202,0xF2C8,0xF12E,0xF2DD,0xF919,0xF8B4,0x014C,0xFDCE,0xFC76,0xF6E3,0x09DA,
    0x1546,0x0648,0x0085,0x0AA7,0xFEC9,0xFD94,0x0554,0xFD7F,0xF722,0x0286,0xFEE9,0xF86D,0xFF14,0xF054,0xF5E5,0xF814,
    0xF305,0x0377,0x095A,0xF65B,0x023C,0x1469,0x0F0F,0x1529,0x0EED,0xFCB2,0x03E9,0x0790,0xFD3C,0x0962,0x0342,0xE6C6,
    0xED55,0xF781,0xF0D1,0xFE23,0xF614,0xE94F,0xFAA7,0x0EF2,0x06AC,0x1144,0x0FF0,0x001C,0x0991,0x1241,0x0AF0,0x0B31,
    0xFE03,0xFB3D,0xFC7B,0xFFCD,0x0186,0x01D0,0xFCCF,0xF8E1,0x0561,0x0505,0xFEC1,0xF9DB,0xF0B1,0xF586,0xF944,0x091E,
    0x0DA2,0xFE08,0xF120,0xFFC8,0x00AF,0xF3DD,0xFA74,0xEDBB,0xE627,0xF5BA,0xF9A3,0xFE08,0x10A5,0x091A,0x0402,0x1B61,
    0x1567,0x078E,0x0DF4,0xEDD1,0xE83E,0x09C9,0x003E,0xF5BD,0x04D0,0x0154,0xF8E9,0x1117,0x0BB5,0xFB6F,0x05D9,0x01BD,
    0xF226,0x04B6,0x0ACA,0xF690,0xF7E9,0xFCF2,0xF758,0x026A,0x137D,0x0861,0xF2C2,0x00B2,0xFE70,0xF5C0,0x0CA6,0x0D0E,
    0xFB8A,0x0073,0x023C,0xF7E8,0xFDD1,0x07D0,0xF8B4,0x0468,0x1367,0xF800,0xF11A,0xFED2,0xF676,0xFD4F,0x119D,0x0798,
    0x01B5,0x023F,0xF17F,0xFD6A,0x16D6,0x00D4,0xF53B,0xF7C9,0xFBA7,0xFA0F,0x02A7,0xFA86,0xF13B,0xFC6E,0xFFC7,0x02C6,
    0x085F,0x0B99,0x017C,0xF1CF,0xF843,0x03DF,0x0336,0x03FC,0x081D,0xF934,0x017C,0x08A8,0x0353,0xFD91,0xFBA7,0xFEAC,
    0x046E,0x0788,0x0753,0xFE43,0xF8B4,0xF6F2,0x0070,0x097D,0xFBEA,0xF8AF,0xFF23,0xFF01,0x039C,0x0965,0xFFBB,0xF6AD,
    0xF7DC,0xFCE0,0x0793,0x08B3,0xF814,0xF5D5,0xFE5B,0x04D3,0x124A,0x0DF4,0xF7B2,0xFDAC,0x0A53,0x00C4,0xFBDC,0xF9F8,
    0xFC17,0x02EE,0xFCAE,0xFAE3,0x03DD,0xFB5F,0xF2E0,0x040F,0x0B91,0x0329,0x056A,0xF715,0xF2CF,0xF888,0xFF58,0x072B,
    0x0213,0x0343,0x0179,0xFB7D,0x00B8,0x0C3A,0xFFAD,0xFCFD,0x03D1,0x0023,0x0416,0x0965,0xF9DE,0xF8EA,0x045C,0xFEEC,
    0x00B3,0x0F9F,0xFDC8,0xFC5C,0x0616,0xFDD9,0xFC88,0x0AE4,0xFA20,0xF4AA,0x0EB1,0x0E68,0xF674,0x0169,0xFF0F,0xE81C,
    0x0227,0x0900,0x020D,0x0E9B,0xF71F,0xE48A,0xF47C,0x0080,0x0668,0x090A,0xF92F,0xEDD6,0x039C,0x0A04,0xF241,0xFD39,
    0x0643,0xF5B8,0x01DB,0x0751,0xF853,0xF939,0xFEBA,0xFD9C,0xFF43,0x10B2,0x0D1E,0xF9A0,0xFC48,0x0B0C,0x0092,0xFE7F,
    0x051A,0xFECA,0x0207,0x0D63,0xF538,0xF64E,0x0392,0xF4E4,0x03E1,0x1511,0xFD5F,0xF882,0x058A,0xF49A,0xF5A5,0x144C,
    0x010F,0xF56D,0x09D6,0x00BD,0xF6A0,0x0842,0x08C9,0x0335,0x00BC,0xFBE1,0x0153,0x1072,0x05DC,0xF02F,0xFBD5,0x07DD,
    0xFD5C,0x0301,0x0454,0xF516,0xEDDE,0x08DE,0x02DE,0xF85B,0x0A4D,0xFC88,0xE964,0x0429,0x0F42,0xF611,0xFBE7,0xFDA3,
    0xF71A,0x093D,0x0CC7,0xF674,0xF828,0x02E9,0xFAA3,0x083F,0x0AAF,0xFC37,0x05C8,0x04AB,0xF61F,0x040C,0x112C,0xF556,
    0xFC7D,0x1577,0xFE6C,0xF984,0x1198,0x02A1,0xF46C,0x045C,0x0311,0xF4E7,0xFA57,0xF6DA,0xF367,0xFD4A,0x0003,0xFABF,
    0x002C,0xFBD1,0xFAAF,0x04A5,0x0BA3,0xFAE6,0xF9B0,0x0BA9,0xFA84,0xFB36,0x2370,0x08E5,0xECE6,0x0713,0x069F,0xFCB5,
    0x11D8,0x0982,0xEF7D,0xFAC9,0x01AB,0xFD0D,0x0A19,0x00BA,0xEA0D,0xFA49,0xF8DF,0xFC50,0x13A5,0xFFCF,0xE86B,0xFCF0,
    0x07D0,0xF632,0x00B7,0x0EC6,0xFB5D,0xF0AF,0x04A1,0x08C1,0xFEC9,0x056C,0x071C,0xFFDD,0x06E4,0x0D76,0xFD52,0xF416,
    0xFA0D,0xF7EB,0xFFAD,0x07C0,0xFE15,0xFFC8,0xF4E9,0xE6F6,0x1029,0x0F1A,0xEBB7,0x0345,0x04F2,0xEEEA,0x0336,0x0F54,
    0xF814,0xF560,0x04E0,0x04CE,0x06A9,0x0D18,0xFA62,0xFF49,0xFD7E,0xFAFD,0x0FE4,0x0864,0xF33E,0xF99E,0x00C4,0xF5C2,
    0xF99D,0x06DF,0xFFBA,0xEF8E,0xF06F,0x05DC,0x03AA,0xF8BD,0x0355,0xFE91,0xF448,0x0948,0x0D5E,0xFDA1,0x0342,0xFE22,
    0x0252,0x0B57,0x04F8,0x0544,0x04DF,0xFC51,0xFB4E,0x19B7,0x0723,0xF172,0x0537,0xFD4A,0xF0A4,0x09AF,0x06A2,0xF2D3,
    0xFCEB,0x03A5,0xF9A3,0x006E,0x04A3,0x04C2,0xF934,0xEFE0,0xFF5E,0x0C0D,0xFCC0,0xF664,0x0508,0x02F6,0x00F4,0x0AC0,
    0x0611,0xFCC2,0xFA69,0xFEF7,0x0D76,0x0508,0x02F8,0x021D,0xEBE5,0xFC9B,0x0D68,0xF8C8,0xFDD6,0x0311,0xF5AB,0x039F,
    0x0CFC,0xF9E3,0xFA7E,0x01DD,0xEE0E,0x049B,0x0CC9,0xF142,0xFA51,0x0A76,0xF7CC,0x0092,0x0F94,0xF4FF,0xF4A1,0x0EA6,
    0x0709,0xFBD9,0x0975,0xF4A4,0xF611,0x0660,0xFF55,0x11C0,0x0CB9,0xECAD,0xF3B8,0x10E7,0x0D56,0xF8CF,0x05E6,0x06D4,
    0xEE21,0xFA4D,0x1016,0x0514,0xF9E8,0xFD4A,0xF694,0xF59D,0x0CC9,0x0812,0xF887,0xFB63,0xFDAC,0xF6A1,0x0502,0x0BAE,
    0xF55B,0xFA52,0x0905,0xFE91,0x0600,0x1063,0xFC58,0xFE77,0x0B39,0xFBB2,0x05FD,0x061E,0xF0A9,0x01CD,0x1004,0xFB0B,
    0xFD72,0x0072,0xE9E0,0xFE3D,0x112F,0xFAA9,0x0DC2,0xFFA2,0xE337,0x04DF,0x0D00,0x00C5,0x08E6,0x0237,0xEBA7,0xF9BB,
    0x0B34,0x05E0,0x0171,0xF767,0xF6ED,0x02F4,0x0A9D,0x0AF5,0x1315,0xEF63,0xF02D,0x0AFA,0x0C06,0x0406,0xFFFC,0xFCEA,
    0xFD17,0x0A60,0x083D,0xFFAF,0xF8C8,0xFE5A,0xFF29,0x0282,0x0652,0x0306,0xE5D0,0xF738,0x1B5B,0xF142,0xFD84,0x0CF1,
    0xE634,0xE511,0x11D2,0xFAF3,0xE97B,0x06AA,0xFBA0,0xF240,0x0D87,0x021B,0xEEC9,0x0267,0x033B,0x003E,0x1062,0x0173,
    0xF598,0xFA5C,0xF84D,0xFEB9,0x16DC,0x0050,0xF422,0x04A9,0xFEF1,0x0227,0x0F7F,0xFC58,0xECAD,0x0CD9,0xFD42,0xFA59,
    0x1387,0x05DB,0xE95E,0xF957,0x10AD,0xFC75,0xFF56,0x0FEE,0xF58A,0xE5B5,0x10AD,0x0B2E,0xF2C2,0x0A19,0x0ADA,0xF406,
    0xFB1E,0x0D9B,0xF93C,0xF331,0x0481,0xF8EF,0x0C3A,0x143E,0xF28D,0xFEAF,0xFEAA,0x0163,0x0A6D,0x026C,0xF213,0xFCFA,
    0xF754,0xF4A9,0x12F1,0x1625,0xF82E,0xF470,0x019C,0xFDF0,0x0339,0x10B2,0xF298,0xF1B7,0x0073,0xF73A,0x098C,0x137F,
    0x0217,0xF17D,0x0232,0x12F6,0xFF43,0x0261,0x0F4C,0xF8D9,0xF0C0,0x0C54,0x00BA,0xF5B7,0x0330,0xF6B5,0xF5B3,0x1987,
    0x03A5,0xF26B,0x022A,0xF422,0xFBA4,0x0805,0x02D4,0xFA24,0xF1BA,0x025C,0x03E9,0x06AD,0x0DF9,0xFF5D,0xF998,0xF602,
    0xFBAF,0x1A93,0xFE70,0xEC1C,0x058C,0xF8C0,0xFD08,0x1751,0xFD96,0xEEB2,0x03E9,0x06FA,0xF5EF,0x0433,0x0E9B,0xEC39,
    0xF31A,0x1330,0xF9AB,0xF897,0x096A,0xED99,0xF75F,0x1FA1,0x1077,0xEDF9,0xFFDD,0x0903,0xE0AA,0xF58D,0x1C07,0xFE5A,
    0xF78C,0x03EF,0xF376,0x00EA,0x1C38,0xFE55,0xF325,0x0C6C,0xF93F,0xF51E,0x0F3A,0x0749,0xE76C,0x01A5,0x0EFB,0xF94C,
    0x082C,0x0ABB,0xF6C0,0xFDDB,0x07AA,0x0427,0x0591,0xF42F,0xF13B,0x0DC4,0x01F2,0xFFD4,0x073E,0xEB62,0xEEF1,0x084F,
    0x12CE,0x0143,0x05A6,0x0A45,0xDF41,0xF43F,0x2A6F,0x07BA,0xE4FA,0x0F3F,0xF464,0xE9FB,0x1E29,0x08A1,0xED3C,0x065F,
    0xF779,0xECAB,0x1648,0x15EE,0xF295,0x0072,0x04FA,0xFA99,0x0D21,0x0F91,0xF740,0xFA91,0x01A5,0xFF30,0x04DB,0x00BD,
    0xF576,0xFCB8,0xFF8E,0x0157,0x09B7,0xFBD1,0xF315,0xFDD6,0x0323,0x10CD,0x09CE,0xF494,0xF821,0xEDE1,0xFE95,0x0F37,
    0xFFD5,0xF6DB,0xF46A,0xF39C,0x0B0D,0x11CE,0xF621,0xF71F,0xF81B,0xF1A4,0x109C,0x1D18,0xEFB6,0xEFE0,0xFD21,0xED2A,
    0x0471,0x22DD,0xF89F,0xF28B,0x0B31,0xF9B5,0x0B6F,0x152C,0xF3F3,0xF3EB,0x0013,0xFF2B,0x0A85,0x0601,0xF23C,0xF06C,
    0xFE01,0x1109,0x1414,0xF85E,0xF71A,0xFF59,0xFAEB,0x130D,0x0E24,0xF509,0xF1AA,0x034E,0x0785,0x053F,0x0AD5,0xF9A1,
    0xF64E,0x0161,0x0597,0x0869,0xF9F2,0xEEDF,0x006B,0x0102,0x01BB,0x177A,0x0345,0xEF78,0x00D5,0xFD25,0xF376,0xFF03,
    0xFB53,0xF5B5,0x0512,0x0945,0xF738,0x00E2,0xFCDA,0xF010,0x08B3,0x1748,0x0733,0xFA4F,0xF553,0xF3AB,0xFA5A,0x05D9,
    0x18DE,0x01ED,0xF100,0xFE62,0x05F8,0x0485,0x0BEE,0xFB00,0xECC3,0x00AA,0x019E,0xFD12,0x0792,0xF0D1,0xD5AD,0xFF09,
    0x09AD,0x0294,0x1F39,0x0DB0,0xEFA3,0x0424,0x083C,0xF9A6,0x04A6,0x00CA,0xF373,0x0159,0x04D5,0xF7BE,0x04D5,0xF800,
    0xEB25,0x10BF,0x1703,0xFBCD,0x00FC,0xFBB1,0x02A2,0x18A1,0x0AE5,0xFF04,0xF513,0xED89,0xF049,0x04B5,0x083A,0x03FC,
    0xFA54,0x00E0,0x1967,0x14C2,0x1065,0x084E,0xF2C0,0xED17,0x0454,0xFF2E,0xF455,0xFDD8,0xDE2B,0xE5F5,0x0A72,0xF371,
    0xFDE3,0x1011,0xE415,0xF51E,0x22B9,0x0242,0x0AC7,0x2A46,0x0097,0xF231,0x210E,0x00C5,0xDD81,0x06CF,0xFF50,0xE279,
    0x00CD,0x0522,0xE423,0xF4D9,0x07A3,0x099A,0x0EB8,0x190A,0x0DA7,0xFD69,0x0A4E,0x179A,0x03BC,0xF6D5,0xF748,0xF631,
    0xF6E0,0x03E4,0x0031,0xE381,0xE7E7,0xFEC2,0x003E,0x042F,0x11A5,0x06D2,0xEF1C,0xFD8C,0x268A,0x1985,0x0291,0x0A48,
    0xF689,0xEE1B,0x1087,0x05D6,0xDD8C,0xED44,0xFC26,0xDCD1,0xF7E9,0x15CB,0xE59A,0xEEB4,0x1773,0x028C,0x0B96,0x2106,
    0x0A8A,0xFFD0,0x144B,0x0EF2,0x0877,0x0551,0xF4D6,0xEDCF,0xF17C,0xFA45,0xF85D,0xF2D8,0xF1DE,0xF3B4,0xFA47,0x0235,
    0x1343,0x049B,0xF51B,0x0A09,0x1D10,0x1107,0x0287,0xFFB5,0xFAE1,0xF680,0x05F3,0x1082,0xF686,0xF20C,0xFABF,0xF38F,
    0xFD3F,0x1721,0x00AB,0xE73F,0x05B4,0x0862,0x0286,0x19A2,0x0DE2,0xF787,0x08A9,0x0ADC,0xEF89,0xEE32,0xEE5F,0xE15D,
    0xF44D,0x067F,0xFF88,0xFF36,0x014F,0xF862,0x0139,0x1222,0x0B14,0x0227,0xF4EE,0xFA62,0x06D2,0x00C4,0xF897,0xF3FD,
    0xF9EF,0x0248,0x11AB,0x09DC,0xFB20,0xF789,0xEBD9,0xF4CF,0x156C,0x0E07,0xFE5A,0xFABE,0xF747,0xFD86,0x0093,0x006A,
    0xFF78,0xFD04,0xFC7D,0x0A69,0x06C2,0xFEC2,0xFE77,0xFB00,0x014E,0x0B98,0x095A,0x078B,0xFAE0,0xF676,0x0561,0x177B,
    0x0597,0xF2C7,0xFE8C,0x0179,0x088C,0x0D60,0x0460,0x03E7,0x0156,0xF322,0x0756,0x10BA,0xF6A6,0xF895,0xFBDE,0xF79A,
    0x088E,0x1137,0xF6EB,0xF4AE,0xF8F1,0xFB1B,0x0275,0x07FA,0xFACB,0xF632,0x053A,0xFBC4,0x00D7,0x074C,0xFCF8,0xEEFF,
    0xEFEA,0x08D6,0x01F8,0xFFD8,0xFB2A,0xF609,0x04C8,0x05A9,0x01E5,0xFDDB,0xFF20,0x0129,0xFBC4,0x014C,0x0331,0xFDF6,
    0x0107,0x020A,0xFDC8,0x106B,0x007A,0xF5F1,0x05FE,0xFFDC,0xF996,0x0E26,0x0B5C,0xEDAB,0xFBF1,0x1473,0x011F,0x02D4,
    0x063A,0xEDF1,0xF99D,0x13B5,0x0141,0x0207,0x08BC,0xE641,0xF16D,0x0C8F,0x07FC,0x0D13,0xFFF7,0xEA99,0xF243,0x11C2,
    0x09C2,0xF39B,0xFD14,0xF9B8,0xF2E7,0x0443,0x0CD6,0x023F,0xF1FE,0xF3E6,0x0352,0x0678,0x1745,0x05CC,0xF082,0x03E2,
    0xFAF4,0xFBD5,0x0970,0xFDEE,0xEEA4,0x014C,0x0564,0xF56E,0x008A,0xFBF2,0xEA20,0x0D49,0x176B,0xFA52,0x09F7,0x0A3B,
    0xFCC7,0x04F3,0x0896,0x015B,0x0136,0xFA2D,0xF21E,0x08D6,0x08E8,0xF93B,0xF524,0xFABC,0xFBB9,0x18EB,0x0B9B,0xFE35,
    0xFC86,0xF261,0x092A,0x0D29,0x0876,0xF791,0xEB7D,0xFB1D,0x08EB,0x0B31,0x035E,0xFAE1,0xEA6A,0xF3E9,0x1438,0x11E8,
    0x02DB,0xFFAD,0xEF4E,0xE941,0x18FD,0x15C0,0xFCAE,0xFB0E,0xDCF5,0xF7BE,0x152A,0x005B,0xFC43,0x039F,0xEA30,0xF428,
    0x1A0B,0x018B,0xF17D,0x08BB,0x011A,0xFDCB,0x15A3,0x038F,0xF059,0xF275,0xF56D,0x1028,0x1058,0xF32C,0xF1CF,0x015B,
    0xFEBC,0x01A6,0x13D7,0x02E1,0xE7EC,0xFA28,0x0CCF,0x0FF8,0x048B,0x01AE,0xF1FE,0xEE78,0x0C3F,0x21E0,0xFDD9,0xFB03,
    0xF924,0xEF93,0x0AF8,0x09F3,0x01D0,0x0760,0xF953,0xF7A7,0x103B,0x038A,0xF145,0x0C48,0xFE16,0xE7DE,0x14D7,0x1632,
    0xEA67,0xFDC1,0x068A,0xEB6B,0x06EA,0x130D,0xEB82,0xEFB6,0xFA8C,0xFA65,0x06B9,0x07C3,0xF36B,0xFBA7,0xFB33,0xFB4B,
    0x1674,0x0786,0xEB68,0xF271,0x0713,0x02FE,0xFD6A,0x026F,0xFB26,0xEA58,0xFF60,0x0E01,0xFF23,0xF7F8,0x0B96,0x021F,
    0xEF49,0x0CCC,0x05B1,0xF066,0x03F4,0xFE68,0x0269,0x09A4,0xF36F,0xF015,0x0356,0xF73A,0x0299,0x225C,0xFEB5,0xE7B9,
    0x0916,0x052C,0xFD5C,0x174E,0x0486,0xE0CF,0x0247,0x0F48,0x0ED2,0x0D50,0xF906,0xE7CE,0xFE60,0xFB78,0x1531,0x0FCE,
    0x00B7,0xF3C0,0xFB5B,0x05E3,0x03E2,0x08D6,0x0254,0xF957,0xE9E0,0x08D1,0x0C9C,0xF315,0x0355,0x0E1C,0xEE0B,0x00F2,
    0x21F0,0xF740,0xF226,0x0A26,0x02CB,0xF9C8,0x0A23,0xF86D,0xF785,0x003B,0xFC1B,0x0BC8,0x1028,0xEAEB,0xFF21,0x0D7B,
    0xFF40,0x0AD2,0x11BA,0xE936,0xEBBF,0x0B86,0x18CB,0xFA00,0x0073,0xFBE1,0xF09F,0xFAFE,0x0A9B,0x0B1C,0xFAA9,0xF04A,
    0x01F0,0x0040,0x03B7,0x0414,0xF6F5,0xFCE3,0xFCCA,0x09C9,0x0FCB,0x06C4,0xF5E4,0x005B,0xFAC6,0xF986,0x1A09,0x108D,
    0xE19F,0xF555,0x06C1,0xFBF2,0x0883,0x0594,0xEC0C,0xFF63,0x0A7B,0xFDDD,0x0B19,0xFC07,0xE529,0xFF3B,0x1112,0xFE40,
    0x0869,0x04FB,0xE193,0xED5A,0x1006,0x0640,0xFC68,0xFF70,0xE937,0xF61E,0x09E2,0x05C1,0x0586,0xF7C9,0xF60D,0x087E,
    0x096F,0x0A8D,0xFD8C,0xF580,0xF787,0xFAF9,0x023F,0x052C,0xF3FB,0xEBD4,0x0926,0xFEF4,0x04FF,0x1DA2,0xF898,0xEB50,
    0x198D,0x126C,0x0157,0x0F05,0xF1F4,0xE042,0x0A58,0x0A41,0x01D3,0x0461,0xF3DB,0xEE90,0x0591,0x0E89,0x014F,0x066B,
    0xEFDD,0xF74D,0x1C1A,0x1025,0x03C4,0xF97E,0xED9A,0xF2D7,0x0CD1,0x0E63,0x0217,0xEC1E,0xF2B7,0x01E0,0x07EA,0x0C23,
    0x0628,0xF2AD,0xFF17,0x0E09,0x05A9,0x073E,0x02D7,0xE999,0xF924,0x0972,0x0330,0x060D,0xFB2E,0xE5B6,0x0063,0x147B,
    0x09B1,0x0C9E,0xFDCC,0xE566,0x020B,0x194D,0xF21E,0xF495,0x00CF,0xE7EB,0xFCD5,0x1EBE,0x07F2,0xE254,0xEEF4,0x0272,
    0x10FE,0x0F13,0xFE4B,0xF410,0xF50E,0xEB00,0x0653,0x08DD,0xF700,0xF332,0xF8D9,0xFA5D,0x0456,0x0D56,0xF6D3,0xEE77,
    0xFB52,0x0849,0x00A8,0x0262,0x0FAB,0xF216,0xEB4E,0x12CC,0x0507,0xFD41,0x208F,0x0854,0xF5CA,0x1AAC,0x04C6,0xFB88,
    0x0AB8,0x09D7,0xF79C,0x093B,0x1000,0xFE3B,0x0040,0xF41D,0xF0F5,0x0BF6,0x1454,0xFCAD,0x0CF6,0x0294,0xEEA7,0x00FF,
    0x158E,0x0FEE,0xF5EF,0xFF0B,0x0992,0xEE97,0x016B,0x0DC7,0xE8D2,0xE75A,0x0F44,0x074C,0xF887,0x01FB,0xFC24,0xF3A9,
    0xFDE5,0x10A8,0x0953,0xF968,0xE6B0,0xE9B8,0xFD14,0xF386,0x08D0,0x12C3,0xEFAD,0xEE21,0x0F02,0x0A4B,0xFA67,0xFF49,
    0xF784,0x0222,0x135D,0x0279,0xFD1D,0xF696,0xEEA2,0x020D,0xFF48,0x0019,0x1149,0xF775,0xE869,0x14C7,0x0A4B,0xEB58,
    0x0AFF,0x06D9,0xFAAE,0x0BB5,0x1985,0xFA49,0xF05A,0x055D,0x08B3,0x0B29,0x09CF,0x05F1,0xFFFA,0xEFE2,0xF82B,0x0342,
    0x08FD,0x0D90,0xFEAF,0xF9B5,0x04B6,0x077E,0xFD4C,0x0495,0xFA10,0xFD8C,0x04EA,0x058A,0x0B6C,0xFCBD,0xE998,0xF20E,
    0x0B4E,0x0DBC,0x0AC2,0xFAAF,0xEB23,0xFF2E,0x043B,0xFA5F,0x0BE5,0x0C30,0xEC59,0xF722,0x11CB,0xFA3A,0xF8D9,0x0363,
    0xE6FD,0xF2C5,0x1C3F,0xFF7D,0xEB38,0xF9A1,0xFA6E,0xE973,0x07FC,0x145D,0xF460,0xFD9E,0x0BC0,0xF6D6,0xF23C,0x1052,
    0xFDC0,0xE357,0xFD56,0x0E4C,0xFCE3,0x0282,0xF394,0xDB53,0x030C,0x1770,0x099A,0x0BF0,0x04E7,0xE55C,0xFDB1,0x2221,
    0x0857,0x044B,0x0577,0xEE7A,0xF52B,0x0D95,0x0B02,0xF7A1,0xFE99,0xF9AD,0x00E5,0x0B84,0x0C5A,0x0D28,0xF808,0xFA8E,
    0x1398,0x0D45,0x0A6B,0xFDBC,0xEDE3,0xF3D3,0x0662,0xFE95,0xF64B,0x052D,0xFFD2,0x02FB,0x0D80,0x0B41,0x0235,0xFCA2,
    0xFDE0,0x02DE,0x0517,0x0AA0,0x0808,0xF503,0xEC9E,0x06D7,0x044C,0x058E,0x0A88,0xF4B6,0xF4DC,0xFFFD,0xF7A6,0xFBDE,
    0x0BD0,0xF045,0xECD0,0x0F0B,0x007E,0xEBB4,0x02A2,0xFAB6,0xF2D7,0x0916,0x0785,0xF474,0xF135,0xFFA2,0xFE5B,0x04CE,
    0x0DBA,0xFD32,0xF80B,0x05A1,0x0640,0x03FE,0x0B6B,0x043F,0xF632,0xF678,0x00D4,0x0387,0xFAB3,0xF843,0xFB15,0xFC1C,
    0x0D6B,0x1335,0x0478,0xEFD2,0xF831,0x0AB3,0x05F9,0xFB30,0x0F97,0x0C40,0xF224,0x0DC8,0x1160,0xED02,0x01C6,0x12C3,
    0xE9B6,0xFF65,0x27F7,0xF20B,0xDD75,0x0E49,0x0313,0xED65,0x0B77,0x0CDE,0xED2C,0x0861,0x0DCD,0xFE16,0x0DCD,0x0461,
    0xE4BA,0xFB2B,0x1525,0xF888,0xF902,0xFF63,0xF110,0xEF96,0x02EC,0x0E14,0xFC3B,0x0766,0xF614,0xF33A,0x052A,0xF8EF,
    0xF7DE,0xFA34,0xFF8B,0xFD96,0x0741,0xFCC3,0x012A,0x08BC,0xFDB1,0x01AB,0x0991,0xFBA7,0xE4FE,0x060E,0x03C2,0xF2ED,
    0x0F45,0xFC86,0xECE5,0x04AE,0x0B9E,0xF136,0xFE6F,0x0BAB,0xF09C,0xFD91,0x192F,0x0470,0xF872,0x0F3D,0xFB10,0xF4C2,
    0x0E63,0x0A55,0xFCCF,0x054A,0x09C9,0xF13D,0xFDBC,0x0A28,0xFF5E,0x0DFD,0x0E98,0xFF0C,0x0255,0xFDA3,0xF6D1,0x0660,
    0x0B01,0x03D7,0x0662,0xF25D,0xEB00,0x097F,0x0F75,0xFAD0,0x0163,0xFBA5,0xEDCF,0x0451,0x14E2,0x051F,0x0945,0x0861,
    0xEFD7,0xF508,0x023F,0xF3B0,0xE846,0xFD44,0x0B52,0x09F9,0x17A8,0x0C97,0xF700,0xFD7A,0xF893,0xE710,0xF722,0xFCBD,
    0xEC0C,0x041E,0x19C4,0x0749,0x088C,0x123A,0xF7FE,0xEF51,0x060E,0xF499,0xF4A1,0xF66B,0xE273,0xEE08,0x0C9E,0x0C85,
    0xFD2F,0xFE74,0xFA72,0xFFA8,0x1121,0x1340,0x0D7D,0x04BA,0x0663,0x0C12,0x1114,0x0BE5,0xFED7,0xEECA,0xF752,0xFEB1,
    0xF3A8,0xF72B,0xE57E,0xE66C,0xF32D,0xFD57,0xFD0D,0x0897,0x0F62,0x08DD,0x1D52,0x1589,0x0B09,0x16D4,0x08F1,0xEEAF,
    0xFE3A,0x0DF7,0xECC0,0xF1B4,0xF826,0xEDD1,0xFDE9,0x0810,0xF68C,0xF683,0x0677,0x016C,0x14E0,0x1466,0x030E,0xFDFB,
    0x029F,0x09BF,0x0D26,0x0BB9,0xF990,0xED6D,0xED81,0xF2CA,0xF6B1,0xF4A9,0xFD4A,0xFAD8,0x02CC,0x03BD,0xF5E7,0xF6E0,
    0x02CF,0x0AA8,0x0D2D,0x1574,0x0ABD,0xF508,0xFDC9,0xF2F0,0xECAE,0xFF9D,0xFD39,0xEE4A,0xF2C0,0xF42A,0xE8B3,0xFCA3,
    0xFCF8,0xE9AC,0x050F,0x1357,0x0A21,0x16F7,0x17A5,0xF893,0x05BC,0x15C9,0x0503,0x0AC5,0x101B,0x0250,0x071B,0x0C00,
    0xFCC5,0xF7CC,0xF495,0xF2D5,0x0134,0x0A1B,0x0411,0xFF83,0x0008,0xFFF5,0x0842,0x07E3,0x015C,0xFA2D,0xF4B6,0xF94F,
    0xF487,0xF3D5,0xF3DD,0xEFDF,0x009A,0x17AA,0x135B,0x086C,0x08F8,0xF3E5,0xEF60,0x11AE,0x0A49,0xF8D5,0x0B0C,0xFCC7,
    0xECE3,0x04AE,0xFCBA,0xE6FD,0xFFAA,0xFEF1,0xF12D,0x092A,0x0D30,0xFFAD,0x0ED6,0x0BE6,0x02B6,0x17BB,0x138F,0xF292,
    0xEF24,0xEB7B,0xF239,0x0698,0x07CF,0xF829,0xF80E,0xFAD0,0x043B,0x0BBE,0x0A0B,0xFC3E,0xF71B,0x059E,0x08A4,0x00FA,
    0xFDAE,0xF250,0xE8C3,0x0254,0x1067,0x0072,0xFBBA,0xF94E,0xEC74,0x02F3,0x1DFC,0xFD8C,0xF61E,0x058A,0xFCD7,0x08CC,
    0x148B,0x062D,0xF730,0x01B0,0xF113,0x0579,0x16B4,0xF15B,0xF084,0xFC0F,0xF801,0x0D48,0x1829,0xF7D6,0xF9E3,0x09C4,
    0xF7B1,0xFC7B,0x0AD4,0xFD22,0xEE80,0xFD56,0xFB88,0xFCFC,0xFF83,0xF530,0xF953,0x094F,0x0609,0x001B,0xF84D,0xF3AC,
    0x0565,0x1370,0x10C5,0x006E,0xEF4B,0xEE10,0xFD5C,0x0B7E,0x0F77,0x021B,0xF33F,0xF604,0xFD22,0x0A01,0x13E7,0x0ED2,
    0xEA02,0xEE8A,0x06C4,0x09D4,0x1193,0x0B6E,0xF54E,0xF8D9,0x0A5D,0x0A45,0x09FE,0xFA12,0xEEEE,0xF8A0,0x017C,0xFF30,
    0x049D,0xFDFB,0xEF68,0xFF20,0x0734,0xFD97,0xFE97,0xF4A1,0xF821,0x0AE5,0x039D,0xEC6E,0x0141,0x01FB,0xF8DF,0x0BE3,
    0x0AEC,0xF4A2,0x0139,0x0039,0xFB2E,0x0E36,0x07A5,0xF4DC,0xF58D,0xF863,0x024D,0x07F5,0x053F,0xFC0E,0xFAFE,0x0053,
    0x1015,0x0ED0,0x0147,0xF914,0xFF11,0xFA8C,0x0309,0x0E31,0x016F,0xF64C,0xF575,0xFFDF,0x12EE,0x0851,0x00DD,0xFC2C,
    0xECFF,0xFA2C,0x205F,0x0A85,0xF4DC,0x0491,0xF00A,0xF21B,0x1036,0x095D,0xFE33,0x0527,0xFC0E,0xFA84,0x0A19,0xFC02,
    0xF416,0x0972,0x03E1,0xFB78,0x0E12,0xF7DF,0xEF49,0x08B8,0x07D5,0x00F1,0x0C4C,0xFDBC,0xE944,0x0132,0x06F9,0xFBD4,
    0xFB8D,0xFE06,0xF21C,0xFA38,0x0B76,0x011E,0xF38E,0xF67E,0xF809,0xFDD9,0x050C,0x0D29,0xF713,0xF454,0xFC73,0xF598,
    0x0A53,0x113C,0xF78F,0xF7E1,0xFF50,0x0245,0x05D1,0xFD31,0xE6FE,0xFA2C,0x0F52,0x038F,0x01CB,0x0DF7,0xEBC4,0xF8E2,
    0x1D16,0x0F69,0x04A1,0x0C23,0xF828,0xEB7D,0x026F,0x0B04,0xFD22,0x017C,0xF799,0x0063,0x0542,0x01D3,0x013F,0xFD6E,
    0xEE25,0x0552,0x0CF8,0x0ECA,0x09E9,0xF432,0xFC58,0xFECF,0xFDE1,0x05B7,0xF848,0xFF93,0x093D,0x0713,0xF774,0xF877,
    0xFFC3,0xF530,0xFF0F,0x1877,0x00F9,0xF92E,0xF747,0xEEAD,0x01BE,0x0933,0xFD22,0x0C28,0xF6B3,0xED74,0x07EC,0x09E6,
    0xFFDC,0x0D60,0x0A85,0xF0B4,0x05F9,0x14FA,0x00B3,0xF838,0xFB94,0xFC36,0x0493,0x03C2,0xFBA8,0x0271,0xF9F3,0xFD1F,
    0x08E8,0x0957,0xFF0B,0xFB53,0x06FE,0xFD64,0xF65E,0x08F1,0x0320,0xE9BE,0xFEBD,0x14C7,0x0134,0xFAF9,0x0BB0,0xF4E6,
    0xF69E,0x19F3,0x09F4,0xFD66,0x09D1,0xEA5C,0xEA17,0x0539,0xF90A,0xF999,0x082C,0xF487,0xF5CA,0x11F8,0xFA8C,0xE8F9,
    0x087F,0xF764,0xF485,0x12EB,0x0AA3,0xEEF9,0xFFF7,0x0272,0xF4AE,0x085A,0x07C2,0x05E0,0x0510,0x01C6,0xFC33,0x01FB,
    0xFF11,0xF0F5,0x0466,0x05B6,0xFBE9,0x07CA,0x0A82,0xEBD0,0xEF1E,0x0E89,0x09A7,0xFCEF,0x093F,0x067C,0xEACC,0x0301,
    0x0C17,0xF6CD,0x04F5,0x0B24,0xF539,0xFD41,0x0AC5,0xFA08,0xFC2E,0x0618,0xF5E4,0x0BE2,0x0D87,0xEF2F,0xF8BF,0x0F22,
    0xEF79,0xF8E5,0x16A9,0xF12E,0xEFE2,0x11D5,0x038A,0xF2A8,0x0910,0xFACB,0xEDB7,0x12CB,0x0E9E,0x0584,0xFEDE,0xFE1B,
    0xFC60,0x04A3,0x0CBF,0x07B0,0x039F,0xFE28,0xF39E,0x0186,0x0547,0xF63F,0x034B,0x0903,0xFAB7,0xF7B6,0x03CF,0x03DC,
    0xEDE6,0x01F0,0x0702,0xF3FA,0x0146,0x0C79,0xF621,0xFCAA,0x041A,0xF5B5,0x06A9,0x04F5,0xF715,0x048D,0x0CD9,0xF3EE,
    0xF93F,0x056A,0xE870,0x04A3,0x16DC,0xFA37,0xF9B1,0x0C7D,0xF7DB,0xF887,0x0F91,0x09C2,0x0272,0xFC44,0xF5B8,0xF6CE,
    0x058E,0xFA8F,0xFCA6,0x0E46,0x00C0,0x0441,0x0D1E,0xF41E,0xF269,0x0808,0x061E,0xFBBF,0xFFC0,0x031B,0xF529,0xFE2A,
    0x1033,0x00EF,0xF9EA,0x0933,0x00A8,0xFE91,0x07E5,0xFD14,0xEF1B,0xF1FE,0x058F,0x0CC9,0x0DE2,0x025D,0xFB42,0x02DF,
    0xF81D,0xFA41,0x16F1,0x08C0,0xE318,0x05D4,0x0C06,0xE25B,0x05FB,0x1559,0xE9FE,0xF6DB,0x22B8,0x0377,0xED9C,0xFD05,
    0x023F,0x0DBC,0x0825,0xF568,0xE94A,0xFD34,0xFA8E,0xF995,0x03F6,0xF2CB,0xFCAA,0x0733,0xFBAD,0x0704,0x0BDD,0xF19C,
    0xF6E2,0x02F9,0xFD79,0xFA8A,0x026F,0x0525,0xF720,0xF165,0x0DC0,0x01B1,0xFC40,0x1CD1,0x00D2,0xF50C,0x0D11,0x08A6,
    0xF852,0x0A38,0x0262,0xEC0E,0x04E5,0x10A2,0xFA35,0xFC93,0xFFCA,0xF2FF,0xFBC7,0x07A3,0x0AAA,0xFE65,0xF43D,0xFB8D,
    0x0795,0x0645,0x0070,0x0169,0xF65C,0xFBC9,0x15F0,0x0ADF,0xEB30,0xFC6B,0x03D2,0xF6C8,0x0775,0x1A6E,0xFD39,0xEEBD,
    0x0B9E,0x01F6,0xF62E,0x0C4F,0x0CA1,0xE1DA,0xF464,0x10A4,0xF8E1,0x0E63,0x06A7,0xEA08,0xF38C,0x12C1,0x07A6,0xF65C,
    0x03B4,0xF6A1,0xF615,0xFFF0,0x0A40,0x0D6B,0x09E6,0xFA35,0x0174,0x02E6,0xFA42,0x06BC,0x0218,0xF74C,0xF6DE,0x0082,
    0xF961,0xF95E,0x02E6,0xFA86,0xFD08,0x0AF8,0xFA7F,0xED57,0x0B1D,0x0469,0xEB18,0xFF50,0x085E,0xFC07,0x01AD,0x071B,
    0xF68C,0xFC88,0x0EEA,0xF8C5,0xF8A8,0x0CE6,0x0360,0xF69E,0x1139,0xFE65,0xEE73,0x10AF,0x0AB0,0xF917,0x0C5D,0xFD34,
    0xEC7E,0x050C,0x05C3,0x01AB,0x023D,0x02F0,0x03EA,0xEB6E,0x0036,0x1104,0xFCCA,0xF50E,0xFE03,0x00F5,0x01F5,0x0AF4,
    0x1185,0xF60C,0xE905,0x00DC,0x0306,0x0301,0x0C7A,0xFA9C,0xF402,0xF9C2,0x0655,0x032D,0xFD5A,0x09AF,0xF34F,0xDFE3,
    0x13B4,0x0C35,0xEC4B,0x0832,0x07D5,0xF061,0x06B1,0x1335,0xFE72,0xF73F,0x00E7,0x0306,0xFF14,0x05EE,0x033B,0xFAAC,
    0x0075,0x07AA,0x1011,0x0398,0xF344,0xF4E1,0xF98B,0x07C3,0x1511,0xFAA9,0xEC14,0x048D,0x052F,0x0228,0x10BD,0xFB8C,
    0xF5CC,0xFCC2,0xFE40,0x0994,0x0AD5,0x01E0,0xF1E6,0xEE63,0x080F,0x1257,0x0055,0x0082,0xFF34,0xFEAC,0x0576,0x0474,
    0xFDEE,0x0046,0xFE52,0xF936,0xFCBB,0x1168,0xF9C0,0xD8F2,0x05E8,0x0CCC,0xF2B5,0x0DC0,0xFE1A,0xEC22,0x0310,0x0BEA,
    0x0869,0x0754,0xFB63,0x0092,0x0569,0xFB4B,0x0744,0x0958,0xF2C0,0x05C9,0x1058,0xF550,0xF83D,0x0F1D,0xEF23,0xF35F,
    0x16B9,0x03F7,0xFC63,0xFA8A,0xE384,0xEE8F,0x191F,0x1A82,0xF481,0xFEEA,0x0431,0xFA4A,0xFF0C,0x143C,0x01A5,0xE61D,
    0xFADC,0x087C,0xFFCA,0x113B,0x0164,0xE1B0,0x059C,0x0667,0xE9D6,0x1228,0x111E,0xE646,0xF64B,0x03B8,0xEE43,0xFC80,
    0x074C,0xF427,0x05B9,0x1F05,0xF7BE,0xF87A,0x0176,0xEE09,0x0857,0x1050,0xF6A8,0x02BC,0x042B,0xFC88,0xFE48,0x0596,
    0x0CDC,0x014F,0xF3E3,0xF933,0xFD25,0x10C1,0x0F71,0xF612,0xF47D,0xFA5F,0xFA15,0x0F52,0x0DC8,0xEA8F,0xE6A1,0x0BD5,
    0x1476,0x0962,0x10E5,0xFF23,0xECBB,0x0908,0x0C57,0xF727,0x0DC0,0x093B,0xEAEE,0x05E4,0x0FF4,0xF4CF,0xF96E,0xF7AC,
    0xF061,0x1018,0x103B,0x0535,0xF5AA,0xE96E,0xF7F6,0x0387,0x04E7,0xFF58,0xF7AF,0xF6B6,0xFF2C,0x08E5,0x03D5,0x00B3,
    0x04D8,0xEE01,0xFAD3,0x1C9E,0xF9A0,0xEF11,0xFB06,0xF120,0x1107,0x19D7,0xFA8A,0xF953,0xF90C,0xFA0B,0x0770,0x0B6F,
    0x052D,0xF70F,0xF7DF,0x078B,0x0BFB,0x059C,0xFE7D,0xFABF,0xF7B6,0x0935,0x1C42,0x09DF,0xF99E,0xFDB3,0xE811,0xF80C,
    0x1F39,0xFFEA,0xE9F2,0xFDAB,0xF2AB,0xFB25,0x1174,0xF862,0xED4D,0xF752,0xF36F,0x0CF1,0x105B,0xFB6A,0x0010,0xFCB3,
    0xFDFE,0x1817,0x059B,0xDF37,0xEA8C,0xF63A,0xF283,0x0CCF,0x2176,0x0CE1,0x00AF,0x15AB,0x0753,0xFF31,0x0343,0xEBD4,
    0xDB04,0xF213,0x04AD,0x041A,0xF657,0xF669,0xF33C,0xF214,0x0985,0x103E,0x066F,0x1190,0x0A8D,0x0E70,0x2332,0x0DE5,
    0xF580,0x0AAB,0x02AF,0xF2D7,0x1225,0xFD5E,0xDA50,0xF214,0xF1D6,0xEDAC,0x0D6E,0x044B,0xECD2,0x01EB,0x0DD8,0x091E,
    0x15FA,0x123A,0xFDF0,0xFF9E,0x0DC0,0x0331,0xF787,0xF5AD,0xED6D,0xF863,0x0ECD,0x07D5,0xFC04,0xF533,0xF087,0xF1F6,
    0x02E9,0x15C3,0x0A90,0xFA10,0x02D4,0x0877,0x108D,0x1217,0xF6C3,0xF7B7,0x01A9,0xF30A,0xFABF,0x0600,0xE494,0xDEC0,
    0x08B0,0x0356,0x0525,0x19BF,0x01FB,0xFCDB,0x180F,0x165C,0x0B44,0x119E,0x05C9,0xF607,0xFFAF,0xFD8B,0xF12B,0xF6AE,
    0xEBD0,0xDFF7,0xF9D0,0x06D9,0xF5CC,0xEBF9,0xEE77,0x0114,0x1C40,0x1BAE,0x123C,0x0340,0x02CF,0x05E0,0xFFFA,0x10EC,
    0x0C7F,0xF0C8,0xF3CB,0xFFBF,0xF870,0x0304,0x0B91,0xEC71,0xF241,0x043C,0xF487,0xF922,0x0C8C,0xEF3C,0xF38F,0x0F77,
    0x0167,0x0157,0x087C,0xE699,0xE46F,0x04C5,0xFCCB,0xFAB6,0x020D,0xF2FC,0xFD10,0x1A16,0x073B,0x0035,0x03AD,0xF9CA,
    0x01A1,0x1411,0x0A33,0xFA72,0xF44D,0xF646,0x0212,0x0AA2,0x0B22,0xFCBD,0xF0D4,0xF6C6,0xFAE0,0x0505,0x0903,0xF9AB,
    0xF148,0x09B5,0x1B6C,0x0FDC,0x0FDC,0xFE8F,0xED62,0x0460,0x0B84,0xF2AD,0xFD29,0xF78E,0xE325,0x0522,0x0D4B,0xF04D,
    0x03C4,0xFF09,0xEE9F,0x10C5,0x1ADC,0xF26B,0xF089,0x0198,0xFB3E,0x0552,0x0A7D,0xF2D7,0xFA0F,0xFEE7,0xFBC4,0x091B,
    0x13CF,0xFEBF,0xF4CA,0xFD7E,0x035E,0x05CE,0x089C,0xFED7,0xFA27,0x038D,0x0A3B,0xFEA9,0xF58A,0xF77D,0x0180,0xFDA1,
    0x0352,0x0798,0x00F4,0x09C9,0xFC9B,0xFBC7,0x0FEE,0x0BAE,0x0043,0x01DB,0xFAB1,0x04D0,0x0CAF,0xF3EB,0xEF93,0x0D2E,
    0x0792,0xFC61,0x0ED5,0xFF4E,0xE6BC,0x0003,0x06B1,0xFF9A,0x0B4F,0xFC1E,0xE841,0xF989,0x0542,0xFF1B,0x0884,0x07F2,
    0xFA84,0xFE43,0x08C8,0x058A,0x05CB,0x0274,0xFC5E,0x00D0,0x0493,0x08CC,0xFDBC,0xE839,0xF185,0x012E,0x0C15,0x104A,
    0x008F,0xFCF2,0x009F,0xF833,0xFBD1,0x0A30,0xFB1E,0xFC88,0x0FE4,0x0434,0xF56A,0x0051,0xFBEA,0x02A7,0x0711,0xF8F9,
    0x0320,0x0C40,0xF873,0xFBE6,0x0230,0xF4EC,0xFEDC,0x014B,0xF118,0xFDE6,0x0BD3,0xF878,0xF16B,0x019C,0xFA59,0xF0D3,
    0xFE57,0xFDAC,0xF1D6,0xFAF3,0xFFF8,0x0577,0x06C7,0x0CC7,0x0AF0,0xF5B0,0xF2AD,0x0131,0xFE65,0x082A,0x0BF8,0xF5F1,
    0x00D5,0x0A65,0x00DF,0x0A09,0x0B5C,0xEE23,0xF59F,0xFD5E,0xFB10,0x0522,0xFF98,0xECB5,0xFDAE,0x0AA7,0x0923,0x04E2,
    0xFB7A,0xF70F,0x0C1A,0x0B0F,0x08C0,0x0CF6,0xFC60,0xEF01,0x0886,0x12D9,0x0622,0x0600,0xF6B1,0xEB6B,0x0A9B,0x0F1F,
    0x0589,0x016C,0xF0EB,0xF72D,0x0139,0xF34E,0x038B,0x0B05,0xEF26,0xF811,0x059B,0xFD44,0x0587,0x0B0F,0xFFB0,0xF72B,
    0x01A0,0x0A40,0x033E,0xFB05,0x03AC,0x01C9,0xF818,0x07EA,0x0CF8,0xF3FD,0xF974,0x0BF2,0xFD44,0xFA1D,0x045E,0xFFD5,
    0xFBB9,0x03ED,0x016E,0x00ED,0xFFE4,0xEDBB,0x028C,0x1596,0x009D,0xFF31,0x0417,0xF347,0xF3C6,0x088F,0x02AE,0xFF13,
    0x0053,0xF36B,0xFDD3,0x0275,0xFB78,0xFF6E,0xFBE6,0xF36B,0x07FC,0x09F4,0xF032,0xF539,0x015E,0xF174,0xFB26,0x1436,
    0x0431,0xEE7D,0x0205,0x09E2,0x0736,0x0D6E,0x0842,0xF983,0xF74A,0x0B91,0x071E,0xFCB3,0x0765,0x0788,0xF3D3,0xFD15,
    0x0004,0x0111,0x0C7C,0xFBF1,0xEF83,0x0A07,0x0198,0xF2FD,0x1303,0x0B29,0xF024,0x0861,0x0694,0xF0EE,0xFDD8,0x053C,
    0xF880,0x07E5,0x0F75,0xF75D,0xF79E,0x053A,0x06FE,0x0DCA,0x0B3F,0xEF9B,0xF19C,0x03A4,0x0011,0x0186,0x0672,0xF19A,
    0xF5A5,0x0619,0xFF1B,0xF259,0x05E3,0x049E,0xF3E8,0xFF33,0x1358,0xFCBB,0xF2CA,0x0704,0x026D,0xF803,0x10BC,0x0E02,
    0xF615,0xF6BE,0x05B9,0x0463,0x0D70,0x0090,0xF904,0xFE84,0xF7B4,0xF98B,0x130D,0xFF01,0xEC76,0x01C1,0x09E2,0xFA00,
    0x09CF,0x0A14,0xEA3A,0xF352,0x07A5,0xFF30,0xFCE8,0xFC0F,0xF59F,0xFE2A,0x037D,0x08B4,0x0DBF,0x0265,0xFBD4,0x0107,
    0x0515,0x03B8,0x08E3,0xFB08,0xEC2F,0xF70B,0x0775,0xFF69,0xF285,0xFCAA,0x093F,0x02BB,0x02B6,0x0779,0xFC6B,0xF099,
    0xFA8F,0x0186,0x0B6E,0x0489,0xFCB5,0xFDC6,0x015F,0xFA6A,0x0975,0x1149,0xF7D4,0xFA9F,0x0A63,0xF877,0xF9A0,0x07CF,
    0xF2FC,0xE676,0x03B2,0x097C,0xFEA2,0xFCB6,0xFA79,0xF785,0x0342,0x069D,0x07F0,0x083A,0xFCDD,0xFF0B,0x1139,0x021A,
    0xF713,0xFF96,0x007D,0xFA2C,0x1466,0x0ECA,0xED8C,0xF4CE,0x0B4C,0x0343,0xFBE4,0x0D72,0x00A0,0xF3CD,0xFF98,0x03F2,
    0x0717,0x0CA7,0xFD05,0xF804,0x0746,0x050A,0xFFF8,0x0A20,0x00F1,0xF6BD,0x1318,0x11F3,0xF2BA,0xF712,0x043B,0xF0A9,
    0x00A7,0x0A16,0xF5B2,0xFB0B,0xFC58,0xF86D,0x0A8B,0x0A45,0xF3C1,0xFCDA,0x006E,0xF9BB,0x0BEA,0x0A07,0xF332,0xF55B,
    0x04E8,0xF85A,0xFD52,0x10A0,0xFE68,0xECF0,0xFEC9,0x0866,0x00A7,0x0046,0xFA8A,0xEDC9,0xF8B8,0x0648,0xFD9F,0xF7E9,
    0xFB8C,0xF2C5,0x01A5,0x16E7,0x02A1,0xF5A0,0x0427,0xFAC1,0xFD62,0x0C35,0xF575,0xF383,0x100B,0x036D,0xF359,0x0835,
    0xFD8C,0xEBD7,0x0596,0x0EC5,0xFEDF,0x0A04,0xFFB7,0xE35F,0xF279,0x06A2,0x0373,0x0A48,0x0039,0xEEF6,0xFEDE,0x0346,
    0x01F6,0x16AA,0x02F6,0xF051,0xF971,0x0F61,0x124D,0xFE82,0xF7C6,0xFE50,0x0A40,0x09EF,0x089B,0xFD5C,0xFDB6,0x027D,
    0x02CF,0x0395,0xF6BD,0xF86A,0x02B7,0x0B21,0xFEFF,0xFB0B,0x04EF,0xEB65,0xEAA7,0x1245,0x05BC,0xF65F,0x0A86,0xFB53,
    0xF2B5,0x0805,0x0345,0xF61F,0x0A07,0x04ED,0xF7A9,0xFF04,0x0333,0xFD61,0xFF69,0xFF53,0xFED4,0xFC0E,0xFE7A,0x0CCE,
    0xFB43,0xEF0A,0x0695,0x07E5,0xF6F0,0x07CA,0x1164,0xF17A,0xECD6,0x091B,0x0D4E,0x0382,0x0871,0x08F1,0xF68B,0xFF60,
    0x0A33,0xFC61,0xED9A,0x0727,0x06D9,0xFFC8,0x0D62,0x00C8,0xE8ED,0x00E0,0x0EFF,0xF7BC,0x0E07,0x0EFB,0xE6FE,0xF0C0,
    0x13EA,0x0325,0xF7E1,0x0779,0xF7BE,0xFEBA,0x1207,0x0765,0xF30D,0xF718,0x008B,0x0B1A,0x1102,0x08FE,0x08FB,0xFB80,
    0xF233,0xFA71,0x0BA6,0x0899,0xFA45,0xF74F,0xF497,0x022D,0x02CF,0xFD6E,0xF7C3,0xF887,0x0C3A,0x01F3,0xF3D6,0x1505,
    0xF468,0xDEF9,0x1388,0x10E2,0xF8AF,0x01F2,0xFE85,0xED6A,0x071F,0x0D9A,0xFCF7,0x0159,0xFB1B,0xFEA9,0x003E,0x0D3D,
    0xF7CB,0xF58D,0xEE92,0xF263,0x0023,0xFE70,0x0EA5,0x0802,0xEAF3,0xF3B3,0x1BE8,0x0B9C,0x00F4,0x0D82,0x01CB,0xFE33,
    0x04C0,0x04A3,0xFE92,0xF8D2,0x04D3,0x0F64,0xFDF0,0x0899,0x0173,0xEEFA,0x06E4,0x0281,0x00A0,0x151D,0xF696,0xE956,
    0xF60F,0x0414,0xEF8D,0xF6C8,0x11A6,0x025C,0xF41B,0x07C3,0x08F0,0xF3B3,0x097D,0xFF5B,0xF595,0x1ED7,0x0652,0xF963,
    0xF133,0xF3C1,0x01B3,0x02A1,0x118E,0xFFBF,0xF2C7,0x0366,0xFDC6,0xFFAB,0x0434,0x0785,0xF437,0xFC61,0x084F,0x061B,
    0xF055,0xF10E,0xF9CD,0xED1D,0x05E4,0x10FC,0x097D,0x01BD,0x0326,0xFACB,0xFC79,0x0DC4,0x0756,0xF1E4,0xFAD0,0x0987,
    0xF4EE,0x0849,0x0C75,0xE9E3,0xF41E,0x144E,0x01E3,0xF68C,0x036D,0xF509,0xE8DC,0x0778,0x14CB,0xFBFA,0xF90C,0x0975,
    0xF40A,0xF2EC,0x15E5,0x1029,0xFCBA,0xFACB,0x0A90,0x0825,0x02D6,0x0AAD,0xEA8D,0xE77D,0x0E73,0x0F47,0x02F9,0x0137,
    0xFF3B,0xEC27,0xEC21,0x1208,0x0C28,0xF679,0xFF20,0x0496,0xF67C,0xFF01,0x0958,0xF5D8,0xFF8D,0x0528,0x0625,0xFBC1,
    0x0499,0x018E,0xEFDA,0xFD77,0x0D55,0xFF24,0xFBCA,0x031B,0xF329,0xFC29,0x070F,0xFA15,0xF410,0x0692,0xFFAF,0xFB06,
    0x0D7B,0xFD9F,0xF13B,0xF8C5,0x015C,0x0BC0,0x0A48,0x0E5B,0xF8EA,0xF230,0x0143,0xF9A5,0x04BD,0x0C75,0x0297,0xF56D,
    0x0154,0x103E,0xFF26,0xF993,0x00A0,0xFF4B,0xFDEB,0x10CF,0x095F,0xF6DB,0xF961,0xF50E,0x0CCB,0x02DB,0x11FF,0x0584,
    0xE315,0xFD99,0x01D8,0xFC41,0x0862,0x0A2E,0xF1DE,0xF4B6,0x1AEF,0x0A29,0xF2C5,0x04E2,0x054F,0xF045,0x15A0,0x0ADF,
    0xF216,0x0524,0x015E,0xF5E7,0xFE03,0x0227,0xF086,0xF840,0x0985,0x05A7,0xFA7C,0x00F1,0xFE0A,0xF5CC,0x01FD,0x0228,
    0x0512,0xF897,0xEEEA,0xFBF7,0x0038,0x079D,0x128C,0x0F9F,0x0238,0xF0A9,0xF781,0x02AF,0x03A2,0x039F,0x0141,0xFA64,
    0x024A,0xFE35,0xF970,0xFD5A,0x052D,0xFD81,0x07A0,0x13F4,0x0352,0xFC1B,0x01BD,0xEDD8,0xFA1C,0x01C8,0xFD79,0x03F2,
    0x0EAD,0x0F5F,0x02F1,0x10EC,0x04AE,0xF946,0x03E7,0xF929,0xED47,0xF327,0xF6AB,0xEFE3,0x00D2,0x121D,0x1527,0x126A,
    0x14E7,0xFDA7,0xF2A3,0x04BE,0xFEB4,0xF737,0xF4A4,0xEE65,0xEC5F,0xFCFF,0xF96B,0xF9F7,0x0375,0x0178,0xF3B9,0x0962,
    0x18B0,0xFFB2,0x059E,0x0468,0xFDCC,0x11A5,0x15F0,0x013E,0xFF16,0xF90E,0xEE0E,0xF0AB,0xF4A1,0xE840,0xEE25,0xF366,
    0xF4EE,0x0173,0x0ABB,0xFF07,0x03FA,0x1C77,0x17B7,0x1186,0x0A7B,0xFED1,0xF1E9,0xEE9C,0xF81D,0xF89D,0x01DA,0xFEE9,
    0xEA9C,0xE841,0xF82B,0xF592,0x04A3,0x0D03,0xF83D,0xFEE7,0x1179,0x04AE,0x0642,0x19BC,0x051D,0x0903,0x2665,0x02E9,
    0xF6CD,0xFD66,0xE6F8,0xEC90,0xF7C1,0xEFB0,0xFD1F,0x06F6,0xF693,0xFB3B,0x11E2,0x0AA8,0x0051,0x1615,0x156E,0x0871,
    0x11F8,0xFA71,0xEB18,0xED8A,0xF178,0xEE94,0xFAC6,0xF816,0xEE09,0xF081,0xFE95,0x03A4,0x089F,0x1326,0x01D2,0x002E,
    0x153A,0x0C44,0x0A2E,0x1879,0x062E,0xF4C2,0x096A,0x09E6,0xF71B,0x04C8,0xF86B,0xDFF7,0x07FC,0x0943,0xF656,0x0320,
    0xF70D,0xEC5B,0x0A23,0x0C02,0x0A61,0x171E,0x092B,0xFA8F,0x09B9,0x075E,0xDE90,0xE607,0xF56D,0xF12B,0x034E,0x11C0,
    0x03F9,0xF79C,0x01F8,0x0397,0x034B,0x1131,0xFB75,0xECCD,0x0456,0x08E3,0x0577,0x0080,0xF4EE,0xF447,0x03D9,0x177E,
    0x0616,0xFE05,0x035E,0xE885,0xF2AE,0x1C91,0x0611,0x0151,0x09A1,0xFA00,0xFF6E,0x122D,0x013C,0xF2A8,0xFBB4,0xFA0B,
    0x065D,0x1640,0x0528,0xE959,0xF8BD,0xF7AF,0xF7F3,0x1684,0x0962,0xF826,0xECBB,0xF35E,0x0967,0x0AB3,0x06D4,0xFCED,
    0xEE2B,0xFB20,0x0903,0x0C20,0x06A4,0xED49,0xF108,0xFF69,0x0DBD,0x084A,0xF49C,0xF799,0xEFEB,0x08D0,0x1BFD,0xFE0E,
    0xFCD3,0xFEB1,0xEED5,0x049E,0x1208,0xF8CC,0xF0C4,0xF7AC,0xF2F7,0x1527,0x1CB3,0xF128,0xEBFD,0x0011,0xFBC2,0x0D5E,
    0x14A6,0xF893,0xE986,0xF4EB,0xFE4A,0x05BE,0x0D53,0xF6D0,0xF08C,0x08B3,0x0AF2,0x09B7,0xFBD9,0xF2ED,0xF17F,0xFBFE,
    0x11E8,0x1EE5,0x0807,0xEB95,0xEF7B,0x00C2,0x0E01,0x091B,0x010F,0x066B,0xFB5B,0x0026,0x184A,0x0114,0xE6B1,0xFCEF,
    0x01B8,0x03FA,0x1831,0x0443,0xE22C,0xF5E5,0x02B6,0xFEC2,0x186E,0x079D,0xE46F,0xFEBC,0x0B91,0x0016,0x051C,0xFD5E,
    0xE768,0x01D8,0x13D7,0x02C9,0x082C,0xFFCA,0xE7DA,0xFEA2,0x0D09,0x065F,0x011C,0xF77A,0xEEB2,0xFCAA,0x0B94,0xFBF6,
    0xF3CB,0xF91E,0xFD35,0x0C79,0x0ADC,0x05B9,0xF791,0xEC86,0x03AD,0x0BEE,0x07E3,0x0DC0,0xEC47,0xF054,0x0A6E,0x037A,
    0x130B,0x1247,0xF2C8,0xEDB6,0x0C7C,0x07C3,0x009A,0x07CD,0xF1B9,0xEC5F,0x12F1,0x0FD4,0xF862,0xF9FD,0xE885,0xF1C7,
    0x0F45,0x09AC,0x08CC,0x08CC,0xF5C0,0xF44D,0x051C,0xFC01,0xFF46,0x01F0,0xF3F2,0xF457,0x0884,0x068F,0xF7E8,0xF3FB,
    0xFCF4,0x0A82,0x083F,0x0D20,0x0C03,0xE99B,0xF1EA,0x0BF6,0xFD9C,0xFD2F,0xFC93,0xF723,0x011E,0x0F7E,0x0478,0x05EB,
    0xFF5B,0xEE1B,0x08C4,0x15E6,0xFE52,0x05D1,0xFCB5,0xE39F,0x0331,0x0E80,0xFCEB,0xFDF3,0xFC2B,0xF7B2,0xF5B3,0x04ED,
    0x0261,0x018E,0xF858,0xF110,0x0416,0x0ABB,0x014B,0x0549,0xF61C,0xEA5F,0x0800,0x11CD,0x098F,0xFA9E,0xF9DD,0x0043,
    0xF4E3,0x041C,0x1333,0xFFD0,0xF84E,0x0321,0xFEDE,0xFA7F,0x0726,0x09D7,0xF839,0x04A5,0x04E7,0x01BE,0x0ED2,0xFEA9,
    0xFDC6,0x051F,0xEFF5,0xF5DC,0x0D7E,0xFB72,0xF184,0x0A38,0x060E,0xF7F6,0x010F,0x0684,0xFAC3,0x05E4,0x0968,0xF7B1,
    0xF2AD,0xF73F,0x0205,0x05EC,0xFD66,0x04B2,0xFF85,0xF68E,0xFD7E,0x05E9,0x0310,0xFBAC,0xFA79,0xFF61,0xFBDA,0xFC8D,
    0x0B77,0x04CB,0xF20E,0xF738,0x0B4C,0x006A,0xFFC7,0x08FB,0xFFD0,0xFA0F,0x0FA7,0x0BBD,0xFF53,0x013E,0x0237,0xFF2C,
    0x01DE,0x0350,0x0FC1,0x0505,0xF758,0x0447,0x06BA,0xF6E8,0x00DF,0x03C0,0xF95C,0x03AD,0x10A5,0x081F,0x026D,0xFEAA,
    0x00BD,0xFC29,0x008F,0x097A,0x0B21,0xF5D0,0xF037,0x0372,0x07EF,0xFFCB,0xFFB7,0xFF88,0xF7FE,0xEA97,0x03F4,0x0628,
    0xF9A3,0x0279,0x01C0,0xFE9C,0x056A,0x0102,0xF53B,0xF63F,0x00A5,0xFBD4,0x02EC,0xF9CB,0xF563,0xFCFD,0xFEB5,0xF7EE,
    0x0A23,0x0C30,0xE902,0xF342,0x0417,0xF249,0x0D36,0x1647,0xFD04,0xF639,0xFD7F,0xF77C,0x00B8,0x0915,0xFEEC,0xF511,
    0xF84A,0xFAA4,0x050D,0x066A,0xFF24,0xF9F7,0x03B5,0x0622,0xFD9F,0x001C,0xFF1C,0xF5E8,0xFF1E,0x0EB5,0xFCF5,0x00F7,
    0x07DD,0xF352,0xF1B9,0x1600,0x0706,0xF79A,0xFEA5,0x00F1,0x00C2,0x0EEA,0x0859,0xEDE4,0xFE97,0x0825,0x0186,0x19F8,
    0x05B6,0xEF43,0xFAD3,0x0B2C,0x0315,0x08D9,0x0BED,0xFC2B,0xFCA3,0x057A,0x0AF0,0x0FEE,0x0267,0xFA8F,0xF158,0xFC73,
    0x0CEC,0x08BB,0xFD1F,0xFD14,0xFD32,0x02DF,0x042F,0x04B3,0x05E8,0xFCF7,0xF086,0x043C,0x0CBE,0xF87A,0xF049,0xF953,
    0xEF01,0xFA18,0x1461,0xF7C4,0xE5DB,0xFD00,0xFA15,0xFE55,0x17C0,0x06A2,0xF4A7,0xFA00,0xF963,0x0116,0x0306,0x017C,
    0xF931,0x0441,0xFA71,0xFB53,0x0B07,0xF91F,0xEAAA,0x0778,0x0EE8,0xFAA7,0xFEA2,0x0518,0xF64B,0xFCA3,0x1210,0x097A,
    0x017B,0x0114,0xF98B,0xF9F0,0x0D80,0x1262,0xEE3A,0xF47D,0x07C5,0x06B4,0x07EA,0x070E,0xF858,0xF2E2,0x0318,0x0BF2,
    0x17E7,0xF5CA,0xF230,0x0485,0x06FE,0xF93C,0x0525,0x043B,0xE63C,0xFC90,0x124D,0x047B,0xFB43,0xFE6A,0xE6D8,0xFD45,
    0x1B1E,0xFCF7,0xEF4E,0xF890,0xFBF7,0x0035,0x180F,0xF76D,0xFA27,0xFE8F,0xF3A9,0x06A7,0x1576,0xFBA5,0xEFE5,0xFD54,
    0xFD52,0x0CAA,0x102D,0xFD10,0xF12E,0xFC70,0xFDFB,0x0544,0x0B17,0xFCCD,0xF75C,0xF61C,0x0456,0xFFE2,0xFF5E,0xF8B5,
    0xFEB1,0x04D0,0x04D0,0x09FB,0x010C,0x0161,0xE860,0xF5FA,0x135B,0x05B9,0xF9A6,0x0790,0xFD25,0xF014,0x12CC,0x071B,
    0xF0D1,0x05DB,0x0530,0xF5B0,0x0619,0x09A5,0xE651,0xFBFF,0x10CF,0x03E7,0x1286,0x1097,0xF19C,0xF5B7,0xFD0C,0xFC50,
    0x1097,0x0F71,0xF546,0x03D9,0x07FF,0xFB18,0xF494,0x0021,0xFA1D,0xF31C,0x04FF,0x0B94,0xFAC7,0x011C,0xF649,0xE47A,
    0x0C72,0x1763,0xFAFD,0xFF29,0x0161,0xEE36,0xEF71,0x1150,0x0947,0xF20E,0x01B3,0xFE91,0x016B,0x0FE4,0xF41D,0xE60F,
    0x0854,0x09BE,0x0143,0x1C4F,0xF0DE,0xE46F,0x01A3,0x022A,0x03EA,0x0754,0x01DB,0xF4FF,0x08C6,0x03CC,0xFE33,0x0DFC,
    0x0456,0xFC34,0x13F2,0x0900,0xFC2C,0x0A30,0xF8BA,0xFA4D,0x0FBF,0x1323,0x01C3,0x02D1,0xFE60,0xF184,0xFAF9,0x1350,
    0x0E19,0xF1D2,0x0250,0x098F,0xED71,0x0D46,0x0F62,0xDA28,0xFAB6,0x0D55,0xEF1E,0x0A16,0x1714,0xE733,0xDD68,0x1772,
    0x05FD,0xFA7A,0x08DE,0xEFD2,0xF51B,0x061D,0xFDB1,0xF91F,0xF2E7,0xE794,0xFED2,0x0A9B,0xFEBC,0x0132,0xFB2D,0xF315,
    0xFCC0,0x05D0,0x07BF,0x0F28,0xE7C1,0xE7BA,0x0A82,0x08C4,0x01B8,0xF8C0,0xF94F,0xF412,0x0685,0x097A,0x0C84,0xFEA4,
    0xE92F,0x0749,0x0A28,0x08AE,0x1723,0xFDB9,0xEA10,0xFD42,0x0C94,0x0690,0x1429,0xFB50,0xF0C4,0x0458,0x0C25,0x00CF,
    0x0564,0xFEE1,0xF558,0x09B5,0x10D5,0x0738,0xFB4E,0xFBE7,0xEC5C,0x0D75,0x19EC,0x06E2,0x0237,0xFECC,0xF457,0xFC0C,
    0xFE6A,0x09E9,0xFEDF,0xF556,0x0632,0x03ED,0x000E,0x0068,0xF472,0xF53D,0x016F,0x0F32,0x1153,0xFF73,0xEE1E,0xF7F3,
    0xFF7E,0x02B4,0xFFF4,0xFEFC,0xF710,0xFAE1,0x0DA5,0xF9B1,0xF66B,0xFF8A,0xF634,0xFF86,0x1625,0xFC06,0xFD8C,0x07C2,
    0xE70E,0xF07A,0x1534,0xFEF3,0xFAD3,0x0A65,0xF7B1,0xECB1,0x0613,0xFAF4,0xFBCD,0x04EB,0x0587,0xFD97,0x0B31,0xF4E9,
    0xEDAF,0x0092,0x033D,0xFF7E,0x140B,0x043C,0xECF5,0xFB70,0x067D,0x0A3B,0x0872,0x0B09,0xFAF3,0xF1C4,0x0765,0x09F9,
    0xF7F3,0x03B4,0x046B,0xF887,0x0B88,0x11A6,0xF5BD,0x0638,0xFFE0,0xF381,0x05BF,0x1677,0x021F,0x0092,0xFBD4,0xE87E,
    0x022A,0x0F67,0xFEC9,0xFA12,0xF8CC,0xF8BD,0x0244,0x0279,0xF777,0xFD00,0xF590,0xFA57,0x0C25,0x0350,0xFCF0,0xFF44,
    0x00C8,0x02DB,0x0483,0x0A8D,0x0353,0xF150,0xFBD1,0xF796,0xF342,0x0466,0x0C03,0xFB67,0xFDC6,0x1031,0x0358,0xFC90,
    0x07BF,0xF7F3,0xFC33,0x1370,0x0D45,0xFF34,0xF66B,0xF622,0xF88B,0xFD7A,0x1169,0x13AF,0x0132,0xEF96,0xF926,0x02DC,
    0xFEC9,0x05FE,0xFDF0,0xF6A6,0x0592,0x0859,0xFCBA,0x0058,0xFC24,0xF443,0x0109,0x05BE,0xFD3F,0xF6E3,0xFACE,0xFBE1,
    0xFAF4,0xFC9B,0x05CC,0x01E3,0xFE80,0x0306,0x03C7,0x02BC,0xFC46,0xF3C5,0xF433,0xFF1E,0x0234,0xFD2F,0xF59F,0xF99E,
    0x00D2,0x10C5,0x0849,0xF8E5,0xF8C5,0xF02D,0xF3A3,0x0B83,0x11EF,0x01BD,0x1023,0xFFA0,0xEC7E,0x06FE,0x055D,0xE5EA,
    0xF45F,0x02BC,0xFBB1,0x17E0,0x1958,0x0BC9,0x109C,0x0D5B,0xFBFA,0xFEC4,0xF61A,0xF3A8,0xFD72,0xFA05,0x015F,0x0FEE,
    0x010F,0xF5D7,0xF58E,0x0E39,0x1031,0x0481,0x1154,0x05F8,0xF917,0x08DE,0x1063,0x058E,0x0F25,0x0AAD,0xF70D,0x0476,
    0x039D,0xE560,0xF177,0xFAC4,0xE75C,0xF4E1,0x0ABA,0xF683,0xF806,0x07C7,0x0434,0x0B0A,0x1DB9,0x06B7,0xFBD2,0x09C7,
    0xFD18,0xF74F,0x092F,0xF34E,0xE409,0xF7AE,0xF1B2,0xEEEF,0x013F,0xF491,0xE7E1,0xF91E,0xFF01,0xFFF0,0x12A3,0x0C3F,
    0x045E,0x0E80,0x0F7F,0xFD84,0x00B5,0xFBBC,0xF9DE,0xF23E,0xF209,0xEBB5,0xEA94,0xEBE1,0xFBB2,0xFD22,0x0E59,0x0C9F,
    0x02CB,0x0DBA,0x149E,0x1204,0x10DD,0x0C54,0xFEEE,0xFA9B,0x05BB,0xF9D6,0xF12A,0xF710,0xE39E,0xE6BB,0x0AEA,0x013A,
    0xFAF9,0x099D,0xFB25,0xF934,0x15A1,0x0B34,0x0E61,0x1D94,0x1235,0xF946,0xFB50,0xF9EB,0x044F,0x0C2A,0x0744,0x083C,
    0x127A,0x02BC,0xEEEA,0xF88D,0xFE1D,0xFC64,0xFC02,0x050D,0x06EA,0xF75C,0xFD41,0xFC66,0xFF7B,0x05FE,0xFDE1,0xFB90,
    0x015B,0xFDC4,0xF150,0xF467,0xF604,0xF9F7,0x15D9,0x0FD4,0x024A,0x0B1D,0xFC83,0xE9A6,0xF89D,0xFA24,0xF703,0x042B,
    0x0818,0xFAD6,0x0ED8,0x13BF,0xF568,0xEF6E,0x06EC,0xFF11,0x0424,0x0B5B,0xEFB3,0xECEB,0x0265,0x0372,0x0325,0x14A3,
    0x044C,0xF3DE,0x0565,0x0965,0xFBB5,0x0F97,0x0490,0xEF09,0x045E,0x06BF,0xEC2E,0xFBEF,0x029F,0xF16F,0x073E,0x1235,
    0xFF1C,0xF92E,0xFB6D,0xFB20,0x05DE,0x0CEB,0xFA02,0xFD35,0x0CBF,0xFA42,0xF510,0x06FF,0xF663,0xF17F,0x00A5,0x0046,
    0xFEB7,0x0E61,0xFFC0,0xE460,0xFF95,0x0BBB,0xF791,0x0227,0x063D,0xF46D,0xFA12,0x02FB,0xFCE2,0x048D,0x0975,0xFAD4,
    0x000C,0x07C0,0xFA18,0x0597,0x0427,0xEAAA,0x0313,0x0E51,0xFA42,0xFA57,0x00A5,0xF44D,0xFA79,0x0CF3,0x02AF,0xF598,
    0x0BDB,0x0D06,0xFC29,0x0839,0x01EA,0xEDAB,0x04CE,0x10F7,0x01D3,0xF93B,0xF9DA,0xF79E,0xFCDF,0x0DB8,0xF9BB,0xFDFD,
    0x0A5B,0xF0F8,0x0792,0x1BCB,0xFD2F,0xF1AA,0x0173,0xF35C,0xFEB4,0x1D9A,0x0BD5,0xEDA6,0xF7D9,0xF0E6,0xF11B,0x1945,
    0x1144,0xF19F,0xF1AA,0xFC48,0x0424,0x0C74,0x0D33,0xF447,0xF7FE,0x0041,0xFE05,0x09EF,0x063D,0xEBB2,0xEF89,0x078D,
    0x1013,0x082C,0x0530,0xFAE3,0xEAFC,0xFA79,0x0BC1,0x00EF,0x0D1B,0x02C4,0xEE97,0xFCE2,0x0786,0x023D,0xFD21,0xFCAD,
    0xF148,0x0645,0x1163,0xF860,0x0597,0x045C,0xEAA6,0x07D5,0x1A65,0xF440,0xF676,0x0BBD,0xF592,0xF550,0x0E4B,0xFF3E,
    0xF1B5,0x0C5A,0x056A,0xFC4C,0xFD15,0xF3B3,0xFD4C,0x0A61,0x09C9,0x0451,0x09A2,0xF175,0xEC78,0x008F,0x07E5,0x00A0,
    0x0496,0x01BB,0xF2DA,0x041F,0x19AA,0x03E7,0xF1AD,0xF94C,0xF820,0xF9E8,0x1687,0x14CF,0xEDD4,0xF4CC,0xF811,0xFB1B,
    0x0FAC,0x08F3,0xF68E,0x0675,0xFE7C,0xFA62,0x1173,0x028A,0xE74D,0xFBF2,0x08BC,0xF48F,0x0A82,0x1060,0xF14A,0xF2DF,
    0x06E6,0x0024,0xFDC6,0x06DC,0xFBAF,0xFA2C,0x067C,0x072C,0x07B3,0xFE0E,0xF90C,0xFBF2,0x0048,0xF94C,0xFA69,0xFF2B,
    0xF7D4,0xFC66,0x1385,0x107B,0xF3A4,0xF6D5,0x06C4,0xFD61,0x015B,0x1605,0xFBE2,0xF150,0x0C87,0x032E,0xEEFC,0xFDC4,
    0xFAD0,0xFCFD,0x0C10,0x0B59,0x0796,0x02A4,0xEFE2,0xF530,0x13AA,0x0B09,0xFAFE,0x09B9,0xF810,0xEB5B,0x1151,0x0ED0,
    0xF56A,0x0050,0xFD49,0xF683,0x066A,0x1480,0x039A,0xF693,0xF394,0x007B,0x0DAB,0x08A9,0x092A,0xFABC,0xEACE,0xF750,
    0x0B57,0x13FF,0x02A7,0xF46F,0x0259,0xFBA4,0xF447,0x04F3,0x059E,0xF45A,0xF95B,0x140F,0xFDD4,0xF357,0xFEE7,0xFC23,
    0xFC23,0x0401,0xFD91,0x071C,0xFAA4,0xF7B7,0x0AC0,0x073C,0xF112,0x02AF,0x03FA,0xEC8B,0xFE55,0x1B46,0xFF93,0xEFDB,
    0x0321,0xFE22,0xF887,0x0E5B,0x067C,0xF540,0xFA7A,0xF6CD,0xFB6D,0x09BF,0x0738,0xFCF8,0xFBA2,0xFE9F,0x0750,0x0CAA,
    0xFF11,0xF60D,0xFC14,0x0154,0x059B,0x032E,0xFDE8,0xF738,0xF2A2,0x09EB,0x0701,0xFB2A,0x0642,0x02E4,0xEA3F,0xFF06,
    0x0F08,0x01AE,0xF278,0x03E5,0x0373,0xFE6F,0x0503,0x03EC,0xFBD9,0xF4B2,0xFE6F,0x130E,0x0C4A,0xF1B1,0x00EA,0x0698,
    0xF3C6,0x0623,0x11DF,0xF76F,0xEFFA,0xF9EF,0xFE43,0x04C2,0x0309,0xFDDD,0x036B,0xF669,0x05D0,0x1C12,0xFC5E,0xE98E,
    0xFBD5,0x010C,0xFBEF,0x1016,0x0B5E,0xF691,0xF77F,0xFD83,0x0AC3,0x0709,0x00F2,0xFDE1,0xF405,0xF8F4,0x071B,0x0B3C,
    0xFDB8,0xFCEB,0xFE9D,0xFAAE,0xFB78,0x0039,0xFCBA,0xFC70,0xF814,0x05E9,0x0EA0,0xF89A,0x03F2,0x091E,0xEFC5,0x0320,
    0x18BE,0xF1B4,0xE994,0x0348,0xFB3E,0xFFE8,0x0F7C,0x0070,0xF831,0x014B,0x000B,0x06DC,0x0F94,0xF764,0xF5B5,0x06BC,
    0xFF96,0x02CF,0x0D01,0xF730,0xEBE5,0x0287,0x096C,0xFBDA,0x068F,0x10C4,0xFDE5,0xFD7C,0x0603,0xF6BD,0xFC01,0x02B9,
    0xFC2E,0xFD41,0x0C23,0x0DE9,0xFA9B,0x058E,0xF1A4,0xF398,0x1144,0xFC34,0xF821,0x0D31,0xFC91,0xF0B9,0x149E,0x0694,
    0xF3A1,0x059B,0x02D1,0xF960,0x08C1,0x081C,0xF005,0xFD86,0x009B,0xF44A,0x10CF,0xF9B0,0xEA1F,0xFF58,0xFDB4,0x0102,
    0x0CCB,0x063D,0xFA02,0xFAF6,0x07D5,0xFBF4,0xFA4F,0x0C05,0xFD9F,0xF087,0x03C7,0x1062,0xFE26,0xE94C,0x09BE,0xFB18,
    0xECF0,0x0D29,0x0C72,0xF964,0xFB0B,0x0C79,0x00D8,0xF97B,0xFA14,0xFF51,0x0F81,0xFC89,0xFC40,0x019B,0xFF3B,0xF9A9,
    0x0DF5,0xFF04,0xF2CD,0xFFCD,0xFBF4,0xFBBD,0x04FA,0x0749,0xF4E4,0x000C,0x0F12,0x0149,0xFE05,0x02BB,0x03AF,0xF0A9,
    0x00FD,0x08D8,0xFDE9,0xFA64,0x0DB7,0xFEC1,0xEC5E,0xFB2A,0xFA07,0xFFE7,0x0CC7,0x070E,0xF6F0,0xF80B,0x077E,0x033D,
    0x01A8,0x04FF,0x012F,0xFC2F,0xF88A,0x0306,0x0C7D,0xF455,0x0406,0x052A,0xF9DA,0x02C6,0x032E,0xF163,0xF893,0x1A26,
    0x01C1,0xEF93,0x0271,0x0887,0xF2F0,0xFF6D,0x1E11,0x0078,0xEF6C,0xF7F3,0x0A69,0x00BF,0x0463,0x09FF,0xEB9A,0xEFD7,
    0x060D,0x0375,0xFD74,0x01DB,0xFAD3,0xF875,0x0A68,0x122D,0xFE13,0xF631,0x02E9,0xFBBC,0xF28A,0x0610,0x0F6A,0xF31A,
    0xF34C,0x0B56,0x08F6,0x01EE,0x07B8,0xF814,0xF30C,0x05F3,0xFDB4,0x036B,0x1094,0xFD08,0xFD61,0x09A2,0xFC79,0x011E,
    0xF9F2,0xF2F5,0x002E,0x040F,0x0635,0x0610,0x0586,0xE80F,0xEFE2,0x122C,0x0072,0x0009,0x0761,0x0196,0x08F0,0x0421,
    0x00B0,0x0512,0xF8B8,0xFC11,0x05EB,0x03B8,0xF986,0xFD37,0xFD79,0xF8FE,0x0E22,0x0BD9,0xFB5B,0xF201,0xF36E,0x0665,
    0xFF19,0xFD2C,0x12FE,0xF622,0xE28B,0x08C8,0x086F,0xF2AB,0x04BE,0x0CC1,0xE83E,0xFB33,0x1F57,0xFF82,0xFC4B,0x1411,
    0xF0C3,0xE767,0x136A,0x08B3,0xFF63,0xFB87,0xFABF,0x0297,0xFC75,0x0B90,0xFF92,0xF319,0x0554,0x08D5,0xFD37,0x0134,
    0x0311,0xFABF,0xFBD5,0x04BA,0x0C06,0xF265,0xF54E,0x0051,0xFE2B,0x0A03,0x06D5,0x0184,0xF8C8,0x018B,0x0D7B,0xFC90,
    0x00E7,0x0856,0xF568,0xED8F,0x196D,0x130D,0xF0EE,0x1228,0xF8BD,0xE7B4,0x0BA3,0x0928,0x04B5,0x02FC,0x03B0,0xF39C,
    0xFAB7,0x0716,0xF9D0,0xFCFA,0x03B0,0xFA41,0x0F3F,0x13D6,0xF41E,0xFF75,0xFEC9,0xFB21,0x043F,0xFBF6,0xFCFD,0xF723,
    0xFAD9,0x0987,0x097F,0xF24B,0x00AA,0xFF2E,0xF72D,0x05CC,0x041C,0xFEEA,0xF0B8,0xF8F5,0x04A3,0x0193,0x0842,0x08B1,
    0xF4E9,0xE8D4,0x04CE,0x1542,0xFACC,0xFA37,0x05BC,0xE909,0xFF8B,0x1B39,0xF639,0xF42A,0x08AE,0xEE42,0xF1C5,0x2257,
    0x0252,0xECD0,0x0CB7,0xFF4B,0xECBD,0x01B3,0x063D,0xF752,0xFD49,0x078B,0xFF0B,0xFA67,0xFF98,0x09E7,0xFC39,0xF961,
    0x065D,0x0633,0xFB52,0xFAAB,0xFF95,0x082C,0x001E,0x01A1,0x0493,0xFD18,0xF8CC,0x0765,0x0CE4,0x03C7,0x0196,0xFCB8,
    0xFF51,0x121F,0xFF9B,0xED82,0xFEDF,0x00E2,0xF54B,0x147D,0x0DBC,0xF1CE,0xFEFF,0x0082,0xF18D,0x037F,0x1394,0xFDB6,
    0x0289,0x0446,0xF5CC,0x013E,0xFC07,0xF45C,0x0262,0x05F9,0xF7EB,0xFF88,0x06F7,0xF4CA,0xF718,0x12C4,0xFE35,0xE90D,
    0x089B,0x070C,0xF1E1,0xFCBD,0x11CE,0xFAF4,0xF639,0x0EC3,0xFE7C,0xF97C,0x1362,0x0320,0xEBEC,0x022A,0x07F5,0x000C,
    0x0B59,0x0459,0xEFF5,0xF36C,0x0126,0x02D7,0xFCBA,0x0325,0x0A36,0x00F1,0xFDE6,0x0485,0x02AA,0xF7E1,0xF91F,0x0BDE,
    0xFA8C,0xF6EE,0x0A50,0xFD6E,0xF0E6,0x0B34,0x0A11,0xFCF8,0x06AD,0x02B1,0xF118,0x02CB,0x0F8E,0xFC1C,0xFA8F,0x0C02,
    0x01DB,0xFDEB,0x05F8,0xF860,0xF238,0xFC69,0x0117,0x0778,0x08FB,0xF90E,0xEF8B,0x05B6,0x0668,0xFED4,0x0B1C,0x1183,
    0xFD04,0xFB60,0xFF9A,0xF305,0xF4F3,0xF61F,0xE642,0xF482,0x0EFD,0x0E89,0x0CFE,0x149B,0x0217,0xFF2E,0x13C7,0x0A8B,
    0xEED4,0xF875,0xF9B3,0xF10D,0xF8EC,0xFC37,0xF136,0xFA6C,0xFDDD,0xFE00,0xFCFD,0x047C,0x0340,0x0B01,0x1426,0x19E7,
    0x1741,0x0F1A,0x01DE,0xFD0D,0xF63A,0xFFC7,0x00C4,0xEAF1,0xE0C1,0xF91A,0xF4FC,0xEE2E,0xF9AE,0xFC95,0xFF71,0x0A1C,
    0x14D2,0x182F,0x15BC,0x0E70,0xFC43,0xF995,0x04C0,0x04BA,0xFB5A,0xFB9A,0xF825,0xF367,0xF998,0xF936,0xF027,0xF383,
    0xF5A7,0xF17A,0xFE95,0x077D,0x02A1,0x0E3B,0x1186,0x0CF1,0x111F,0x06BD,0xFCDA,0xFFA5,0x006A,0xF27E,0xF510,0xF2BB,
    0xDEAD,0xF08C,0x083D,0xF946,0xFFDF,0x061B,0xFA8F,0x0E49,0x272D,0x1918,0x0E68,0x0E91,0xFF98,0xF5CF,0xFC9D,0xFC4B,
    0xFB1B,0xF418,0xEBF5,0xEB10,0xF62C,0xEB66,0xECD0,0x001C,0x08ED,0xFFF2,0x0E32,0x100E,0x06BD,0x05F3,0x1173,0x0470,
    0x03A0,0x0EC0,0x04B5,0xF36B,0x0393,0x024F,0xFBE9,0x01AE,0xF586,0xED15,0x02AE,0xFEA7,0xE886,0xFF6B,0x070E,0xFF20,
    0x15B3,0x158F,0x0220,0x017C,0xFCCB,0xF800,0x02F9,0xF9D3,0xEE13,0xFAEB,0x0126,0xFF40,0x0AED,0x0FEB,0xFA2D,0xFE37,
    0xFF41,0xFED2,0x0481,0xFFC3,0xF3C6,0xFC85,0x09C4,0x0B74,0x04F0,0x0834,0xFF0C,0xF319,0xF63E,0xFB4E,0xF8A8,0x01DA,
    0x0234,0xFE60,0x0C4F,0x0F9E,0xFF48,0xFDBC,0x0A56,0xFA47,0xFC83,0x08A6,0xFA8C,0xF3AB,0x0D3D,0x0296,0xF91C,0x0E6C,
    0x02CF,0xF31C,0x0252,0xFB3A,0xFFC0,0x1564,0x04C2,0xEC5F,0xFB98,0x041F,0x0157,0x0894,0x04FF,0xFB5A,0xFFC2,0x032E,
    0x0105,0xFC0A,0xFCED,0xFE7D,0xFC83,0x0366,0xF734,0xF18F,0x0594,0x0D66,0xFB63,0xF939,0x00EA,0xF49A,0xF835,0x1008,
    0x03A4,0xFC19,0x01F8,0xF538,0xED1C,0x09BC,0x0AAB,0xFAFB,0x0470,0x02D4,0xFA30,0x05CC,0x134A,0x05FE,0xFE1B,0xF9B6,
    0xEFE3,0x00B8,0x069C,0x029E,0x01B0,0x089F,0x0ADA,0xFB48,0xF5A5,0x01AE,0x04D2,0xF9EB,0x024A,0xFE50,0xEE0B,0xF993,
    0x05FB,0x0727,0x0994,0x06B9,0xFBA4,0xF5ED,0xF1F9,0xFE9A,0x1171,0x03A7,0xF250,0x0323,0xF89D,0xF916,0x03CD,0x0004,
    0xF576,0xFA2D,0x019E,0x072F,0x09E7,0xFB18,0xF3C0,0xF963,0xFA17,0x0920,0x0486,0xF737,0xF2FC,0x02AA,0x06C5,0x064B,
    0x0C3F,0x029A,0xF41A,0x01FD,0x0AD7,0x0768,0xFEC2,0x0758,0x0615,0xFA3C,0x07A0,0x1156,0x01B0,0xF454,0xF2E5,0xF41A,
    0x03C4,0x1729,0x052C,0xF65C,0x0070,0xF1F1,0x01D6,0x14A2,0xFA18,0xF34E,0x0188,0xF67C,0x02E4,0x1D3D,0xFD4E,0xEB5B,
    0x05E8,0x034B,0xF72F,0x0B1A,0xFF86,0xF400,0x09C9,0x0A86,0x00ED,0xF9F0,0xF4AC,0xF860,0xFFF0,0x06FF,0x0ADC,0x0319,
    0xF809,0xF8BC,0x055D,0x0A36,0xFA74,0xF361,0xFF5B,0xFEC2,0xFB53,0x0E83,0x07B8,0xE435,0xF833,0x0F6D,0x018B,0x0736,
    0x0B21,0xE9A4,0xE8BF,0x03C2,0x0471,0x06EC,0x053F,0xF4BF,0xF285,0x0051,0x0424,0x0A3B,0x031B,0xF637,0x036F,0x09AC,
    0x0109,0x0891,0x038F,0xEB65,0xF937,0x0CB1,0x0421,0xFF4B,0x0913,0xFEE1,0xF2AD,0x03F4,0x0000,0xFD4E,0x019B,0xFDD6,
    0xFAE8,0x05C1,0x0E46,0xFBB4,0xEE52,0xFE4D,0xFE22,0xFE57,0x050C,0x01CD,0xF8CD,0x05F9,0x00DC,0x0030,0x10E4,0x08FD,
    0xECDB,0x00D4,0x0CC2,0xF680,0xFE5A,0x09E9,0xF28E,0xF947,0x0D53,0x052D,0x02F4,0x03ED,0xFBAD,0x01C8,0x01D0,0xF7F9,
    0x0070,0x087B,0xF4F6,0x0272,0x0995,0xF30F,0xF639,0x0C8D,0x0289,0x00D7,0x0EA1,0x067A,0xEF71,0xF9DA,0x0C3A,0x05F0,
    0xF8B0,0xFDD3,0xF90A,0xF185,0x0030,0x098A,0x09D4,0x062B,0xFB3A,0xFF55,0x009F,0xF582,0x0217,0x0F9F,0xF49F,0xEFFF,
    0x15CD,0x0618,0xE51B,0x0315,0x1199,0xF5EC,0x0267,0x11EF,0xF799,0xFAF8,0x0962,0xFAF0,0xF6AB,0x044F,0x0102,0xFB9F,
    0x0368,0x025A,0x0508,0xFE0D,0xF83E,0x04A6,0x0897,0xF831,0xFBDA,0x0750,0xFD7F,0xF6D1,0x06BC,0x0B64,0x02D4,0xFFB8,
    0x04D0,0xFAD6,0xF9E0,0xFED2,0x03AA,0xFFE8,0xFB30,0xFE88,0x0984,0xF931,0xF3C6,0x05FD,0x0060,0xF934,0x07B5,0x07E2,
    0xEDD1,0xFADE,0x1535,0xFD5E,0xF7FC,0x0CAC,0x02BE,0xF0AF,0x092F,0x0643,0xF48F,0xF9DB,0x0930,0x0202,0xFDF3,0xFDB1,
    0xFCB2,0xFE1B,0xFB90,0xFC2F,0x0682,0x002B,0xF5FF,0x0265,0x050C,0xFDC8,0x0A9A,0x056F,0xFA7C,0xF852,0xFE84,0x04D3,
    0xFCF2,0xFB52,0x0101,0x02B1,0xFF68,0x02A1,0x0DF2,0xF9AE,0xEE2B,0x0633,0x1269,0xF89A,0xFABB,0x05B7,0xF654,0xFBA0,
    0x1547,0x0646,0xEDC1,0xFADE,0x0194,0xF51E,0xFE26,0x0BE0,0xFF5B,0xF53B,0x0879,0x0287,0xFCE5,0x08E5,0xFC60,0xF48C,
    0xFECC,0xF97C,0x0789,0x17F7,0xF49D,0xF19D,0x0D48,0xF7F6,0xF43F,0x0C28,0xF970,0xED6C,0x0FEC,0x05E1,0xFC60,0x09D9,
    0xF8B2,0xEE40,0x0805,0x0701,0x02A9,0x01F2,0xF427,0xFD57,0x1008,0x06AC,0xFF40,0x03B4,0xF804,0xFA35,0x05AB,0x0582,
    0x04BB,0xF96E,0xFB10,0xFCCF,0xFEEA,0x0B21,0x08B3,0xEA08,0xF269,0x1286,0x0D30,0xFF56,0x028C,0xF65F,0xF813,0x0480,
    0xFE6D,0xFF69,0xFEA5,0xF0E6,0x041F,0x12E6,0x060E,0x03DC,0x0050,0xE969,0xF781,0x1485,0xFC26,0xFA0A,0x072E,0xEE20,
    0xFE8F,0x11B5,0x0BCB,0x0B2A,0xF964,0xEE3E,0x08AE,0x0B64,0xFCB3,0x087E,0x032E,0xED0A,0xFCD7,0x0D35,0xF8C5,0xF3FE,
    0xFA03,0x0058,0x02F1,0x0D1B,0x116E,0xFB8A,0xF52E,0x00BD,0xFF75,0xFC78,0x08F6,0xFDC0,0xF64E,0x09F7,0x07F4,0xFFF2,
    0x0A0B,0xF467,0xEEF7,0x0D80,0xFA2A,0xFBA2,0x0F55,0xF261,0xE46F,0x12E4,0x0BDE,0xFAD0,0x0DA3,0xFEA2,0xF3CB,0x0984,
    0x0479,0xFF51,0x0D03,0xFC60,0xF236,0x0987,0x0336,0xF4C1,0x0849,0xF241,0xF093,0x190F,0x0945,0xFBCA,0x05E3,0x039D,
    0xF248,0x0B09,0x0815,0xEF59,0xEEC5,0x0938,0x11C6,0x006A,0x0615,0xF771,0xDE76,0x0500,0x21F0,0xF933,0xEE8F,0x02E4,
    0xF467,0xF87B,0x1773,0x04B2,0xED12,0x04AE,0xF5D8,0xF659,0x0E11,0x0839,0xF014,0x00F2,0x05D3,0xFE53,0x04DB,0xFC58,
    0x0085,0xFD7C,0xFBB7,0x07B5,0x07AD,0xFA1D,0xF45C,0x0739,0x0131,0xFEFF,0x07D3,0xFA6E,0xEFC0,0x0C03,0x0AB8,0xF791,
    0x01AB,0x01FD,0xE791,0xEE0D,0x0DD7,0x0975,0xFC06,0x0A68,0x0694,0xF6B6,0xFF38,0x0C5F,0xFDCE,0x0048,0x0267,0xF4EC,
    0xFE9C,0x07FF,0xFE58,0x0196,0xFE58,0xFF8B,0x004B,0xFC5E,0xF5A8,0x00CA,0x056A,0xFC44,0x0DE2,0x0014,0xE286,0xFFAB,
    0x0F2C,0xF718,0x011C,0x17E2,0xEA75,0xFCDB,0x17E5,0xF702,0x0382,0x0D73,0xF5BA,0xF19A,0x0DA8,0x0D70,0xF2E0,0x03CA,
    0x0248,0xF8E2,0xFF51,0x099F,0x0262,0xFF46,0xFC02,0xF56D,0x07BB,0x02F3,0xF07A,0xFA65,0x098C,0x0DFC,0x0449,0x022D,
    0xF9ED,0xFAD8,0x004E,0x0D29,0x0088,0x081F,0x035E,0xE90F,0x056E,0xFBC4,0xF8F7,0x1E63,0xF632,0xE6B1,0x107D,0x033B,
    0xEEAD,0x1571,0xFE4A,0xE7CC,0x0DE5,0x07DA,0xF1E9,0x04D3,0x089C,0xE5AA,0x0C1F,0x1F8C,0xEB3E,0x0576,0x057C,0xED5C,
    0xFF41,0x1807,0xF474,0xEB25,0x1205,0x0E56,0xF974,0xFDB8,0x0835,0xDF6E,0xF1A4,0x1893,0xFA03,0xFC4B,0x1112,0xF163,
    0xF100,0x2050,0x01B1,0xF286,0x0D3D,0xF735,0xE7BC,0x15FE,0x0BC6,0xF2BF,0x0781,0xFB35,0xF34C,0x0E53,0x039C,0xEA02,
    0x054F,0xFB36,0xF933,0x12B7,0x04D6,0xFE0A,0x0541,0xF396,0xFCAD,0x1C99,0x045C,0xF3C9,0x08D8,0x10D4,0xE944,0x0235,
    0x186B,0xE55C,0xF572,0x15AB,0x06DF,0xFD72,0x09B5,0xECC8,0xED42,0x1637,0x0FE9,0xFB4D,0xFD76,0xFA67,0xE8E8,0x021F,
    0x1305,0xF457,0xF6D5,0x10A4,0xFB0D,0xF52B,0x0FFE,0xFC8E,0xF62F,0x0C58,0xFD9C,0xFB30,0x0AEF,0xF8A8,0xF055,0x0AAD,
    0xFEB4,0xF916,0x04CA,0xFAC4,0x04B5,0x0761,0x0055,0xFA57,0xF7E8,0xF7CE,0xFEC7,0x0520,0xFF92,0x0F07,0xFF5B,0xEEB0,
    0xFEBF,0x0D16,0x080A,0x0793,0xFF4B,0xF293,0xF5D4,0xFAD8,0x0778,0x0545,0x039F,0x0C54,0xF157,0xFD31,0x116C,0xF78E,
    0xF379,0x0F97,0x0060,0xF3C1,0x10B7,0x0912,0xF047,0x0136,0x0E8B,0xFA14,0x0254,0x0C5F,0xEAAC,0xFC51,0x0D40,0xFED2,
    0xFC8E,0x004B,0xF75C,0xF835,0xFF09,0x0943,0x075E,0xF510,0xF9AE,0x0242,0x04ED,0x06F4,0x089E,0xFC1C,0xE9EA,0xF9F0,
    0x0545,0x096C,0x0756,0x0038,0xF732,0x0008,0x0DE4,0x02AE,0xFACC,0x0082,0xF980,0xF71A,0x02E9,0xFBEC,0xF422,0x012E,
    0x1026,0x01A8,0x02F3,0x1052,0xF835,0xEF48,0x0692,0x04DD,0xFB85,0x02DB,0x026F,0xF656,0x086E,0x048D,0xF255,0xFDF5,
    0xF50B,0xF1A9,0x0E2C,0x07C0,0xFA5C,0x0926,0xFE18,0xF745,0x085A,0x01F2,0xF46D,0xFAC4,0x0275,0xF79A,0xFFAF,0x0714,
    0xFC61,0xFA42,0x067A,0x01E3,0x0A93,0x0AEF,0xFBB1,0xFCD0,0x05E6,0x0296,0xF19C,0xF24C,0xF4E9,0xE725,0xFECE,0x1153,
    0x0473,0x0B2A,0x16B2,0x0BAB,0x0C27,0x0C18,0xFCA3,0xF1BD,0xF558,0xF2C3,0xF250,0x018E,0xF4CF,0xF901,0x0B29,0x01C6,
    0x01E5,0x1008,0x0B3C,0x0335,0x10EF,0x12C4,0x10AD,0x11CA,0x009B,0xF6C3,0xFC2F,0xF59A,0xF18A,0xF72A,0xE6B4,0xEA6A,
    0x00AF,0xF9EF,0xF8A2,0x05AF,0x023D,0x00EF,0x13E2,0x129F,0x086F,0x0871,0x0E99,0x0179,0xFA5A,0x0701,0xF762,0xF288,
    0xFA6F,0xF971,0xF197,0xFB58,0xF8B7,0xED08,0xFAB1,0x0441,0x0552,0x0F42,0x0800,0xFC39,0x0C2F,0x0AA5,0x08F9,0x1215,
    0x0975,0xFB05,0xFAFB,0xFA9B,0xEBD5,0xEDBB,0xF936,0xED9F,0xF663,0x0781,0xFCBD,0xFBE1,0x1322,0x0B52,0x08F5,0x10CD,
    0x0BAE,0x045C,0x0997,0x08DD,0xF4AF,0xF0F3,0xF420,0xEC78,0xF1A1,0xFA47,0xF566,0xF775,0xF559,0xF85B,0xFC7D,0xFF48,
    0x1311,0x101E,0x0DDA,0x063A,0x0488,0x0D0B,0xFED2,0xFAB4,0x0779,0xFF5D,0xFBDF,0x0449,0xFE6F,0xFA2A,0xFDB4,0xFD7F,
    0xFAAB,0xFE5D,0x07F4,0xFDE0,0x03B2,0x064B,0x0ACD,0x080A,0xFCA6,0x07E0,0x049B,0xF6A6,0xEFAE,0xED6C,0xF1F7,0x0A29,
    0x0060,0xF9C2,0x0711,0x06B4,0x05B7,0xFDE0,0xFFBB,0x04D5,0xFF4D,0xFA5A,0xFA4C,0xFC0E,0xFADB,0x01DA,0xF66C,0xF160,
    0x037F,0x07DF,0xFB36,0x0225,0xFA00,0xF810,0x0C28,0xFA5D,0x0490,0x1171,0xFAD6,0xFE9D,0x089F,0xF9DA,0xF2D3,0x0339,
    0xF73C,0xFCEF,0x120C,0x0A8D,0xFA42,0xFF96,0xF9C6,0xFBFA,0x092B,0x08D9,0x044F,0xFE4F,0xFF0F,0x0210,0xFDB9,0x0962,
    0x0460,0xF563,0xF885,0x0499,0x00EF,0xFF9E,0xFC98,0xF799,0x0372,0x0619,0x048E,0x05D0,0xFE74,0xF7CE,0x05A6,0x0709,
    0xFD69,0x0CC7,0x053A,0xEEF1,0x014E,0x0FEC,0x022F,0x0000,0xFC59,0xF3EB,0x0642,0x116B,0x0068,0xFFF7,0xFE1D,0xF0F0,
    0xFDE0,0x0B81,0xF90C,0xFAD3,0x028F,0xF7D3,0xFAC7,0x0269,0x01A8,0x016C,0x0ABF,0x06C2,0x03F9,0xFEBD,0xFC09,0x016E,
    0x018E,0x050D,0x0A49,0x00D0,0xF460,0xED10,0xFF1C,0x10E7,0x09BF,0xF720,0xF939,0xF243,0xF8FF,0x1160,0x0A50,0xF445,
    0xFD89,0xFC37,0xF099,0x0FF9,0x0E37,0xEE19,0xF286,0xF9D5,0xF821,0x039C,0x09E9,0xF65F,0xFB06,0x031D,0xFB98,0xFC76,
    0x03B7,0xFEC1,0xFEBD,0x05F6,0x03E4,0x0451,0x07D7,0xFCEA,0xFCDF,0x0A4D,0x134A,0xFCFD,0xF73C,0xFDDB,0xF94F,0xFD1D,
    0x0FE0,0x0325,0xF3D1,0x005E,0xFFC8,0xFA03,0x05C4,0x0499,0xFA4A,0x0416,0x087C,0x0167,0x0A83,0xFC83,0xF36E,0x07D0,
    0x0468,0xF986,0x037D,0x02FE,0xF8AF,0x0CA1,0x0EC1,0xEF75,0xFA3D,0x07F0,0xFDF0,0xFF20,0x0CBA,0xFEB5,0xF6BE,0xF435,
    0xF4B6,0x0154,0x068D,0x01C0,0xF698,0xEEF2,0xF916,0x09BA,0x0B90,0xFA45,0xFC8D,0xFA91,0xFF06,0x0076,0x011A,0x05E9,
    0xFC33,0xFB7B,0x07D7,0x08E1,0xF8B7,0x05C8,0xFE5A,0xF072,0x07AD,0x07CB,0xFC91,0xFB95,0x0424,0xFA4A,0x0779,0x0876,
    0xFD1A,0xFF80,0xF3E1,0xFC71,0x09DE,0x0776,0xFC70,0xFA9F,0xFBB5,0xFF92,0x0B86,0x0313,0x06A0,0xF25D,0xEF56,0x0306,
    0x0937,0x039D,0x0770,0x043E,0xF177,0x04A6,0x062B,0x0024,0x0B79,0xFBD7,0xF5E8,0x06B2,0x0584,0xF870,0x06EF,0xFBAA,
    0xF020,0x0972,0x0B02,0xFAF8,0x01A9,0x0D19,0xFB9F,0xF73C,0xFC86,0xF31F,0xFBEA,0x00E9,0x0392,0x0101,0x02BC,0xF846,
    0xF494,0x0478,0x052C,0x02F6,0x0A30,0xF820,0xE9A6,0x053D,0x0F59,0xF957,0xFAC3,0x02FE,0xF799,0xF8EA,0x1255,0x0ABA,
    0xF8E9,0x01FB,0xFF3E,0xFAE6,0xFEB5,0xFD9C,0x010D,0x028A,0x01B9,0x0559,0x0933,0xF72F,0xF499,0x0565,0x063A,0x05FE,
    0x0AAB,0xF8C2,0xEEA7,0x0A29,0x0D73,0x02BB,0x06C9,0xFD49,0xF8E7,0xFBD7,0x0D1E,0x0ADF,0xFDB4,0xF6FD,0xF54B,0xFBFF,
    0x02B7,0x05B7,0x0404,0xFD87,0xF5B5,0x0481,0x12EB,0x0473,0xFB01,0x0476,0x036F,0xF9B8,0x0422,0x0581,0xFE22,0xFDD8,
    0x064D,0x0189,0xF6B6,0x00CD,0xFEFE,0xF836,0x0483,0x0458,0xF9CB,0xFF9D,0x021A,0xFD0C,0x06F2,0xFD39,0xF998,0xFDB3,
    0xFAB7,0x00A5,0x0A6E,0x03E7,0xEEB8,0xFD8B,0x0230,0xEE18,0x03B4,0x0C72,0xF2EC,0xF371,0x0831,0x01BE,0xFA03,0x036F,
    0x03E4,0xF9E8,0xF88D,0x01F2,0x00B3,0xF7F4,0x03C0,0x0C25,0x09D4,0x0481,0xFDCC,0xFF21,0xFA12,0xF16B,0x06C4,0x16AD,
    0xFACC,0xF93F,0x039F,0xF6C1,0xFE9F,0x0D01,0xFF43,0xF717,0x01C9,0xFB95,0x07C2,0x0BD9,0xFBB7,0xF750,0x00FC,0xF65C,
    0xFC44,0x16A1,0xF73A,0xF728,0x0207,0xF907,0x02F0,0x0C10,0x0149,0xF38E,0xFF65,0x029A,0x0682,0xFEE4,0xF898,0x0169,
    0xFF6B,0x0098,0x0897,0x0630,0xF576,0xF506,0x0292,0x0476,0xFD5F,0x05E3,0x066D,0xF7A1,0xF9DB,0x09A2,0xFE67,0xFA64,
    0x08C0,0x017C,0xFDA4,0x0738,0xFF7E,0xF3C1,0xFD24,0x0A76,0x043B,0x0139,0x00AA,0xFA41,0xFDEB,0xFCC7,0xFFCA,0x05F3,
    0xFFCD,0xFE82,0x01F2,0x09B4,0xF367,0xF77F,0x0889,0xFFFD,0xFB9F,0x0C62,0x0AA8,0xF96B,0xFFBF,0xFF03,0xFD97,0x051C,
    0x01D6,0xFC78,0x02DF,0xFDD1,0xFBE1,0x0431,0xF60C,0xFC40,0x0234,0xFC41,0xF384,0x06AF,0xFFB0,0xF647,0x0653,0x065A,
    0xFC85,0xFE67,0x0EFA,0xFDE0,0xF0C3,0x00F1,0x02C7,0x034A,0x00C4,0x0889,0x02F1,0xFA8F,0x02EC,0x00F4,0xFE5F,0xFFEA,
    0x039F,0x084E,0x073B,0x1549,0xFF40,0xF504,0xF632,0x0181,0x00C2,0x00C0,0x1251,0xFE58,0xF086,0xFE4F,0x0AC3,0xF4E4,
    0xFDE3,0x0A95,0xFDED,0xFC79,0xFC56,0x03D4,0xF30F,0xFD52,0x01D3,0x05E6,0xFC31,0xFB60,0xF906,0xFA55,0x04B0,0xFD6A,
    0x006D,0xF5D2,0x0662,0xFD00,0xF75F,0x0146,0xF1FB,0xF6E3,0xFBE1,0x0547,0x0001,0xFF70,0xFDD1,0xFB5D,0xF875,0x0A28,
    0x0CBF,0xFCFA,0xFE40,0x0A75,0x056E,0x012E,0x0A26,0xFAF3,0x006E,0x0B3C,0x089C,0x05EC,0x0308,0xF11D,0xF7DC,0x1AA0,
    0xFDD1,0xF9A5,0x11E0,0xFE9D,0xEBBF,0x09EF,0x08A6,0xEB13,0xF9D6,0xFF14,0x00BD,0x0CD6,0x039A,0xEE65,0xE7E9,0xF266,
    0x0375,0x09AC,0x03A5,0xFC7B,0xFC81,0xF705,0xF70D,0x0E5B,0x0447,0xEF33,0x072C,0x0C2F,0xFA08,0xFF46,0x002C,0xFB3E,
    0xFCED,0x02CC,0x091E,0xFB6B,0x0049,0x039F,0xFDE6,0x0454,0x0323,0xFDD9,0x0424,0x0883,0x0318,0xFC49,0xFF43,0x0754,
    0xFB62,0x02F3,0x06E7,0x0985,0x12E9,0xEB29,0x01A6,0x0F89,0xF77D,0x075C,0x110E,0xFA7C,0xF8C8,0x12F9,0xF907,0x0A68,
    0x0DCD,0xEEF7,0xF1BF,0x0311,0x0A5E,0xFCF0,0x1284,0xF1D4,0xEBDA,0x0C95,0x0CFC,0x0DF9,0xFFE2,0xF0AE,0xF28E,0x0488,
    0x02B4,0x02E4,0xFC24,0x0913,0xFE0D,0xE7F9,0x0043,0x0761,0xF860,0xFA4F,0x063A,0xF422,0x0574,0x0972,0xF319,0x0080,
    0x03D9,0xF9B0,0xFB3A,0xFCD0,0xF840,0xF989,0x03AD,0x027C,0xF70F,0xF8AA,0xEDEC,0x0310,0xF970,0xF204,0x0B31,0xF803,
    0xF2A3,0x0018,0x0CA7,0xFF83,0x0535,0xF856,0xEB8D,0x034E,0x0AA8,0x0C60,0xF3B4,0x0020,0xF96B,0xFB4B,0x1807,0x0A0F,
    0xF192,0x0910,0x112C,0xF3E3,0x05A3,0x1FD0,0xFA30,0xE994,0x14CF,0x0709,0xEBD4,0x0978,0xFB50,0xF67B,0x0BF3,0x0643,
    0xFD87,0x1075,0xFD74,0xFA47,0x0E70,0x0DA0,0xFCC8,0x03FF,0x03F1,0xFE78,0x03A5,0x05E4,0x0348,0x0751,0x03E9,0xF465,
    0x0235,0x0749,0xFF59,0x07C8,0xF89B,0xFC50,0xFFF8,0x064D,0xFD9E,0x0028,0x0014,0xF7F8,0xFE58,0x0611,0xFD04,0xEFED,
    0x04D2,0xFEF6,0xFB65,0x0297,0xEE55,0xE947,0x03BA,0x0C5C,0xF4F9,0x023D,0x05A4,0xE694,0xF5A7,0x1478,0xF408,0xF423,
    0x0D88,0xED9C,0xF4A5,0x1883,0x0AA3,0xEF79,0x0D9D,0x069C,0xEFC5,0x0A65,0x007A,0xF47F,0x04F3,0x0424,0xFD7F,0x0829,
    0x0C18,0xF67E,0xF585,0x0610,0x012E,0x00E9,0x0BDD,0x0E1F,0xFE0B,0xFD51,0x0C95,0x0A53,0x0028,0xFD67,0x05A9,0x05F0,
    0x0DD0,0x0769,0xF8E9,0xFC76,0xF420,0x02F8,0xFD94,0xFBE2,0x0E2E,0xFC1C,0xEC1F,0x0DB4,0x0CFC,0xF11E,0xFAEB,0x02BC,
    0xF7D3,0xFBFA,0x0C6C,0xFACB,0xFB0D,0x0795,0xEF93,0x03B4,0x015C,0xE9FA,0xF885,0x0B4C,0xFAA9,0xF4FC,0x0CE7,0xFFBA,
    0xF873,0x0807,0xFE05,0xFBB2,0xFF5E,0xF70B,0xF290,0x0798,0x0B37,0xFA0A,0xFF23,0xFB87,0xF19D,0xFE91,0x09D9,0xFED2,
    0xFE74,0x033D,0xF92E,0x0630,0x06B2,0xFD7C,0x0670,0x0427,0xF7C6,0x025C,0x18C1,0xFD02,0xF3C0,0x0D33,0xF6FD,0xF6ED,
    0x1B90,0x0030,0xEBDA,0x11D5,0x048D,0xEF19,0x06B1,0x07E2,0xF4BF,0x0004,0x0FA1,0xFCC5,0x0330,0x15E0,0xF266,0xF1CE,
    0x0469,0xF5B8,0xF11D,0xFBCC,0x020A,0xFB55,0x0510,0x0EFD,0xF575,0xF50B,0x005D,0xF92C,0x0597,0x0DA2,0xFC33,0x05B3,
    0x0A0C,0xF68E,0xFDA3,0x0421,0xF462,0xF6F3,0xF7F1,0xF41B,0x03D4,0x104E,0x060B,0x09E2,0x12F8,0xFD89,0xF09C,0xF8FE,
    0xEAA2,0xED51,0x0505,0xF5C2,0x0010,0x1169,0x0ECD,0x0E9D,0x1121,0x125F,0xF921,0xFDC4,0xFD7A,0xF256,0x01FA,0xFE03,
    0xF83E,0xF856,0xFAEE,0xF601,0x0862,0x12DC,0xFC2B,0x095D,0x11CD,0x0A96,0x0B81,0x1204,0x0EBB,0x0329,0x0B39,0x0196,
    0xF403,0xFB21,0xF744,0xEF79,0xF38F,0xFDDD,0xF4BF,0xF73C,0x01C5,0xFAF3,0x0469,0x0D6D,0x08F0,0x0972,0x1146,0x0B73,
    0x08BB,0x092B,0xF545,0xF0C9,0xFD97,0xF437,0xEBD2,0x01DD,0xF377,0xF06E,0xF939,0xF75A,0xFCE0,0xFC19,0xFD72,0xFDC6,
    0x0974,0x07B2,0x0009,0x125A,0x0E89,0x00FF,0x0416,0x017E,0xEDD6,0xECA1,0xF427,0xECFD,0xF63A,0xEEC2,0xEEF4,0xF37C,
    0xFE65,0x066D,0x08F0,0x1557,0x0B17,0x050C,0x14F7,0x0872,0x027F,0x0321,0xFE1A,0xF683,0xF402,0xF74F,0xF071,0xF292,
    0xFFD8,0xF3B1,0xFA97,0x04B5,0x0B21,0x0E68,0x0F8A,0x0196,0x1691,0x1992,0x07D7,0x04BA,0x0D20,0x009A,0x052F,0x090E,
    0xFBCF,0xF37B,0xFEC9,0xFD2F,0xFDA9,0x0B77,0xF629,0xF2D8,0x007D,0xFC1B,0x0577,0x0ACB,0x0E12,0x01C9,0x0968,0x0252,
    0xF265,0xFBEC,0xF8FA,0xE89A,0xF48D,0x03C0,0x0685,0xFCDB,0x0817,0xFFED,0x051A,0x133A,0x01E3,0x02E9,0xFAF9,0xEAA4,
    0xF445,0xF9EA,0xFFD2,0xF7CE,0xFBC4,0xFD10,0xFE65,0x0D18,0xFCD8,0xF357,0xF44A,0xF112,0x03F9,0x08B8,0x03AA,0x005D,
    0xFCAD,0xFC4B,0x09A9,0x0E64,0x0041,0xF914,0x0346,0x0471,0x017B,0xFE95,0x0083,0xF066,0x0112,0x05DB,0x098A,0x0D38,
    0xFD61,0xEFB2,0xFF38,0x07AA,0x0800,0x01B9,0x065F,0xF592,0x003D,0x0C28,0xF5FA,0x0063,0x0657,0xF514,0xFF14,0x1544,
    0x1050,0xF5B7,0xFB70,0x02BB,0x013F,0x0675,0x0790,0x00C0,0xF858,0xFC23,0xFED6,0xFFCA,0x0751,0xF787,0xF5B8,0x0095,
    0x0586,0x0434,0xFF14,0xFAAB,0xEE2E,0x0373,0xFECE,0x005D,0x09AC,0xFA7F,0xFF39,0x0648,0xF5F2,0xF615,0x0439,0xFE43,
    0xFE4D,0x10F6,0x05C6,0xEAD3,0xFED4,0xF9C6,0x08D5,0x0F96,0x04E0,0xF806,0xF3D0,0xEDCC,0x03F1,0x133A,0x09E2,0xF3FE,
    0xF8DC,0xFF83,0xF72F,0x07C8,0x0E14,0xFEC9,0xED52,0x085A,0x09B5,0xFF3E,0x036A,0xFC91,0xE713,0x074B,0x0A9A,0xFC11,
    0x058C,0xFCF4,0xE065,0x0ADC,0x0B9C,0xFC80,0x0F84,0x073B,0xE870,0x05D8,0x1839,0xFCA5,0x010F,0x0B49,0xEB63,0x024A,
    0x10D2,0xFBCC,0xF8D2,0xFC8D,0xFB72,0x04B2,0x0B83,0xFACB,0xF0CE,0xF8F7,0x01BE,0x070B,0x0650,0x039D,0xF769,0xFD6E,
    0x03B8,0xFEEA,0x05F8,0x0789,0xFFBA,0xFF7D,0xFD93,0xF184,0xF84A,0x15DB,0x0724,0xF5F7,0x07B0,0xF9BE,0xEF19,0x0A50,
    0x0630,0x03A7,0x0680,0xFA7A,0xE86E,0xF5F9,0x04DB,0x1269,0x0EEB,0x04B5,0xE351,0xFC85,0xFA67,0xFD2F,0x122F,0x107F,
    0xEDDC,0xF416,0x028A,0x07DB,0xFD97,0x025F,0x03C9,0xF2D2,0x0600,0x0AFF,0x08F9,0x0392,0xFAB3,0xF3DD,0x0886,0x0D52,
    0x1173,0x0508,0x08AC,0xEE63,0xFC29,0x0C64,0xF5FF,0x05D8,0x12AB,0xF163,0xF2EC,0x0CE7,0xF758,0xF4C2,0x085C,0xFA27,
    0xF249,0x0E76,0x01C5,0xF508,0xFC48,0xFC09,0xFF61,0x1525,0xFF46,0xF6E8,0xFE1E,0xF8BA,0x01A1,0x15F5,0x088E,0xF0D1,
    0xFC8D,0x088E,0xF331,0xFBC9,0x0F47,0xF707,0xE5A6,0x053A,0x0DAD,0xF4B2,0xFE7F,0xFB4A,0xEB92,0x008D,0x0645,0xFC5E,
    0x05AE,0x0078,0xFB4E,0x0CEF,0xFD3D,0xF2AA,0x0856,0x097F,0xF059,0x13FF,0x12CC,0xEA25,0xFA7C,0x0C7C,0xF494,0x04DF,
    0x1040,0xFB38,0xF295,0xFF65,0x02CE,0x027A,0x0600,0x0380,0xFB43,0xF989,0x01BD,0x09C2,0x06E6,0xEFC5,0xF48A,0x06A5,
    0xFBE7,0xFF5B,0x03E1,0x0048,0xED25,0xFA91,0x0C10,0xF909,0xFFC0,0x13FC,0xF7CB,0xFBBC,0x1224,0x08B9,0xF1E2,0xFC64,
    0x0611,0x01C0,0x0BA9,0x00E0,0xEFFF,0x0A8E,0xFF19,0xFABC,0x19B6,0xFD0D,0xE937,0x068D,0xFCEA,0xEC17,0x029F,0x11C6,
    0xF1CA,0x009F,0x13CF,0xF489,0x01AD,0x0763,0xF23B,0xFC64,0x039A,0x06EA,0x13E1,0x08B9,0xF0DE,0xF1DF,0x0565,0xFF23,
    0x00A7,0x1305,0xFD67,0xECF5,0x0EDB,0x0EC8,0xEE3B,0x00F1,0x09FB,0xF253,0x056E,0x1748,0xF7AA,0xF5E7,0x07F5,0xF848,
    0x01BE,0x11BA,0xFC56,0xF723,0xFFD5,0xEE46,0x03F9,0x0E3C,0xF519,0xF986,0x06A7,0xF68B,0x03D2,0x1542,0xF2EF,0xE994,
    0x0804,0x0397,0xFDAE,0x0BB3,0x0BC3,0xEFB6,0xEB9A,0x09AF,0x0C58,0x0594,0x0409,0xFAEE,0xF9A5,0x0080,0xFDC9,0xFC83,
    0x057F,0xF858,0xF520,0x04A9,0xF959,0xF38C,0x0549,0xFF3E,0xEFF5,0x0C42,0x0905,0xEA3F,0xFFB5,0x0C15,0xFC3E,0x078B,
    0x00EC,0xEECC,0x007E,0x0B91,0x0242,0x06F4,0x0134,0xF4F4,0xF9D2,0x04AE,0x06B2,0x0E6B,0x01A8,0xE981,0xF538,0x0CD1,
    0x00C4,0x0166,0x05EC,0xF95B,0xFABB,0x0738,0x0372,0x082C,0xFE25,0xFAD6,0xFEA2,0x06B9,0x0DDF,0x08E8,0xFCF0,0xFFE4,
    0x0C4A,0x0B83,0x04A5,0xF0AE,0xE9BD,0x0BB3,0x0A49,0xFE6A,0x08A4,0xFBD1,0xF044,0x0414,0x0A24,0xF53B,0x05AF,0x04BD,
    0xEAE7,0x0502,0x0B1D,0xFB97,0x0215,0xF9A3,0xF261,0x029C,0x057E,0xFD2F,0xFF4E,0xFA0A,0xF539,0x0DE7,0x0DC8,0xF4BC,
    0x00E2,0x0793,0xFC58,0xFE97,0xFEF9,0xFD87,0xFA2C,0xFE80,0x0912,0x0BEE,0x0947,0xFAA9,0xF4AC,0xF990,0x0D63,0x06C7,
    0x03BA,0x07E0,0xF136,0xFA7E,0x080A,0xF821,0x0383,0x0824,0xF0D4,0xF8FF,0x1010,0xF223,0xF669,0x1488,0xED61,0xE99C,
    0x187C,0x097A,0xF3C5,0x0B8C,0x040E,0xF0E8,0xF989,0x04A5,0x0609,0xFAD3,0xFB7F,0xF757,0xFE1D,0x06AD,0xFE28,0xFE5F,
    0xF96B,0xF659,0x0844,0xFDF9,0xFF0F,0x05D8,0xEF31,0xF6C3,0x15D6,0x0A48,0xF8C5,0xECBD,0x0434,0x0727,0xFC06,0x1703,
    0xFE16,0xE595,0x108D,0x11A5,0xF371,0x003B,0x0A9D,0xEE42,0xFDD4,0x1BFA,0xFE55,0xE94F,0x0498,0xFEE2,0xFE8D,0x13A5,
    0xFF56,0xF688,0x059F,0x057E,0x0999,0xFF96,0xFD15,0xFCB8,0x0B59,0x00DA,0x01F2,0x0C8C,0xF5DF,0xF801,0x0A06,0xFD57,
    0x0547,0x0E36,0xFDD3,0xEF85,0x0C7F,0x0B84,0xF192,0xFD3C,0x0A0E,0xF88A,0xF9AE,0x06CD,0xFBE4,0xF293,0x0E16,0x07B6,
    0xE3FD,0x0A70,0x159E,0xEC3F,0x03D5,0x0A40,0xF308,0xF926,0x0F5F,0x037F,0xF1CC,0x0183,0x079A,0xFCAD,0xF8D5,0xFCCD,
    0x021B,0xFD2F,0x0277,0xFFB3,0xFD86,0xF723,0x02BB,0x01E8,0xFCCA,0x1368,0x0146,0xE939,0xFF29,0x0D70,0xFAF9,0xFEFF,
    0x08EE,0xF1EC,0xF2E2,0xFF41,0xFE70,0xFD49,0xF919,0x0230,0x01CE,0xFD6E,0x04E5,0x08AB,0x00C2,0xFA41,0xF3EB,0xFE2E,
    0x074E,0x0375,0x0663,0x0738,0x02D9,0xF7C3,0xF93C,0xF882,0xFBF2,0x0CDB,0x059F,0xFCEB,0xFA12,0xFB38,0xFD6C,0x01FD,
    0x1170,0xFFEA,0xF3C8,0xFC44,0x03B7,0x0FBE,0xFCDF,0x02FE,0x0814,0xEB6B,0xFA5F,0x1D7F,0xF94C,0xFD71,0x100D,0xE290,
    0xF67E,0x2018,0xFBA5,0xF0BB,0x10D9,0xFD05,0xE53B,0x1E93,0x1411,0xE52E,0xFE4F,0x0AE5,0xF585,0xF30D,0x0B64,0x02E1,
    0xF133,0xFCDA,0x09E2,0x01AE,0xF720,0x09D1,0xFEDA,0xFC4E,0x09DA,0x0141,0xFD00,0x0406,0xEBEC,0xFB13,0x0CE9,0x07FD,
    0x08D0,0xF325,0xFAE6,0x0E46,0x00E5,0x00AB,0xFCA2,0xFDA7,0xFAB4,0x0C5D,0x0C87,0xEFDA,0xFDA4,0x0918,0xEE6A,0x04F5,
    0x0E93,0xF2BF,0x0164,0x07FA,0xF396,0x08F9,0x0599,0xFD31,0xF9A8,0xF93F,0x0723,0xFEB5,0x0BA4,0x07DA,0xE75C,0xF9BA,
    0x15DE,0x0569,0xFABC,0x083C,0xEEC9,0xF2FF,0x0474,0x09EC,0x0719,0x0A07,0x0154,0xFA28,0xF1B9,0xFE1B,0x11C8,0x0018,
    0xF89A,0x046E,0x019B,0xFAD6,0x04F3,0x0BE5,0xFC91,0xF62C,0x062A,0x0018,0xFA28,0xFF3C,0xF443,0x00BF,0x07C2,0xFAC7,
    0x0073,0x007A,0xFB45,0xFFA3,0x039C,0x074C,0xFECA,0xF694,0xFD0C,0xFC9A,0xFF20,0x02CE,0xF680,0xFDDB,0x08F9,0xF9B3,
    0x0171,0x0C3F,0xF8C4,0xF29B,0x07B6,0xFE75,0xF612,0x0EC1,0x1163,0xED2C,0xFB3B,0x0716,0xF691,0xFBD1,0x0C8F,0x010A,
    0xFCA5,0x0CF4,0xFAC9,0xF642,0x0240,0xF6D3,0x0323,0x020D,0x07B5,0x08C0,0x0323,0xFB1B,0xFAA1,0x009D,0xF841,0xF990,
    0x0A7D,0xF94E,0xF843,0x104A,0x0392,0xFF75,0x0480,0xFC1B,0xFAB3,0x0AC2,0x0D98,0xF0D1,0xF65B,0x0C85,0xF381,0xFB72,
    0x1BA5,0xF452,0xF55B,0x06E4,0xF924,0xFB7A,0x071B,0x08AB,0xFB90,0x017E,0x06F1,0xF05A,0xF88A,0x026A,0x003B,0x1146,
    0x01B0,0x00B0,0x0567,0xF954,0xF978,0xFB9D,0xFFEF,0xFF66,0xF95E,0x00E9,0x0368,0x03F9,0x0398,0xF792,0xF433,0x08BE,
    0xFE97,0xF878,0x18C5,0x08F9,0xEEFC,0x0372,0x01AD,0xF4F3,0x0640,0x07E2,0xF437,0x02B7,0x0299,0xF872,0x0ED0,0x0BA6,
    0xF4EB,0xF947,0x051D,0xFC21,0x0724,0x092F,0xF5B3,0x0514,0xFE92,0xF41D,0x0191,0x02A7,0xF71D,0xFD77,0x053C,0x0300,
    0x0682,0x0964,0xFAA3,0xF5A7,0x0085,0xFBC4,0xF26D,0xF455,0xF487,0xF939,0x06C2,0x14BD,0x08B8,0x0DFA,0x129F,0x00D2,
    0x04BE,0x0272,0xF4A2,0xF04D,0xF5FD,0xF265,0xF725,0x03C9,0xFA24,0xFA42,0xFD2D,0xFAAB,0xFDC4,0x171C,0x1159,0xFF23,
    0x1612,0x1252,0xFEFC,0x10FF,0x06DF,0xEE92,0xF823,0x0129,0xF028,0xF75A,0xF980,0xE9E2,0xE4C7,0xFEA7,0x029A,0x015C,
    0x106A,0x064B,0x05F9,0x1407,0x1299,0x0DF9,0x0D35,0xFDB4,0xF85B,0xFAE3,0xF387,0xF6E0,0xFBDF,0xF723,0xEFC2,0xFDD1,
    0xFE9C,0xE9E5,0xF0AB,0xFB60,0xFD0D,0x166F,0x1ABF,0x0429,0x03A8,0x0A86,0x0366,0x0BA3,0x19AA,0x0028,0xEE62,0xF535,
    0xF04A,0xEEF1,0xF18D,0xF5D2,0xF556,0xF939,0x08B9,0x0FE0,0x17DA,0x14B8,0x073B,0x044F,0x15B1,0x0CB4,0xFE5A,0x0CD1,
    0x04AB,0xF4C2,0xF787,0xE8BA,0xE33A,0xF025,0xFAF8,0xFDC9,0x0225,0x0257,0xF7E1,0x0308,0x0926,0x033B,0x1F4A,0x14C5,
    0xFE38,0x0F2A,0x0524,0xFE91,0x071E,0xFFE8,0xF286,0xF856,0xF83D,0x04D3,0x011F,0xF393,0xF5F1,0xFC1F,0xFFD8,0x001E,
    0x0727,0x0BA0,0x02DB,0x030C,0xFBBD,0xF836,0x068C,0xFB32,0xF494,0xEE60,0xEE8C,0xFEE9,0xFF39,0x0A8B,0xFE2E,0x0336,
    0x0EFF,0x0FB9,0xFA37,0xF3A3,0x03B5,0xFA0F,0xF80B,0x0419,0xF28D,0xF890,0x0541,0x055D,0x0760,0x0319,0xFBA4,0xF9EA,
    0xFDF0,0xFCCD,0x02CB,0x0781,0xEFB0,0xF5B0,0x04FB,0x066A,0x080A,0x1222,0x0159,0xF60D,0xFC9B,0xFD44,0x06B9,0x04ED,
    0xF95E,0xFA45,0x00F7,0x000E,0xFC01,0xFDA7,0x06E2,0x02B1,0x0822,0x0B24,0xFF46,0x0143,0xFE8C,0xFFFA,0xF3CB,0xFAF0,
    0xFF58,0xFB5B,0x09EE,0x03A0,0xFBF2,0xFDFB,0xFD97,0xF67B,0xF981,0x050D,0xFC73,0x0866,0x0697,0xF55B,0xFC2E,0x00C5,
    0x025F,0x026D,0x0329,0xFDA7,0x0382,0x0792,0x040C,0x052D,0xFDF9,0xF049,0xF84D,0x0ACD,0x1180,0x0A38,0xFC44,0xF744,
    0xF377,0x018B,0x0C1A,0x099F,0x05C3,0xFFBB,0xFDDE,0xFCBB,0x01DD,0x001E,0xFE64,0xFDC0,0xFF24,0x077D,0x0A0E,0xFC23,
    0xF38E,0xF934,0x0045,0x07BD,0x0657,0xFD0A,0x008B,0x01B1,0xF97C,0xFB94,0x0358,0x0136,0xFBD7,0x01D6,0x0A14,0xFEA1,
    0xF2C3,0xEB00,0xFCBD,0x07D5,0x0026,0x03E4,0xFEAA,0xEE33,0xFAA7,0x051C,0x03CF,0x08C0,0x07BA,0xF8B5,0xF36F,0x0262,
    0x0A5D,0x08DD,0xFE4A,0xEC32,0xF9C6,0x127A,0x0F05,0xFDE6,0xFDD9,0xFAA4,0xF615,0x0346,0x14C5,0x08F0,0xFF41,0xF7F3,
    0xF014,0xFE60,0x0422,0xFD7E,0x0829,0x064B,0xFBC1,0x0190,0x06AF,0xEE4B,0xF143,0x0FFB,0x0ADC,0xFCA2,0x038F,0xF67C,
    0xF712,0x0EE0,0x0692,0xFC29,0x0535,0xF626,0xF862,0x0E46,0x0C75,0xF937,0xFC44,0xFA69,0xF327,0x0869,0x0F2D,0xFA94,
    0xFB5D,0xF9B1,0xFA51,0x0395,0x0038,0xF76F,0x02F1,0x04CE,0xF95B,0xF9B6,0x06FC,0xFEAA,0xFC78,0x06B5,0xFE16,0xF84A,
    0x07DF,0x02B7,0xF846,0x0339,0x0815,0xF656,0xFDE3,0x02BF,0xFB94,0xFE68,0x0244,0xFC39,0x0180,0x05BC,0x0176,0x0215,
    0xFF59,0xF909,0x0250,0x00CA,0xFB60,0x039D,0x0FD6,0xFABE,0xF829,0x0426,0xF56A,0x0049,0x1320,0x012E,0xF82B,0xFB67,
    0x00EF,0x041C,0x044B,0x00D7,0xFECE,0xFB75,0x0281,0x088C,0x0264,0xF740,0xFC91,0x038A,0xFF95,0x086C,0x0B41,0xF7CC,
    0xEF58,0xFAEE,0x09A5,0x075B,0x0552,0x0709,0xFFDF,0xF7E1,0x0126,0x054F,0xF86A,0xFEE4,0x0C6F,0x0690,0xFC2F,0xFF0C,
    0xF7E4,0xF586,0x0960,0x090D,0x02FC,0xFBEE,0xF322,0xFDAE,0xFDBE,0xFE7C,0x0775,0x04B0,0xF276,0xF85A,0x0D92,0x0680,
    0xFD32,0x0502,0xF957,0xEF2E,0x0247,0x0F89,0xFF3C,0xF4CC,0xFCBB,0x00E4,0xF619,0x020B,0x0B9C,0x016C,0xF81B,0xF83E,
    0xFEAC,0x026D,0xF956,0xFBCF,0x09BC,0x014F,0xF465,0x0889,0x040C,0xF007,0x02F6,0x17F4,0xFC2B,0xFB28,0x0690,0xF170,
    0xF9CA,0x0CA9,0x016B,0xFD84,0x0385,0xFD05,0xFC76,0x0CDC,0xFB32,0xFEC9,0x0A60,0xF6F2,0xFCB3,0x0F64,0xFC04,0xF78C,
    0x0A80,0xFE65,0xF9D2,0x0F42,0x05F3,0xED79,0xFB3D,0x0ECE,0xF9F5,0xF98D,0x0D5E,0x031B,0xF659,0x037A,0x0790,0xFF55,
    0xFE97,0x00C0,0xFDF0,0x052A,0x08D0,0x010C,0xFDF1,0xFA6F,0xF91A,0x0D48,0x073E,0xEE1E,0xFFFA,0x07D2,0xF4EC,0x0183,
    0x132D,0xF204,0xEE50,0x084A,0xFCF5,0x01E8,0x0BB1,0xF90C,0xEEBA,0xFE80,0x0AD0,0x050F,0xFA25,0xF366,0xFFA7,0x09F7,
    0x0443,0xFD72,0xFAB7,0xF427,0xF838,0x0BF2,0x0D72,0xFBEC,0xF3C3,0xFC51,0x0551,0xFEF9,0x098D,0x0886,0xEF16,0xF214,
    0x0BA9,0x04A9,0xFFB7,0x02F1,0xFE9C,0x01F2,0x0490,0x0935,0xFEB5,0xF418,0xFA61,0x096D,0x0E21,0xFDDD,0x00F4,0xFDD0,
    0xF2F7,0xFE6D,0x0D39,0x0289,0xFDA9,0x0942,0xFCEF,0xFEBF,0x0AF4,0xFD12,0xFA32,0xFDB1,0xFFD5,0x0424,0x0802,0xFA1C,
    0xF543,0xFFE0,0xFFDA,0x05DB,0x0D8A,0x0525,0xF1B5,0xFFCD,0x08E1,0xFFC2,0x0365,0x0460,0xF98D,0xF674,0x06FF,0x0FE6,
    0x01BD,0xF503,0x01B9,0x00E2,0xF810,0x04E2,0x03D2,0xFF11,0xF9A1,0x0040,0x0779,0xF684,0xF3B0,0x04C3,0xFF46,0xF8A5,
    0x111F,0x0740,0xE054,0xFD41,0x0E39,0xF578,0xFA10,0x0D68,0xF3FB,0xF128,0x0FF6,0x095D,0xFAE0,0xFDAE,0x004E,0xF87D,
    0xFCA0,0x05F9,0x003E,0xFE0E,0xF7FE,0xF99B,0x079D,0x07E5,0xFB8D,0xFB87,0xFF7D,0xF732,0xF77F,0x0C6C,0xFE8C,0xF5CD,
    0x0BA9,0x0B0C,0xF8AC,0x00F9,0x0070,0xF59D,0xF75D,0x0CE4,0x0F4C,0xF8D7,0xF825,0xFD37,0xFE6F,0x0719,0x0D14,0x05FE,
    0xF516,0xF229,0x0248,0x0A2C,0x011A,0xFB95,0x00ED,0x004D,0xFC24,0x076E,0x0958,0xFA22,0xF0E3,0x098F,0xFBC4,0xFF93,
    0x0AD0,0xFDD0,0xEFAB,0xF6E5,0x05B7,0x064D,0x0F00,0x03B2,0xFA6F,0xF951,0x0726,0x0393,0xF90A,0x0729,0x035D,0xF0AB,
    0x04BE,0x1380,0xF3FB,0xF9C6,0xFE1D,0x0724,0x0388,0x0493,0xFDF6,0xEDD9,0xF8BD,0x0804,0x0CE6,0xFF86,0x00BA,0xFB78,
    0xF7D7,0x0358,0x1300,0x0365,0xEE45,0xFC5B,0x02CC,0x0849,0x0A09,0xFCF8,0xEA08,0xF97C,0x103B,0x0835,0xFDC0,0xFE20,
    0xF2EF,0xF6B9,0x11CA,0x0A65,0xFE01,0xF20E,0xFE6D,0x0706,0xFFD4,0x08D1,0xFE03,0xF4E4,0xFB36,0x06BA,0xFD8E,0x03BC,
    0x0191,0xFB18,0xFC3B,0xF9DE,0x0B19,0xFE03,0xFF5D,0x01BE,0xFE9A,0xFF29,0x04B6,0x04E3,0xFAD3,0xFC2C,0xFDB4,0x03C5,
    0x08D1,0x0016,0xF60A,0xF9F3,0xFDB0,0x02D7,0x0CB9,0x0837,0xFBEE,0xF2C2,0x04BE,0x00C5,0xF7D6,0x0889,0x071F,0xFB28,
    0x04B6,0x01D6,0xF75F,0xFA84,0x0564,0xFC6D,0x014F,0x0C72,0x07CA,0xF1BA,0xF561,0x0984,0xFF01,0xFB57,0x0609,0x00E4,
    0x02C3,0xF300,0x0662,0x124A,0xF64C,0xEEBF,0x084A,0x096F,0xFF70,0x00A8,0xF7A7,0xF87A,0x03B5,0x023F,0x05E4,0x01E3,
    0x0842,0xF1D1,0xF64F,0x1707,0x0244,0xF3D9,0x093D,0xFBBC,0xF8C4,0x0825,0x0591,0xFD72,0xFB53,0x038F,0x0301,0xF83D,
    0x0F47,0xFE4D,0xF76C,0xFDD8,0xFAF8,0x0308,0x0734,0xFC68,0xFE4B,0x05BB,0xFC3C,0xFE6A,0xF582,0xF4C7,0x0B47,0xFDBC,
    0xFFDF,0x0342,0x0407,0x035E,0x016B,0x06CF,0xF4DE,0xFCCD,0x0325,0xF2D3,0x0275,0x0980,0xFEE6,0xF2B2,0xFBA5,0xFC80,
    0x1141,0x0768,0xFEFB,0x05F9,0xF7D1,0xF1CF,0xFB6A,0x0F48,0x05A1,0xFC46,0xFCD8,0x03D5,0xFCBE,0x022A,0x06B7,0x023A,
    0x0642,0xFCC8,0x03D1,0x007D,0xFFCF,0xFE87,0x0031,0xFD96,0xFE4F,0x0845,0x04CD,0xFB11,0xFB46,0x0E6C,0xFD0F,0xF71F,
    0x0C5C,0x004D,0xF9ED,0x098A,0x038A,0xF3FD,0xFA1A,0x08D3,0x0078,0xFB7F,0x0046,0xFE40,0xF005,0x011A,0x0F35,0x0388,
    0x05A9,0xFEB9,0xED0B,0xFA38,0xFA77,0x0429,0x090E,0xFCC7,0xF389,0xF9DB,0xFBA0,0x056F,0x1101,0xF21C,0xF693,0x0B3F,
    0x001C,0x0101,0x06B7,0xFA51,0xF23B,0x09B2,0x01A8,0xF6BE,0xFC19,0xFEC6,0xF384,0x0680,0x07F0,0xF959,0x0576,0x089B,
    0xF7AA,0x043C,0x04D2,0xF82E,0x06E9,0x01FB,0xF386,0x01DB,0x0CDE,0xF5E7,0xFCD3,0x0C3B,0x0960,0x0574,0x081F,0x0426,
    0xEFB5,0x02A2,0x0424,0xFF26,0xFD67,0x0426,0xFBF4,0xF3D9,0x13B5,0x066F,0xFAEB,0x035D,0xF6B9,0xF9D3,0x0A40,0x0B7C,
    0x00AF,0x002E,0xF559,0xFD3C,0x076E,0x071F,0x06D7,0xF63E,0xECCE,0xFA44,0x04EF,0x0109,0x056E,0x0999,0xF740,0xF42D,
    0x1461,0x02F0,0xEC4E,0x0C22,0x0488,0xEF3B,0x091D,0x0B7F,0xEC29,0xFB9F,0x0409,0xF2FC,0xFA72,0x0528,0xF8C0,0xFEB5,
    0x0CB1,0xFFB0,0xFB88,0xFC63,0xF4CC,0xFEAC,0x0DFF,0x07FA,0x00A3,0xFCB8,0xFA8F,0xFA10,0xFF6E,0x0F3D,0x0937,0xF5CC,
    0xFB84,0xFE94,0xFBCC,0x0908,0x0972,0x0684,0xFF63,0xF1BF,0x0161,0x06DE,0xFB40,0xFDFB,0xFDC0,0xF7AA,0x0363,0x0FC4,
    0xFEA2,0xFC8E,0x00EA,0xF41E,0x017C,0x13A4,0x01B9,0xFB9F,0x0A11,0xF883,0xF290,0xFF2B,0xFA47,0xEF39,0xF36B,0x05CC,
    0x0ADC,0x076E,0x06CF,0x0F17,0x0EC6,0x0E36,0x0EFB,0xF72B,0xE974,0xEBAF,0xE901,0xFC69,0xFF01,0xF684,0xF976,0x0024,
    0x0839,0x09CA,0x0DCC,0x0565,0x07EC,0x05C6,0x0AD4,0x12E3,0x0632,0xF80E,0xFD84,0x0815,0xF6A9,0xFE9A,0xFD56,0xE622,
    0xF300,0xF605,0xE8FC,0xFAB1,0x0018,0xFACC,0x05F8,0x11B2,0x1073,0x0E88,0x113B,0xFF2C,0xFFB7,0x14D0,0x01A0,0xFA92,
    0xFB57,0xF100,0xF36C,0xFA28,0xFCE3,0xF269,0xF6E6,0xF9F5,0xF4B1,0xFE57,0x08D6,0x024D,0x0D80,0x16B7,0x0A92,0x0BCD,
    0x1015,0x050A,0xEF9B,0xFAAE,0xFE5F,0xF259,0xF6EA,0xF244,0xEEA0,0x039C,0x030C,0xF7B2,0x06DC,0x034A,0xFD1A,0x15D1,
    0x18B3,0x0E49,0x0AE5,0x0697,0xF293,0xFF61,0x0AA3,0xE497,0xE53C,0xEFA0,0xE33A,0xF90E,0x0748,0xF981,0xFAF3,0x0416,
    0xFF4D,0x0C5A,0x1340,0x02BB,0x05EC,0x1A60,0x0BDB,0x0978,0x0FD6,0xFCE0,0xF8D9,0x0306,0x015B,0xFEE4,0xFC73,0xFB8D,
    0xF3EE,0xF487,0x0B86,0x070C,0x02B7,0x072B,0x0198,0x0132,0x0CD3,0x029E,0xF0AC,0xFC17,0xFC83,0xF60F,0x0377,0xF147,
    0xE8CD,0x0562,0xF8B4,0xF4CC,0x18D0,0x102B,0x06D1,0x0821,0x0434,0xFBB4,0xF7A6,0xFD5C,0xF219,0xF6C8,0x0373,0xFECA,
    0xF80B,0x0179,0x0303,0x0247,0x0B6E,0x0294,0x02C4,0x0181,0xFBEA,0xF632,0xF4E9,0x07B8,0xFEFF,0xF8AD,0x0320,0x061E,
    0x0D3E,0x004E,0xF64F,0x00AA,0x06B7,0xFD47,0x0486,0x09DA,0xF19C,0xEFDB,0x0D82,0xFFB8,0xFFF8,0x0F87,0xF174,0xE789,
    0x0586,0x06AF,0xFBBA,0x0741,0xFFA2,0xF5CA,0x0955,0x0567,0x01E6,0x0CB9,0xFDC9,0xEE6D,0xFEA4,0x0859,0x04BD,0xFD89,
    0xF79E,0xFA0D,0x0748,0x0CF8,0x0353,0x0149,0xFC33,0xFD37,0x0330,0xFFC3,0xFCD2,0xFB10,0xFB19,0x010A,0x03A8,0x04C8,
    0x0244,0xF86B,0xF3C5,0xFD84,0x040E,0x06DF,0x0837,0xF981,0x02EB,0x00CA,0xF0FE,0xFBC2,0xFFA8,0xFA87,0x05E4,0x0D00,
    0xF67C,0x057A,0x0412,0xEB90,0x0530,0x17B2,0x010C,0xFCCA,0xFC40,0xF4AE,0xFD4A,0x0B98,0x065D,0x028A,0x03DA,0xFB73,
    0x0199,0x0AA0,0xFFFA,0xF29A,0xFBFC,0x0232,0x0097,0x0BFB,0x0190,0xFAA4,0xF5DA,0x012A,0x03D1,0xFBF6,0x0281,0xFFAD,
    0xFAB4,0xFE35,0x0C45,0x0527,0xFC86,0xFF55,0xF644,0xFD77,0x0F8A,0x08C8,0x02F9,0xF530,0xF3E9,0x0352,0x0473,0x01EB,
    0xFE75,0x0193,0xFE30,0x04E5,0x0886,0xFA65,0xFDDE,0x036F,0x00F4,0xFF26,0x04F2,0xF75D,0xF81D,0xFB9D,0x0414,0x0CE1,
    0xF989,0xF646,0xFC0E,0xFA10,0x0230,0x080C,0x0208,0x00AB,0x02EE,0x0331,0x09F9,0xFC24,0xFFF8,0x044C,0xFA44,0xF510,
    0x0758,0x0872,0xF8B5,0xF6A8,0xF7F1,0xF8BC,0x0FD1,0x0677,0xF50E,0xF0C8,0xF6F5,0x09FC,0x0B44,0xF84A,0xFDD3,0x0137,
    0xF84B,0xFFAF,0x13E9,0xFED4,0xFB9F,0x01C1,0xF3F5,0xFECC,0x18FA,0x0BF5,0xFB88,0xF94F,0xF285,0xF688,0x0476,0x0459,
    0x08E1,0x0AFF,0xF6A8,0xEFF3,0x0212,0x01F3,0x0323,0x0BF6,0x0040,0xF4B6,0x0395,0x008F,0xF609,0x036B,0x09AC,0xF6F8,
    0xF82D,0x04B0,0x0045,0x0009,0x0517,0xFB2E,0xFA86,0x00E0,0x00A7,0x0A5E,0x0B6E,0xF494,0xF898,0x0C17,0x01E0,0xFB87,
    0x0DC2,0xFA67,0xF049,0x0733,0xFDE5,0xFA2D,0x0EF5,0x0B21,0xF67E,0xF87F,0xFD97,0xFADB,0x083C,0x0C47,0xFC09,0xFAB3,
    0xF71B,0xFE1E,0x0EDE,0x0559,0xF04C,0x034D,0x0648,0xF570,0xFD17,0x08AC,0xF46F,0xF829,0x0D3D,0x09C7,0xF0D6,0x00DC,
    0x0632,0xF779,0xFB57,0x090D,0xFEE9,0xF6EA,0x019B,0x0650,0x0294,0x0756,0xFB7D,0xFF2C,0xFDEE,0xF878,0x04AB,0x0B22,
    0xFB0B,0x0035,0x0896,0xFA37,0xF8DD,0x0DD8,0x00F9,0xF26B,0x0372,0x0857,0xFBDE,0xFB48,0x072B,0xF820,0xF5E7,0x0592,
    0x022C,0xFCC5,0x0119,0xFF9D,0xFAD1,0x013A,0x01A6,0xFF16,0x010F,0xF8FF,0xFCDA,0x05DC,0xFC50,0xFB25,0x0C4D,0x023F,
    0xF5B5,0x047E,0x0680,0xF5F4,0x00D8,0x07ED,0xFF30,0xFAE8,0xFDCB,0x0586,0x0161,0x0262,0x0060,0x0387,0xFDE1,0xF593,
    0x03D2,0x04A1,0xF8CC,0x064D,0x07BD,0xF3AE,0xFE97,0x1148,0xFF73,0xF495,0x0480,0xFCF0,0xF2E4,0x058C,0x0AF5,0xFE68,
    0x0011,0x0151,0xF74C,0xFEB7,0x072C,0x04EF,0x038A,0xF7C9,0xF84E,0x0C35,0x0F47,0xF4D9,0xFB88,0x06DE,0xF8B2,0xFBBC,
    0x0E14,0xFCB6,0xF192,0x068D,0x0A51,0xF6A6,0x0329,0x06BD,0xFCEF,0x03E2,0x0433,0xFC50,0x01BB,0xFD18,0xFB57,0xFEBD,
    0xFE35,0xFE7F,0x0356,0xFB0D,0xFAAB,0x08BE,0x04BA,0xF826,0x0534,0x0798,0xF946,0xF800,0x0567,0x0636,0x0244,0xFF48,
    0xFD4C,0xF943,0x027F,0x0CCF,0x03B7,0xFE77,0xFBF4,0xFA3F,0x000E,0x014B,0xFD31,0x037F,0xFEF1,0xF106,0x03EF,0x0EAD,
    0xF9E2,0xFBD9,0x05BC,0xF6B1,0x012C,0x0D56,0xFC89,0xF92F,0x0498,0xFA34,0xF9E3,0x0B1C,0x0004,0xFC2F,0x0387,0xFE92,
    0xFD1C,0x0707,0xFFFF,0xF97B,0x0043,0x02E9,0x0098,0x001B,0x0507,0xF1A7,0xFDC0,0x0FA6,0xFB21,0xF85D,0x034E,0xF98B,
    0xF57D,0x0867,0x0564,0xFECF,0xFBF2,0xFFD2,0xFFDF,0x061B,0x03D5,0x0039,0x068C,0xF278,0xF957,0x16C9,0x05B4,0xEEE2,
    0x086C,0x0571,0xEFB0,0x01F3,0x0EF0,0xFAD6,0xF2CB,0x0443,0xFF39,0xFFB2,0xFDF1,0xFB87,0x01CB,0x02C6,0x0A48,0x06C1,
    0xF359,0xF48D,0x079E,0xFA08,0x02FE,0x0D06,0x0446,0xF1E4,0x0849,0x0CDC,0xFC07,0xFC9A,0x0339,0xF779,0xFA03,0x189B,
    0x098F,0xE563,0xF66C,0x1521,0xFE3D,0xF428,0x0F24,0xFAB3,0xF538,0x058E,0x037B,0xF491,0xFC02,0x0205,0x06AC,0x05AF,
    0x02B2,0xFEE4,0xFA49,0xFCBB,0x03A4,0x0780,0xF979,0x0217,0x0596,0x02E4,0xFED6,0xFF0F,0xFEEC,0xF28E,0x00CD,0x045C,
    0xFC91,0x0117,0x0869,0xFE60,0xF1B7,0xFDE5,0xF828,0xF9DD,0x0BBE,0x0E51,0xF93B,0xFB7B,0xFABC,0xFB63,0xFB33,0x0380,
    0x0473,0x0476,0xFBA0,0xF9F5,0x12B1,0xFCF5,0xF3C5,0x0945,0x0E39,0xF28A,0x0184,0x121D,0xEC98,0xF609,0x1323,0xFFA3,
    0xF9CE,0x0923,0xFBB2,0xF66E,0x00CD,0x066D,0xFB1E,0xF868,0xF96C,0xFE99,0x030C,0xFA12,0x07F2,0x00DC,0xF551,0xFD31,
    0x14E2,0x0C50,0xF198,0xFB19,0x0493,0x0505,0x0A3C,0x0626,0xF16B,0xF80C,0x069A,0xFCC8,0xFB0D,0x088F,0x0031,0xF35A,
    0x0210,0x0366,0xF2BF,0xFD6A,0x0D40,0xFB33,0xFA9C,0x0DFF,0xFA1D,0xFEAA,0xF666,0x0AA0,0x0CEF,0xF966,0xF6C6,0x02D4,
    0x074B,0xFF9D,0x0B7C,0x02CC,0xF93F,0xFF96,0xFFEC,0x0139,0x0338,0x054F,0xFB75,0x0058,0x0184,0xF902,0x044B,0x03F6,
    0xFD17,0xF1BA,0xF642,0x0B74,0x07FC,0xFD0F,0x0272,0xF07F,0x01B9,0x13EF,0xFC33,0xF9DA,0x0D0E,0xF62E,0xF481,0x0BB5,
    0x07D8,0xFA0B,0x0B90,0xFD69,0xEDDE,0x0BCB,0x0ADD,0xF4F7,0xFBCD,0x1419,0xEEB4,0xF5C7,0x144B,0xED32,0xEF76,0x07BA,
    0x109A,0xF72F,0xF4E1,0x0E41,0xF3E6,0xFA6E,0x0636,0x08D3,0xFAF9,0x024D,0x0248,0xFA3D,0x092F,0x0CE6,0x03DD,0xEC26,
    0x044F,0x0486,0x0048,0x02F3,0xF9B6,0xF084,0x020F,0x0AF2,0xFCF2,0x0FAB,0xFCD3,0xF51E,0xF6DD,0x082C,0x08F0,0xF6DD,
    0x0257,0xFF36,0xF7AC,0xF742,0x0688,0x0F72,0xFB0B,0xF75A,0xFBE1,0x01B8,0x0AF2,0x05FE,0xFE28,0xFDC6,0x05EE,0x0449,
    0xF831,0x01D0,0x08E6,0xFE4B,0xFAFE,0xFC31,0x0328,0xF1A9,0x0443,0x0116,0xF84B,0x0C1F,0x0173,0xEE53,0x03A5,0x0E86,
    0xF64B,0x0ACB,0x00F4,0xF381,0xFABE,0x13C5,0x0235,0xF00A,0xFCD7,0x00F5,0xFFB5,0x0E9D,0x1380,0xF9AE,0xFACC,0xFD52,
    0xE632,0x02EB,0x138C,0x0B91,0xF62F,0xF9E5,0xFA1D,0xFBAF,0x0DE5,0x022F,0xFB55,0xFFFA,0xFD96,0xFCBB,0x0514,0xFEF4,
    0xFC73,0xFCF5,0xF464,0xFFA0,0x0A19,0xFE03,0xF9D6,0x01EB,0x02AE,0x02A1,0x0937,0xF5D5,0xFBFA,0x0E51,0xFF1C,0xECD2,
    0x03AC,0x0A9A,0xF614,0x14B5,0x0EC5,0xF1C2,0xFAE9,0xF0C1,0xEB5B,0x0702,0x0B17,0xFA0A,0xF5E5,0xFD05,0xFDEE,0x05E1,
    0x16BA,0x0618,0xF1A5,0x0387,0x05C4,0xFBE4,0x06F1,0x098F,0xF63C,0xF7A4,0x0A59,0x0275,0x077D,0x06E4,0xFD71,0xF422,
    0x07E3,0x04C2,0xFD02,0xFEC1,0xFE01,0x0AA0,0xFE3F,0xF270,0xFCC7,0x0542,0x04EF,0x06CD,0xFF8B,0xF8C4,0xF6A3,0xFAB7,
    0xFF1E,0x0763,0x1411,0xFED7,0xF8AA,0x0149,0x0329,0xFE20,0xFE0D,0xFD39,0xF943,0x00D0,0x0AD8,0xFEC9,0x07FF,0xFFBB,
    0xF32F,0xECA9,0x0257,0x0A21,0x031D,0xFF7E,0xF7CE,0xF282,0xFD6A,0x04EB,0x0144,0x0704,0x01BD,0xF049,0x02F1,0x0C13,
    0xFBAA,0xFB70,0x022A,0xFB09,0x011E,0x115C,0xFEE4,0xF814,0xFDB1,0xF673,0x01BB,0x04D6,0xFCFD,0xF65C,0x01DA,0x0149,
    0x04B3,0x0AD5,0x0505,0xFE1B,0xFBB1,0xF8AD,0xFCB5,0xFEB5,0xF321,0xF669,0x06D1,0x11EA,0x124D,0x0A5D,0x038F,0xF883,
    0xF651,0xFFF8,0xFB11,0xFB1D,0x0088,0xF97B,0x0541,0x14DF,0x06C4,0x02BC,0x0CAE,0x01B9,0x05AE,0x0E9E,0xF657,0xE68C,
    0xF664,0xEFC8,0xE9E8,0x04F3,0xFE70,0xF1B1,0x0859,0x08A6,0x06A9,0x185E,0x0ACD,0xFEB2,0x0902,0x1087,0x0A56,0x0AEC,
    0x0731,0xF4E1,0xF2FF,0xFAEB,0xF5DA,0xF180,0xEFA2,0xE5BF,0xE1AF,0xFD61,0x0947,0x0041,0x0AAD,0x0F82,0x0D1C,0x14A8,
    0x1EB5,0x056A,0xFB9A,0xFA87,0xF243,0xFB42,0x04BA,0xF5C0,0xF140,0x05A1,0xFA6F,0xF9AE,0x0360,0xEEB8,0xEB35,0x013C,
    0x067C,0x0673,0x12F9,0x075B,0xFE4F,0x0EB5,0x0765,0x0512,0x1042,0xFC98,0xEF2C,0xF728,0xEEBA,0xE96B,0xF032,0xF54D,
    0xF3E1,0x0547,0x0DD8,0x0623,0x0A5B,0x0DD5,0x06D2,0x0A6D,0x1C2A,0x10F1,0x059F,0x042E,0xF4C4,0xEB8D,0xEFC2,0xEAD9,
    0xE472,0xF5A5,0xF826,0xF051,0x0449,0x03C0,0x0062,0x0D39,0x1267,0x0A95,0x0BA1,0x1944,0x052F,0x0943,0x1599,0xFE4A,
    0x0262,0x09BA,0xFC76,0xF37B,0xF87B,0xF2A8,0xEE09,0x0286,0xF840,0xF72F,0x0F61,0x071F,0xFE64,0x0E93,0x08DB,0x04D2,
    0x1085,0xFD3A,0xE44D,0xF230,0x00A2,0xF9C3,0xF2C3,0xFA03,0xFB92,0xFAF8,0x1493,0x090A,0x05EC,0x0D55,0x01DB,0xF654,
    0x049D,0x0124,0xF37B,0x058A,0xF989,0xEC05,0x0CDF,0x0274,0xF113,0x0ED6,0x079E,0xF125,0x06B2,0x12E4,0xFC69,0xFB06,
    0x0770,0xF6F6,0xF460,0x0763,0x059E,0x0480,0x0524,0xFFB7,0xFC7D,0x0198,0xFB77,0xFEFB,0x0554,0x020F,0xFC48,0x04E7,
    0x0657,0xF67E,0x03D5,0x01E6,0xF492,0xF83B,0xFA6A,0xF4F7,0x0A8D,0x0CE1,0xF7FE,0xF800,0x0569,0x04E3,0x0502,0x08AC,
    0xF11A,0xF94B,0x0A9F,0xFAD6,0xFF73,0x0DC7,0x0070,0xFD67,0x00DC,0xFB4D,0xFE67,0x0F34,0x0225,0xEF48,0x01B0,0x0156,
    0xF8B0,0x09B4,0x09A4,0xF951,0xF8D7,0xFA00,0xF9B1,0x0613,0x06E7,0xF5E8,0xF5BA,0x0129,0xFA76,0xFDFE,0x09EF,0xFA51,
    0xFA9E,0x0E1F,0x04CE,0xF6A6,0x0844,0x00BC,0xED1D,0x011E,0x1004,0xFA5D,0xFFFD,0x0355,0xF580,0x00CA,0x0A98,0x0169,
    0xFFD5,0x006A,0xF5FC,0x01A0,0x09DE,0xF92E,0xFD10,0x0181,0xF7BC,0xFB6F,0x0978,0xFD6E,0xFCB2,0x01C6,0xF936,0xFB1B,
    0xFE78,0x02A4,0x0CEE,0x0CD9,0xF72D,0xF0C0,0xF980,0x0CAE,0x0D98,0x0970,0xFE8F,0xE98C,0xF631,0x0913,0x08A6,0x1333,
    0x0FEB,0xF56A,0xF748,0x0097,0xFFEF,0x0668,0x0E53,0xFB46,0xEAAC,0x04A8,0xF872,0xF617,0x10EF,0xFBF2,0xEB5E,0x0AB0,
    0x0F5F,0x02FE,0x0326,0xFAFE,0xEED7,0x006A,0x0926,0xFC0C,0x0AC5,0x09AC,0xF529,0x0124,0x03D5,0xFD15,0x04BD,0x0619,
    0xFBFF,0xF691,0xFD29,0x05AB,0x0248,0xFE40,0xFF2C,0xF49C,0xFE7A,0x0FF3,0xFFFD,0xF9D3,0x00FD,0xF875,0xF260,0x0102,
    0x0502,0xFD9C,0xFA96,0xFA20,0xFED7,0x04D5,0xFECF,0x02CC,0x0458,0xF7C4,0xFE7C,0x0F7C,0xFC60,0xF7B1,0x082D,0xFDC8,
    0xFCE0,0x0210,0x0213,0xFBC9,0xF06C,0xFAA1,0x0D11,0xFDEE,0x00FC,0x059C,0xF8DD,0xF7AE,0x0BB1,0x0C9C,0xF7C4,0xFF53,
    0x062A,0xFD77,0x0011,0x0668,0x072F,0x008B,0xFD37,0x046B,0x0075,0x014B,0x067C,0x0500,0xF814,0xF7C9,0xFE87,0x0748,
    0xFFB3,0xFD00,0x0B3A,0x0154,0xF0B4,0x04B6,0x1025,0xF4C2,0xFAF8,0x0AED,0xFB19,0x0559,0x158C,0xFEE2,0xF357,0xF84A,
    0xFC01,0x05FB,0xFECF,0xFBB7,0x0A90,0x02A9,0xEFD2,0xF898,0x03D4,0xF92F,0x014C,0x14F4,0xFF09,0xEFD2,0x06F4,0xFECF,
    0xF46A,0x052D,0x065D,0xF592,0xFBE1,0x0522,0xFA41,0x0378,0x07DB,0xFF36,0xF990,0xFC7D,0xF73C,0x0171,0x0E76,0xFC58,
    0xF7C7,0xFEA9,0xFCC7,0x0449,0x112B,0xFAC9,0xF152,0x056E,0xFFED,0xF846,0x0872,0x060B,0xF430,0x0646,0x0304,0xFACB,
    0x0A60,0x08AC,0xFC88,0x00A7,0xFE84,0xF266,0x0B77,0x04E0,0xFBA7,0x077D,0xF946,0xF5E5,0x03FF,0x084E,0xF981,0xFF7D,
    0x0FCF,0xFC1E,0xECEF,0x0013,0x0496,0xFC23,0x0A0C,0x0D56,0xF226,0xF8E5,0x0BE2,0x065F,0x008A,0x055C,0xF806,0xF954,
    0x05B1,0x0085,0x0845,0x072C,0xEBFC,0xF7D3,0x0D39,0x0075,0x0223,0x0A13,0xF443,0xF612,0x052D,0x036F,0xFBE2,0x0456,
    0x038B,0xFD14,0xFE68,0xF636,0x00E7,0x0738,0xFD6C,0x0235,0x04F3,0xFBDF,0xF7D3,0x07E5,0x09A9,0xF632,0xFC48,0x03C9,
    0xFE6D,0xFA7C,0x0AD0,0x02B7,0xF1C1,0x023F,0x02AA,0xF519,0x01AE,0x0DB7,0xFD97,0xF1AC,0x0215,0xF7EE,0xF1D2,0x06EE,
    0x081F,0xFD6E,0xFEE9,0x0635,0x0427,0x04BD,0xF98D,0x0605,0x02D3,0xF86B,0x028E,0x0F4F,0xFD07,0xF84E,0x0B47,0xFCA6,
    0xFE74,0x0B15,0x07AD,0xF77C,0x0023,0x06EA,0xF911,0xFF38,0xFBE6,0xF504,0x028C,0x067A,0xFD69,0xFE8D,0xFD96,0xF2AD,
    0x0422,0x0C38,0xF443,0xF961,0x063E,0xFBAF,0xF98E,0x0EA3,0x0199,0xF03C,0x04BB,0x0213,0xFA25,0x06C5,0xFD1D,0xF77C,
    0x0727,0x00D7,0xFC49,0x0991,0xF6B8,0xF0E5,0x079A,0x059C,0xF4AF,0x07E8,0x0763,0xF73D,0xF9FB,0x0EA8,0xFD77,0xEF60,
    0x066A,0x07E2,0xFC79,0x040F,0x0072,0xFC8D,0xFEB9,0xFFF8,0x05B9,0xFF70,0x01F8,0x05C1,0x0137,0xFD74,0xF62F,0x0A6E,
    0x0461,0xF71B,0x06F2,0x0771,0xF8FF,0x0183,0x02B6,0xF4A7,0xFBD4,0x0F5D,0x038A,0xF95C,0x0178,0xFE6A,0xFACC,0x07AD,
    0x0697,0x025C,0xFF5D,0xF8F7,0x07B3,0x0289,0xFACB,0xF906,0x08BE,0xFE7A,0xF4D7,0x0F12,0x0928,0xF094,0x05C8,0x0825,
    0xEE3D,0x0131,0x1459,0xFBCC,0xF093,0xFD2A,0x041C,0x0779,0x049B,0xF74A,0xF90E,0x0D9A,0x0014,0x0541,0xFFB5,0xEC12,
    0xFA55,0x0D58,0x097A,0x002B,0xFCEB,0xE986,0x0006,0x1847,0x052C,0xF727,0x0330,0xFB11,0xFB58,0x1343,0x0ADA,0xED92,
    0xF4A2,0x10C1,0x018C,0xF7F1,0x0C7A,0xFE77,0xF06A,0x0159,0x0BB5,0xEF5C,0x033E,0x07CA,0xF66E,0xFBC2,0x0A93,0xF17C,
    0xF8BF,0x06F9,0x0412,0x03C5,0xFA10,0xFF44,0xFB65,0x0F03,0xFD18,0x076E,0x02BF,0xF7B6,0x02DE,0xFD05,0xF6E0,0x05EC,
    0x0C52,0xF36F,0xFC79,0x0B41,0xF693,0xFF36,0x0CD3,0x0950,0xEEA2,0x00A8,0x027F,0xF3DB,0x03D2,0x0B8B,0xF314,0xF112,
    0x0C1A,0xF7DF,0x0227,0x15C6,0xFF65,0xEB39,0x0786,0x0DC8,0xFB05,0x0355,0x0109,0x028A,0xF961,0xFC73,0x07BA,0x067F,
    0xF5FA,0xF8D9,0x13BF,0x0A5B,0xF4B2,0xFF2B,0xF800,0xF8BF,0x0920,0x0688,0xF693,0x0281,0xFEE2,0xF1A1,0x0EC6,0x082C,
    0xE7EC,0xFA77,0x0018,0x0926,0x09FB,0x06FC,0xF6B9,0xEE42,0x0517,0x0643,0x05F9,0x0C03,0xFD24,0xF05A,0x04AB,0x0642,
    0x0196,0x059B,0xFEA5,0xF651,0x02FE,0xFF0E,0xF406,0x01EE,0x072E,0xF497,0xFB82,0x125A,0xFDE1,0xF13D,0x0DB8,0x0330,
    0xECF3,0x0366,0x07A5,0xFA71,0xFC8B,0xFC0A,0x011E,0x085F,0xF8F2,0x01D5,0x0783,0xF5D2,0x1441,0x086F,0xF0F5,0x0095,
    0x009A,0xFBE6,0x07BF,0x1112,0xF1BF,0xE9A0,0x0BA1,0xFF8E,0xF88D,0x0DDC,0xFE3F,0xEBD7,0xF808,0x13D2,0x02C1,0xFAE0,
    0x0393,0xFB97,0xE964,0x0F15,0x155C,0xF93B,0x0D92,0x00B8,0xEA10,0x0800,0x0CFE,0xE936,0x04EA,0x1010,0xF68B,0xF5B0,
    0x0896,0xFFEA,0xEE21,0x0F4A,0x09F9,0xF6ED,0x0161,0xF99E,0xF3E8,0x0AEC,0x096F,0xFED4,0xF428,0xF2FA,0x0827,0x09E9,
    0x0490,0xFD3F,0xFAE9,0x0390,0x04C0,0x00C0,0x17AD,0x07D2,0xF6C3,0xF811,0xF727,0x06FA,0x0B51,0xFE4D,0x05E9,0x03F1,
    0xE8C3,0xFDEE,0x0CF1,0xFD62,0xF9D6,0x01BD,0x0161,0xF4C7,0x024C,0x0489,0xF9E5,0xF8EA,0x0186,0xF4F4,0xF8E4,0x104A,
    0x03C9,0xF3EB,0x0018,0x04C8,0xFC43,0xF185,0x03BF,0x0DC2,0xF158,0xFAE1,0x0053,0xFFC3,0x0121,0xFFA2,0xFDCC,0xFBAC,
    0x00E5,0xF95B,0xFE5F,0x0AAB,0x0303,0xFC19,0x02BF,0xF5D5,0xFE97,0x0FBF,0x02FC,0x010A,0x04D3,0xFBB2,0xF732,0x072F,
    0x0817,0xFE74,0x003E,0x0A0F,0x00B7,0xFEA2,0x19D3,0x06EE,0xF60D,0xFE84,0xF337,0xFD86,0x0F38,0x0A80,0xF7CC,0xF565,
    0xFB19,0xF3F2,0x0297,0x0F9C,0x0814,0x0039,0x0416,0xFFB5,0xF8A8,0xFC56,0xFAD3,0x01EA,0x09FE,0xFE47,0xFA4F,0xF67E,
    0xFA9C,0x0D72,0x03F1,0xFB55,0x032B,0x0010,0xF981,0x0414,0x06A2,0xFAE3,0xF821,0xFB11,0xFB25,0x033E,0x1660,0xFCF7,
    0xEAB9,0xEFDB,0xFEDC,0xFE8D,0x039D,0x07B3,0xFFD0,0xF8C7,0x02E1,0x06E1,0xF843,0xFE82,0xFE20,0xFD1D,0x01B6,0x01C0,
    0x01AD,0x0B31,0x02F1,0xEF56,0xFECA,0x0542,0xFB36,0x07DF,0x0CD9,0xF49D,0xFC71,0x02D4,0xFC91,0x0335,0x01F5,0xFBFF,
    0x0264,0xFF2B,0x022C,0x0294,0xFFD8,0x0731,0xFE57,0xFBB1,0xFC23,0xF691,0x0454,0x0D90,0x0491,0xFEB2,0x00EA,0xF530,
    0xF604,0x0EB1,0x0528,0xF642,0xFE48,0x0582,0xFEB9,0x0EB9,0x0D50,0xF5F2,0xF475,0xFD44,0xFD21,0x0726,0xFEEE,0xF73D,
    0x067C,0x02EB,0x0547,0x1053,0x0947,0xF086,0xF914,0xF84E,0xE9CE,0xF605,0xFFDC,0xFE0B,0x05A4,0x0B1F,0x07CF,0x090D,
    0x0ACF,0x0561,0xFD4C,0x0805,0x05FD,0xF2B2,0xF339,0xFA5F,0xF33C,0xFB9F,0x03C5,0xF369,0xFCE8,0x05DC,0x0434,0x1231,
    0x118E,0xFF75,0x0485,0x1082,0x0B2C,0x0A63,0x0789,0xF3DB,0xF1BF,0x031D,0xF647,0xEE4A,0xF6FE,0xF076,0xE97E,0x0348,
    0x0212,0xF88F,0x0F8A,0x10CC,0x0A53,0x1594,0x08E0,0x013A,0x0ABF,0x04D3,0xFB21,0x0421,0x03D4,0xFBBA,0xF713,0xF730,
    0xEEA5,0xF2AA,0xFFC8,0xFF24,0xF8F2,0xF870,0xF133,0xFF09,0x10F2,0x0318,0xFCB0,0x0894,0x0694,0x0BF6,0x1EA0,0x01B3,
    0xEE18,0xF0F0,0xE84D,0xEF1B,0x0AB8,0x03AF,0xF898,0xF7B6,0xED71,0xFFBB,0x174B,0x1866,0x103B,0x0D72,0x0638,0x01CB,
    0x098F,0x0CAC,0xFAE9,0xF49D,0xFA5D,0xF27B,0xF017,0xFE2D,0xF4BA,0xE37C,0xF8A7,0xFE65,0xF823,0x0AAB,0x1471,0x0B25,
    0x0EEB,0xFBA0,0xF3D6,0x0E95,0x102D,0xF8D1,0xFD76,0x0B04,0xFEFF,0xFFB8,0x02A7,0xF1C1,0xF0B4,0xF374,0xEEAC,0xFB63,
    0x0259,0xFFAB,0xFEAC,0x01B5,0x080D,0x0A06,0x0383,0xFF76,0xF2E4,0xF986,0xFF41,0xF087,0xF076,0xF926,0x0C15,0x1AC0,
    0x0B0A,0xFF8D,0x0D33,0x0B17,0xFC1E,0xF9E8,0xFD5E,0xF5CC,0xF666,0x0565,0x02EE,0x033E,0x0BC8,0x00F9,0x00D2,0x1279,
    0x04B6,0xFFEC,0x0668,0xFAFE,0xF622,0x014C,0x0453,0xFA96,0xFE8F,0xFF31,0x0493,0x0A53,0x05D9,0xFC50,0xFE84,0x028C,
    0x08B4,0x08C9,0xFFC2,0xF877,0xFE32,0x027F,0xFFC3,0x02D6,0xFC98,0xF21C,0xF78C,0x05A3,0x020B,0xEFB2,0xF996,0x08F5,
    0xFC90,0xFF28,0x0AA3,0xFC4C,0xFC1B,0x020B,0xF963,0xF723,0x0390,0x01A6,0x00B2,0xFB9F,0xF261,0x005D,0x0BE3,0x0203,
    0x0102,0x0016,0xFD67,0xFEDC,0xFBE1,0x0183,0xFE6C,0x00A7,0x055C,0x0139,0x037B,0xFD22,0xFEB7,0xFC76,0xF2A0,0xFCB8,
    0x0BFD,0x0208,0xFC54,0xF875,0xF823,0x05BE,0x12F1,0x0B8E,0x0675,0xFD5A,0x00EC,0x02D7,0xFD52,0xF94F,0xFA44,0xFCAD,
    0x04B8,0x0C8D,0x0992,0xF62A,0xF5D2,0xFEE2,0x07E2,0x05C4,0xF7E4,0xFB06,0xFF93,0x028C,0x1009,0x03DA,0xFC66,0x068F,
    0xF89F,0xF5A0,0x0DA0,0x092A,0xF64B,0x0088,0xF7AE,0xEEA5,0x085C,0x0AC5,0xFA7A,0x00D7,0x04CA,0xFABB,0x0397,0xFCFC,
    0xF840,0xFFA0,0xFD76,0x0088,0x04CA,0x0345,0xFE15,0xF995,0xFAF3,0xF60C,0xFBFA,0x0808,0x0527,0x007E,0xFB15,0xF9F8,
    0xFBCC,0xFD7F,0x0E49,0x0CE6,0xF94C,0xFAB9,0x01AB,0xF875,0xFFB3,0x0181,0xF818,0xFD97,0x062E,0x0785,0xFABF,0x01EE,
    0x0619,0xFD0C,0xFBEC,0xF983,0x05CE,0x0412,0xFD99,0xFE40,0x0058,0x0109,0xFF2C,0xFD57,0x0653,0x0144,0xFC86,0x0309,
    0x05A4,0xFF5B,0x068F,0x0316,0xF381,0xFF38,0x0E6B,0xFC7D,0xFB5F,0x03B4,0xFEB5,0xFC4B,0x0489,0x0271,0xFBFE,0xFCA3,
    0xFA76,0x015F,0x0446,0xFBE2,0x03AA,0xFFE4,0xF924,0x0913,0x09EE,0xF45F,0xFD99,0x07E8,0xF529,0x0198,0x13D1,0xFEB5,
    0xF35C,0xFCA2,0x00E4,0xFFA0,0xFED4,0x06A7,0x046B,0xFA3D,0xFD89,0x0C50,0x041E,0xF72D,0xFF69,0x0515,0x0225,0x050A,
    0x0366,0xF800,0xF657,0xFD18,0xFDCC,0xFC5C,0xFC91,0x0535,0x058E,0xF9FD,0x0208,0x063B,0xF689,0xF7E6,0x05F5,0x0A7A,
    0x06B9,0xFE6C,0xF31C,0xF946,0xFEF4,0x0406,0x107B,0xF806,0xF23B,0x08AC,0x0551,0xFCC0,0x0B24,0x03A2,0xEBC7,0xF6B1,
    0x0605,0x0756,0x06D7,0x0383,0xF4E1,0xF6B0,0xF929,0x027C,0x07A0,0xFC11,0xFDD0,0xFE0A,0xF8B2,0x0171,0x0C1A,0x0DFA,
    0xFB2A,0xF54E,0x09EC,0x0F27,0xFEF9,0xFD4E,0x053C,0xF2AE,0xF689,0x0F9C,0x0785,0x001E,0x1282,0xFFEF,0xEF06,0x03C2,
    0xFC58,0xF437,0x049B,0x0581,0x083D,0x0778,0xF077,0xF3C8,0x0490,0xFC53,0xFAF8,0x0DB0,0xF777,0xEF6C,0x0D3D,0x0AE7,
    0xFCFA,0x0286,0xFC85,0xF747,0x0665,0x1058,0x020F,0xF93B,0xF637,0xF391,0x0166,0x0FEE,0x0075,0xF597,0xF621,0xF688,
    0x01E6,0x0FA9,0x0247,0xEFCF,0x02A2,0x01D8,0xF22C,0x032B,0x042B,0xF28D,0x0C32,0x0E1F,0xF20C,0xFD99,0x0FFC,0x0274,
    0x01C5,0x0BB9,0x012A,0xF458,0x000E,0x026C,0x0AD7,0x0AF5,0xF6ED,0xFA77,0x06A2,0xF70D,0xFA5A,0x0DA2,0xF671,0xF674,
    0x0BD5,0xF946,0xF8B2,0x0DAD,0x06E4,0xF0C9,0xFD57,0x0726,0x0238,0xF978,0x003E,0x03E2,0xFDF6,0xF74A,0xFEBF,0x055A,
    0x05FD,0xFED6,0xF7BF,0x0328,0x0011,0x0584,0x0A24,0xFCDA,0xF46D,0x073B,0x07FD,0xF406,0xFDBE,0x0DE5,0xF2ED,0xFE3B,
    0x10C7,0xF674,0xEB6A,0x0383,0x02B7,0xFDC1,0x02AA,0x00EF,0xFE1B,0xFEDE,0x00DA,0x0124,0xFBFC,0xF438,0xFE4B,0x0B8C,
    0x0080,0xFAF1,0x05E4,0x0252,0xF7F6,0x0066,0x0D39,0x06D1,0xFEE2,0x077B,0xFC39,0xFB67,0x09C4,0x066B,0xF803,0xF963,
    0xFF40,0x009F,0xFBEA,0xFE01,0x01C5,0x0404,0xF87A,0xFA97,0x0C45,0xFE84,0xF604,0x05D1,0xFD99,0xF1EA,0x0D00,0x0AB2,
    0xF2B3,0xFE64,0x0059,0xFB0E,0x0176,0x0942,0x02AF,0xFF83,0x01BE,0xFD35,0x0329,0x0502,0xF9F2,0x0478,0x023F,0xFB6D,
    0x06EC,0x05B4,0xF6D3,0xF823,0x0B47,0x04FD,0xF902,0x02DC,0x0174,0xFE1E,0x0746,0x043F,0xFB7D,0xFB33,0x03C4,0x049D,
    0x022D,0x055C,0xFFC0,0xFCEA,0xF85B,0xFB19,0x0B9B,0x06F1,0xFA07,0x09B2,0x07BD,0xED1C,0xF074,0x02C9,0x1080,0x0A88,
    0x0055,0xFC2E,0xFACE,0xFCF8,0x09EE,0x0660,0xFFFD,0x0205,0xF4D9,0xFA07,0x0620,0xFE06,0xFE6A,0x0BA6,0xF168,0xFA8F,
    0x0719,0xFC79,0xF79A,0x07CD,0xFD08,0xE7F1,0x0343,0x03D1,0x04CE,0x0181,0xEFC5,0xF3BE,0x08B9,0xFD45,0x0605,0x09A9,
    0xEDEB,0xF373,0x0DD8,0x064B,0xF364,0x0279,0xFB19,0x0C10,0x1300,0x03B0,0xF85B,0xFA8E,0x09F6,0xFED9,0x0486,0x100B,
    0xFCC7,0xED0F,0x0FFC,0xFA79,0xF157,0x0B7B,0x0628,0xE612,0xFCD5,0x186C,0xEF89,0xFA4F,0x0DA5,0xFCAE,0xFF6D,0x1124,
    0xF615,0xF48A,0x083C,0xF6C0,0xFCA3,0x0CC9,0x05B9,0xEF11,0x0287,0x0ECE,0x03A8,0x0191,0xF3A8,0x03D1,0x01F3,0x06AD,
    0x00E9,0xF5B0,0xFE5F,0x09F4,0x01AD,0xF8D1,0xFFE0,0x02CB,0xFFF2,0xF619,0xFEB7,0x043F,0xFC81,0xFE75,0xFE64,0xF7A4,
    0xFC2B,0x1025,0x02A1,0xF6DD,0xFF93,0x0A4D,0xF7F6,0xF66E,0x09D2,0xF742,0xFBEC,0x0760,0x03BF,0x0785,0xFF8B,0xF777,
    0x0397,0x030E,0x036B,0xFF23,0xFBAD,0x0731,0xF937,0xF14A,0x0991,0x08AC,0xFA71,0xFA12,0x032D,0x062B,0x0751,0x03BA,
    0xFB77,0xF028,0x0A03,0x09CE,0xFB88,0x08CB,0x083F,0xF892,0xF53E,0x09CC,0x0A98,0xFB05,0xF9DD,0x07B0,0x00F5,0xFA14,
    0x0BEA,0x0101,0xFAC6,0x004D,0xFA3F,0xFEBD,0x035D,0xF4DF,0xF3DB,0x0101,0x0023,0xF30D,0x0299,0x0BB6,0xF6D6,0xFAD0,
    0x08F8,0xF9BA,0x0105,0x082A,0xFFA8,0x00E7,0xFBF7,0x03D1,0x077B,0xF3FB,0x01A9,0x0847,0xF40D,0xF9AE,0x0AC2,0xFCA0,
    0xFE84,0x030E,0xF5FA,0xF58E,0x06D1,0x0114,0xEFD8,0x04EB,0x057A,0xFD9E,0xFAFE,0xFFA8,0x00B8,0xFCAE,0x0A20,0xFE4F,
    0xFDC8,0x0A53,0x0DAB,0xF0A6,0xF8CF,0x1879,0xF0B3,0xF1AC,0x133D,0x0382,0xFE4A,0x0F1B,0xF292,0xFC2C,0x1A53,0x07A5,
    0xEE09,0x0965,0x05F1,0xEA67,0x0CE7,0x0DC5,0xEC02,0x05A1,0x1006,0xEF7D,0xF48A,0x0FF8,0x025D,0xEA4D,0xFFC0,0x0116,
    0xF5A3,0x0D73,0x0F17,0xEFC6,0xFB68,0xFEFF,0xFC11,0x0EC6,0x0CCE,0xF96E,0xFF86,0xF2F0,0xF478,0x116B,0x00F9,0xEE3B,
    0x0A29,0x0050,0xF9C3,0x13B4,0x0731,0xFBF9,0x03F4,0x0B66,0xFCD8,0xFEA5,0x1143,0xFA41,0xF679,0x108D,0x0318,0xF5EC,
    0x08B8,0x0121,0xECF3,0x085C,0x0E86,0xF0E8,0xFC91,0x0132,0xF29E,0x003D,0x05A7,0x0124,0xFDFB,0xF44A,0xF3AE,0xFFAF,
    0x053D,0xFB82,0x00D4,0x04B0,0xF6A0,0x0161,0x143B,0xFF28,0xF391,0xFEF7,0xFFE2,0x02EE,0x097D,0x0831,0xF9D6,0xEBC5,
    0xFB10,0x15C0,0x039C,0xF91F,0xFBD4,0xFBE9,0xF934,0x03BA,0x0770,0xF93F,0x03A2,0x001B,0xEF3E,0x0D20,0x052F,0xF115,
    0xF6FD,0xF49F,0x006E,0x0086,0xF509,0x0B02,0xFEF4,0xFDAC,0x1BD5,0xFE22,0xFC7D,0x10DD,0x03EA,0xFD9F,0xFD44,0x0020,
    0xFAD1,0xFB67,0x0918,0xF6DD,0xEFDD,0xFDC8,0xFC83,0x00FF,0x03FF,0x0B4E,0xFE6C,0xF511,0x0CEB,0x0144,0xF735,0x125C,
    0x0BFE,0xF885,0x020B,0xF531,0xF6D1,0x0244,0xFFF8,0x01D8,0x0A34,0x0922,0xF6B5,0xF77D,0x050A,0x0978,0x04BB,0xFD3A,
    0x04BD,0x0171,0x03E2,0x1284,0x03B8,0xEF88,0xFD5C,0x03FC,0xFFA3,0x0A0C,0xFA32,0xE5CF,0xF51C,0x0896,0x09FB,0x0A40,
    0xFF9A,0xF3AC,0x00BA,0x0574,0xFDDD,0xFB8C,0xFB62,0xF80C,0xF94E,0x0382,0x0C38,0xFDD6,0x002B,0xFC59,0xF57A,0x0208,
    0xFDD6,0xF412,0x09FF,0x1571,0x0003,0x08E9,0x0D1B,0xF767,0xFAF8,0x02A6,0xF15F,0xF85A,0x0B96,0xF4CC,0xF2F4,0x0A18,
    0xFB75,0xFF2E,0x0AC5,0xF88D,0xF8FF,0x08DE,0x04BD,0x0952,0x0EE6,0x01EB,0xF190,0xFFB2,0x0368,0xF8D2,0xF3B9,0xE9AC,
    0xE5AE,0xFC76,0x0C47,0x0943,0x07E3,0x053C,0x0333,0x0DC7,0x296E,0x20E6,0x00BD,0xFDB8,0x00A3,0xF88B,0x0478,0xF850,
    0xDD95,0xE7FC,0xF604,0xF041,0xF961,0x04B6,0xFD6F,0xF6D5,0xF9DD,0xFA69,0x094D,0x1328,0x061D,0x025C,0x0D6E,0x096D,
    0x04B0,0x004E,0xF727,0xF3B0,0xF94C,0xF07E,0xF1DE,0xFDB0,0xF7DB,0xF5C2,0xFD1A,0x0BAC,0x0CFB,0x1372,0x13BF,0x0672,
    0x0CD3,0x1461,0x0628,0x04E5,0x0489,0xF46C,0xF9D3,0x00DF,0xF0B9,0xE677,0xF41A,0xF443,0xF8B5,0x0A11,0x0653,0x050A,
    0x0C2D,0x0839,0x0BCD,0x1A26,0x0D20,0xFBA8,0x0C6A,0x0928,0xF025,0xF524,0xEF39,0xDC52,0xE6E0,0xF389,0xFAD9,0x070F,
    0xFD4F,0xFA9E,0x03F2,0x13A7,0x138A,0x104A,0x137D,0x079D,0xF7D9,0x07C8,0x0C71,0x0ECD,0x1117,0xF6B0,0xED9C,0xF4C2,
    0xEABF,0xF0CB,0x09EF,0x0C20,0xF182,0xF5EC,0x0C6A,0x0922,0x0E8C,0x04A5,0xF1C4,0xFD44,0xF70B,0xEF8E,0xFB11,0xF87F,
    0xF785,0xF9A1,0xFA2D,0x06FA,0x007A,0xF6CE,0x0245,0x08A6,0x0DBC,0x0393,0x02C1,0x13CE,0x08A1,0xFB28,0x05C8,0x022F,
    0xF6F2,0xF914,0xFA89,0xF506,0x00C0,0x0E9D,0x0180,0x0102,0x098F,0x0127,0x0592,0x11A8,0xFECA,0xF024,0xF37C,0xFAC4,
    0x022A,0x0378,0xFBC9,0x024D,0x1430,0x0228,0xFE88,0x04B2,0xF6C5,0xF3FB,0x061D,0xFE72,0xEDF4,0xFA49,0xFCA2,0xFD7A,
    0x0599,0x0179,0x04B8,0x09A1,0xFFF0,0xF90C,0xFCF0,0x038A,0xF808,0xECD6,0xF8C0,0x0076,0x0184,0x0F81,0x0D36,0xF898,
    0xFAF1,0xF513,0xFCC8,0x14A5,0x0786,0xF26D,0x02C9,0x0D5E,0xFE1D,0x018E,0x0763,0xFE55,0x006B,0xFD7F,0xF7B6,0x014E,
    0x0D19,0x02DF,0xF809,0xF64F,0xF8E4,0xFF6B,0x0544,0x03B7,0xFF4D,0x0090,0xFF6D,0xFE05,0xFD5A,0xFEDF,0x043C,0x0A34,
    0x029A,0xF732,0xF305,0xFFDF,0x09BA,0x0537,0x0060,0xF9B8,0xF75A,0x03C5,0x0844,0xFDC9,0x07B2,0x0427,0xF960,0x04F5,
    0x10D2,0x0232,0xFB3A,0xFACB,0xF26B,0xF8DF,0x05E1,0x06B9,0x01A9,0xF66B,0xFB6B,0x0632,0x010D,0xF963,0xF988,0x015C,
    0x02F0,0x0770,0x00B7,0xF9EA,0xF94B,0xF757,0xF97C,0x03CD,0x11F2,0x0E56,0xF6AE,0xEDA6,0xF520,0x05C8,0x0DE5,0x07C3,
    0x0294,0x035A,0xF432,0xF234,0x0A0C,0x079D,0xFEEE,0x0ABB,0x0655,0xED96,0x0261,0x169A,0xFF4D,0xFB7F,0x04AB,0xFC3E,
    0xFE23,0x02C4,0xF8BC,0xFE38,0x00A3,0xFBAF,0xFBCC,0xFD1A,0xEFCB,0xF4B2,0x08F5,0x0330,0xF69E,0x0318,0xFB8D,0xF713,
    0x0C4F,0x0957,0xF1EC,0xFBC9,0x0955,0x01FB,0xFFF8,0x06D1,0xFC4E,0xF20F,0x05B3,0x058E,0xFEAF,0x08B8,0xFDB1,0xEF44,
    0x061D,0x0D46,0xFFEF,0x03A8,0xFE58,0xEFAA,0x04B6,0x0B0F,0xF951,0xFF2B,0x04F8,0xEF6C,0xFB70,0x13F9,0x01AB,0xFD42,
    0x0301,0xFBB7,0xFE18,0x11B6,0x05D4,0xF341,0xF8FC,0x0097,0xFCE5,0x04DB,0x0ECA,0x01E8,0xFB1E,0x0564,0x0495,0xFCDB,
    0xF6D3,0xF2DF,0x017B,0x0FFB,0xF907,0xF76A,0x0A28,0xF4C6,0xECA9,0x0C32,0x093B,0xFB8A,0x0E5E,0xFFEA,0xECDB,0x0F2F,
    0x1B71,0xFD69,0xFE78,0x010F,0xFF30,0x0824,0x027D,0xFCC7,0x0242,0xFD1C,0xF8C5,0x0A0B,0x0016,0xF263,0x0404,0x02DE,
    0xF0E8,0x030E,0x0EF0,0xFBB7,0xF217,0xFC2C,0x032D,0x042E,0x01DD,0xFAF9,0xF3FD,0xF752,0x059F,0x0A36,0xFBCF,0xF6FE,
    0xFBA5,0x00E4,0x02C6,0x0845,0x08C0,0xF9C8,0xF33E,0x0474,0x08BE,0x036A,0x060E,0x0028,0xE9E8,0xF617,0x1524,0xFCC0,
    0xF49C,0x0190,0xFE2D,0xF943,0x02E8,0x0321,0xFFB8,0xFC78,0xF671,0x0473,0x0E27,0xFDE0,0xFD5E,0x06C7,0xF9BB,0xF963,
    0x0D1B,0x017B,0xEEB2,0x04E7,0x10D5,0xFA37,0xF67B,0x0ACF,0x003D,0xF2BF,0xFF39,0x0922,0x04A3,0x0611,0x0528,0xFC79,
    0xF379,0xF2E5,0x06DC,0x15C3,0x0557,0x00B8,0xFF29,0xEC99,0xF3F8,0x11BE,0x0F2D,0xF524,0xF7BC,0x08FD,0xFA00,0xF9A5,
    0x0BF2,0x0A1E,0xEEFF,0xF4BA,0x0CA6,0x0481,0xFA94,0xFC41,0xFF39,0xF9AB,0x0041,0x0887,0x0688,0xEC36,0xEF1E,0x162F,
    0x076D,0xF1DE,0x095B,0x04CE,0xEC1E,0x0A1E,0x1488,0xFAE6,0xF8A2,0x0458,0x03CF,0x0AC2,0x029F,0xFB48,0xFFDC,0xFDC4,
    0x0060,0x0F03,0x05E4,0xF5CF,0x039C,0x014C,0xE7F1,0xFE32,0x162A,0xFF1C,0xF7DF,0x0A66,0x006B,0xF529,0x0A23,0x108A,
    0xFAB1,0xFA52,0x034B,0x026A,0x0BF0,0x0FBF,0xF311,0xECE3,0x007A,0x0333,0x02CB,0x0076,0xF122,0xFFFD,0x086A,0xF81B,
    0x02A1,0x1077,0xFC4E,0xF4FB,0x0C4C,0x0982,0xF5EA,0xF1B5,0xF9A8,0xFDA9,0x0673,0x0086,0xFB0B,0xFEDE,0x05E9,0xFFBF,
    0xFC3E,0xFD2D,0x01C9,0xFE30,0xF9E0,0x02EC,0x0179,0xFEF4,0xF92F,0xF5A3,0x07EC,0x0750,0xF887,0x0433,0x049B,0xF728,
    0x036B,0x09E2,0xF37F,0xFA7C,0x08DE,0xFA97,0xF980,0x0652,0x0915,0xF9AB,0xF9B5,0x0020,0x0650,0x0903,0x00DA,0xFE2A,
    0xF651,0xE951,0xFCF8,0x0A41,0x0004,0x0215,0x0B3F,0xF182,0xE67C,0xF9F7,0x03B8,0x02CC,0x0A69,0x0A07,0xF3E3,0xF2C5,
    0x0247,0x0BA4,0x085A,0x0685,0xF7A2,0xFC3E,0x0EA1,0x00D7,0x0174,0x0166,0xF027,0x033E,0x0E86,0x0313,0x0B4A,0x0E98,
    0xF4CE,0xF7D3,0x0BC6,0x0E8E,0x0B42,0xFA7E,0xFAB3,0xF607,0xFED4,0x0942,0x0B49,0xFD3A,0xF099,0xF6CD,0xFF2B,0x107A,
    0x1347,0xF413,0xEA52,0xF829,0x03EA,0x0098,0x0B42,0x0D39,0xF491,0xE4C4,0x02C4,0x1C7F,0xFDDB,0xF1C2,0x04BA,0x0038,
    0xFF36,0x02CF,0xFE8D,0xF477,0xFEF3,0x023A,0xFB87,0x05E1,0x0950,0xF135,0xF57A,0x0B74,0x0B37,0xFC51,0xF341,0x0186,
    0x08AC,0x08F1,0xF5AD,0xF953,0xFD4F,0xF820,0x070E,0x0E86,0xF8DD,0xE9B3,0xFB50,0x04AD,0x11F3,0x06B4,0xF0B6,0xF342,
    0x02D4,0x0BBB,0xFA2A,0xFCE2,0xFF3B,0xFE2B,0x02C6,0x1A6D,0x069F,0xF2CF,0xEFF8,0xFABF,0x0F0D,0x0643,0x02DF,0x0D41,
    0x091E,0xF19A,0x048D,0x02E9,0xFC26,0xF5F5,0x001E,0x0729,0xFB67,0x0CEB,0xF9DA,0xF250,0xFC5E,0x0073,0x070C,0x1608,
    0x0C6C,0xE86D,0xEA06,0xFF09,0x12D3,0x0CFC,0xFD5F,0x001C,0xFC61,0xFCE2,0x02FB,0x01DB,0x0B32,0xFCA0,0xF60C,0x03D2,
    0x0545,0xFD42,0x031D,0xFF82,0xE91C,0x058A,0x1030,0x0114,0x0BEE,0xFBF6,0xE770,0x036D,0x1424,0xF750,0xF70F,0x05CE,
    0xF90F,0xF15F,0x0795,0x04BB,0xF1AF,0xFBE2,0xFFF8,0x06EE,0x0262,0xFD59,0xFC2B,0xFB65,0x01B3,0xFCE2,0xFC9E,0x0056,
    0x0447,0x03BC,0xF996,0xF632,0xF5AA,0x0545,0x0CBC,0x08C6,0xFF06,0xF588,0xF65B,0xF853,0x0050,0x0E51,0xFB94,0xF4AA,
    0x05E9,0xFA3C,0xF588,0x0122,0x0A16,0xEDE6,0x006A,0x0EB9,0x02EC,0x0B73,0x0474,0xF775,0x0104,0x1077,0x0535,0xF3C1,
    0x0D76,0x0790,0xE821,0x003D,0x1310,0xF204,0xF5BB,0x0DBC,0xFB63,0x00A0,0x1493,0xFC3E,0xFC2F,0x0822,0xF9E2,0xFE18,
    0x136D,0x0711,0xF3A8,0xFE2A,0xFDFD,0xFFEA,0x0A34,0xFE9A,0x016F,0xF9BD,0x036B,0x0105,0xFD5F,0x0049,0x06FE,0x0316,
    0xF9E5,0x0724,0x00FF,0xFDF1,0xF6F2,0x0B36,0x04A6,0xF2E4,0xF8EC,0x059B,0xF831,0xF57D,0x111C,0x0802,0xE432,0xFB63,
    0x0798,0xF86A,0x0BA9,0x0B1D,0xF696,0xFA97,0x0378,0xF50B,0x05A7,0x14FD,0xED6D,0xEB7B,0x011C,0xF73C,0xFB67,0x115E,
    0x043F,0xEFA8,0xF984,0x0C03,0xFEF3,0x02E3,0x0DFF,0xF68C,0xF718,0x1511,0xFF65,0xF15F,0x051C,0x03F2,0xF012,0x02CB,
    0x0CD9,0xF61A,0x0698,0x0CC1,0x0675,0x0039,0xFE70,0xF33E,0xFA2C,0x1797,0x0991,0x01E5,0xF8FA,0xF315,0x07BB,0x04B5,
    0xF735,0x0D3B,0xFDE3,0xE9CE,0x0A0B,0x0FBB,0x01C0,0x02CF,0x0041,0xF5C4,0xFDAE,0x0A28,0xFEAF,0x0476,0x01E2,0xF0E3,
    0x05F5,0x0FEB,0xFC33,0xF551,0x015C,0x0775,0x0257,0x025C,0xFCB6,0xEE3A,0xF85E,0x09CC,0xFEDF,0xFE5B,0x0940,0xF524,
    0xF588,0x10E4,0x0174,0x0390,0x0605,0xF145,0xF122,0x0C2A,0x0C1D,0xF2AA,0x0058,0xF65B,0xF3D9,0x0EB5,0x05E1,0x057F,
    0x03C4,0xF175,0xF539,0x0303,0x0417,0x0045,0xFE65,0xEBEA,0xF18C,0x09BA,0x0FF9,0x0B09,0xF897,0xFA8F,0xFD0A,0xFD21,
    0x00B7,0x0BE6,0x0900,0x08F0,0xEE11,0xEED5,0x0CAC,0xFF60,0x0A66,0x1ACF,0xFF51,0xF29B,0x06A0,0x091A,0xFC66,0x0A2B,
    0x0713,0xE0E8,0xF0D8,0x1336,0x015E,0x0284,0x085F,0xF59F,0xF115,0x05DE,0x0EC3,0xFAC3,0xFCF8,0xF470,0xE575,0x070E,
    0x0864,0xF93C,0x0FAE,0x0188,0xE963,0x03FA,0x06F1,0x0698,0x05C4,0x0746,0x0535,0xF761,0xFE37,0xFCF2,0xFFA0,0x0023,
    0x0338,0x11D5,0x053A,0xEEC1,0x0790,0x0C17,0xF6C6,0xFFA0,0x0186,0xE5C3,0xF455,0x1AD5,0x095B,0xF765,0x0884,0x0063,
    0xF70B,0x03C0,0x0234,0xF65B,0xF4A2,0xEA89,0xF865,0x0CD7,0x09DA,0x10B8,0x1276,0x08D3,0xFBD1,0x053A,0x0F1A,0xF59F,
    0xF4D7,0xFA28,0xE62F,0xED13,0x08C1,0x012F,0xF723,0x0321,0xF69B,0xF349,0x112F,0x12B6,0x0F0F,0x1117,0x0244,0x006B,
    0x1853,0x06B5,0xF05C,0xFC75,0xF458,0xE07D,0xE8EF,0xEF4E,0xE699,0xF811,0x01A1,0xFA0D,0xFC11,0x0AD8,0x111F,0x1B80,
    0x192D,0x09DA,0xFE43,0x0023,0x0C45,0x09B4,0x01CE,0xFF43,0xE4AC,0xE04D,0xF1C7,0xF674,0x02AF,0x0643,0xFA7A,0xF48A,
    0x00F9,0xFFC2,0x09C4,0x1CE4,0x064B,0x0596,0x0C92,0x04F8,0x11E2,0x11FF,0xF8E1,0xED82,0xF656,0xED82,0xEC84,0x0144,
    0xF457,0xE9AC,0xFF71,0x022F,0x03F2,0x1605,0x1748,0x0E51,0x166A,0x105D,0xFB11,0x04F5,0x06F9,0xFFC3,0xF631,0xF43B,
    0xE8B2,0xE3E9,0xEC32,0xED65,0xF715,0x0592,0xFD00,0xFB4A,0x0F7A,0x10B8,0x0CDC,0x0DA7,0x0753,0x0121,0x0D8F,0x0910,
    0xF9B8,0x05BC,0xFCE8,0xE87A,0x0429,0x0BC5,0xFC88,0x0456,0x0366,0xF157,0xFF43,0xFF31,0xED7A,0x07F7,0x1340,0x0153,
    0x115C,0x0D2B,0xF460,0xF7EB,0xF56D,0xEB9D,0x02F9,0xF99B,0xF4F7,0x017C,0x030B,0x095B,0x0D56,0x1325,0x0DCD,0xFEAF,
    0x041E,0xFFB0,0xF801,0xFF9E,0xFE9D,0xEB90,0xEB4B,0x0F72,0x0586,0x0250,0x12DC,0xF710,0xF3DD,0xFF51,0xF6A5,0x11BA,
    0x14FC,0xFB77,0x0579,0xFA4A,0xF194,0x0596,0x012E,0xF6EB,0xF543,0xF286,0xF95B,0xFA6A,0x06EF,0x0200,0xFFA2,0xFB7F,
    0xF6AD,0xF60F,0x0EF2,0x14FC,0xF4E1,0xF5DC,0x04B2,0xFAC4,0x057F,0x0ED5,0xF959,0xFB68,0xFEFE,0xF079,0x0C97,0x21D7,
    0x01CD,0xF7B2,0xFB20,0xF12E,0xF46A,0x096F,0x0C5A,0x037F,0xFEFC,0xF516,0xF9F0,0x08A1,0x03A7,0xF7E6,0xF870,0x07D2,
    0xFDAE,0xFC6E,0x085E,0xFE9F,0xFEFB,0x096C,0x0105,0xF6BE,0x0244,0x0329,0x058C,0x0905,0x008A,0x0086,0x0402,0xF9A3,
    0xF59F,0x06EC,0x1166,0xFD9B,0xF826,0xF87F,0xF5DF,0x0AE0,0x142C,0x094D,0xF92F,0xF831,0xFB35,0x0489,0x07EC,0xF9A0,
    0xFB10,0x0097,0xF933,0x0845,0x0AD2,0xF8F9,0xFAA4,0x0BBE,0x08DD,0xFF76,0x0734,0x0808,0xF43F,0xF440,0x0628,0xFA08,
    0xFBA7,0x0AA2,0xF7B7,0xF484,0x0427,0x0474,0x0060,0xFC7B,0xF959,0x0269,0x0E32,0xFF93,0xEE75,0x011C,0x0554,0xF0AB,
    0xF961,0xFDD1,0xF684,0xFF17,0x0AF8,0x04A3,0x03E2,0xFD0F,0xF8F4,0x02C1,0x0378,0x0DC5,0x0A92,0xEF76,0xEF4C,0x0207,
    0x00FA,0x08EB,0x0C2D,0xF93E,0xF563,0x0252,0x0358,0x0EE6,0x0A01,0xF7D4,0xEDA7,0xF3E0,0x0BC1,0x10DD,0x0670,0x031B,
    0xF2A5,0xEE48,0x0339,0x11E0,0x02CB,0xFF33,0xFA51,0xEF4B,0xFC9B,0x0876,0xFA4C,0x0311,0x06B2,0xF087,0x0020,0x09EC,
    0xEB35,0xF9EB,0x10E7,0xFDAE,0x0215,0x114C,0x02FC,0xEF46,0xEF06,0xFC0F,0x0434,0x1505,0x15AB,0xF037,0xE8C3,0xFB90,
    0xFBC9,0x05D6,0x1B31,0xF902,0xEECA,0x0C0B,0xFE13,0x02AE,0x1A6D,0x0385,0xF61F,0x0B04,0x0759,0xF3C6,0x0BC0,0x0964,
    0xE5C5,0xF4C9,0x0BED,0xF5F4,0xFB35,0x08C3,0xEE67,0xF147,0x0A11,0x0443,0xFF24,0x087C,0xF604,0xF40A,0x04E7,0x015E,
    0xFCE5,0x097C,0x0663,0xF99D,0x0085,0xFDBC,0xF9F8,0x0C7D,0x082F,0xF957,0x0222,0x0078,0xEEEC,0x07DF,0x152D,0xF4F3,
    0xF976,0x0B34,0xEE70,0xF949,0x14BB,0x082D,0xF1EF,0x005E,0xFB98,0xFDA6,0x17B2,0x06C7,0xF48F,0x0483,0xF64C,0xF654,
    0x15BE,0x055A,0xF67E,0x0B29,0xF9C8,0xE90A,0x1430,0x150A,0xE8E2,0xF90E,0x0B89,0xFC80,0xFCA8,0x0161,0xFA10,0xFD21,
    0x044B,0xFA54,0xFD5A,0x0B7C,0xFC49,0xF663,0x069A,0xFC43,0xF4AE,0x0AF7,0x0358,0xF8EA,0x08E3,0xFD8B,0xE9CD,0xF996,
    0x0A29,0xF995,0x0372,0x090B,0xF669,0xF696,0x097D,0x0A04,0x0257,0x03E1,0xFCAB,0xF5B3,0xFBBF,0x0630,0x0FAC,0x0151,
    0xFC83,0xFBD2,0xF8D9,0xF7E9,0x08A9,0x0C10,0x0174,0xFABE,0x000B,0x09FC,0x0112,0xF6DA,0x0A56,0x05AC,0xEE6D,0x00AB,
    0x0BD9,0xF681,0x018C,0x1003,0x00F5,0xF21B,0xFFC5,0xFEF9,0xFD18,0x117B,0x0FF0,0xF2AB,0xF241,0xFD1D,0x0CC6,0x0DE1,
    0xF379,0xF04A,0x085C,0xFC41,0xFF09,0x1D60,0x095B,0xE47F,0xF125,0x06D7,0x071F,0x05F9,0x0CA6,0xF4E9,0xE589,0x0102,
    0x0D68,0x07C8,0x0382,0xFFC8,0xF467,0xF520,0x010A,0x0AC5,0x1325,0xF9A3,0xF283,0x0E11,0xFBF7,0xE9BE,0x0B94,0x07D0,
    0xEC6B,0xFAF8,0x07CA,0xFB0E,0x08E3,0x0D0E,0xEFE0,0xEEB5,0xF9EB,0xF9EA,0x0A5B,0x1006,0xFE0B,0x009A,0xF7CE,0xEAD3,
    0x04F8,0x13F7,0x00E0,0x0330,0x0A98,0xF624,0xF636,0x15A4,0x0C81,0xFFE8,0x0818,0xF95B,0xF568,0x0B99,0x06C5,0x0068,
    0xFFC7,0xF192,0xF72A,0x02F1,0x02AE,0xFCD2,0xFCCD,0xF647,0xF555,0x06FC,0x04A0,0xFB2E,0x0225,0xFE01,0xF05F,0x02BF,
    0x0D33,0x0937,0xFD00,0x001C,0x0093,0xF7D4,0xFF8B,0x0A9D,0xFEE2,0xFDD4,0x0BCE,0xFC76,0xEF50,0x03AD,0x0DCF,0x04C6,
    0x01E6,0xFC4C,0xF094,0x0275,0x0A70,0x029F,0x0576,0x049B,0xF624,0x0291,0x03DC,0xFE08,0x0A80,0x0545,0xF57B,0xFD99,
    0x081A,0x03F1,0x01CE,0x0500,0xF8C8,0xF8F1,0x05D9,0x061B,0x0254,0xFFA5,0xFA2C,0xFAF0,0xF612,0x0286,0x02E8,0xFE15,
    0xFC90,0xFE4B,0xFEB9,0xFB3B,0xF8CA,0x029F,0x0589,0xF61C,0xFD21,0x0A11,0xFE0B,0xFDE6,0x07DD,0xF6AD,0xEACB,0x01F2,
    0x0995,0xFA6F,0xFB65,0x055C,0xF69E,0xFE37,0x08FD,0x0C38,0x06B4,0xF1FE,0xFBD7,0x04A9,0xF8DC,0xFCAA,0x0A7E,0x0E05,
    0x04C3,0x02DE,0xFC61,0xE974,0xFD1F,0x173B,0x04F8,0x036A,0x0E6B,0xEA6D,0xE69E,0x1596,0x142C,0xFB00,0x05C6,0xFCA2,
    0xEEA5,0x03D2,0x0D4D,0x0225,0xF8AD,0xEF70,0xF907,0x0458,0x03A5,0x0CE7,0xFAE0,0xEFD8,0x07DD,0x0181,0xF774,0x0A90,
    0x092A,0xEC56,0xFFDD,0x09E4,0xF3A8,0x0200,0x10C7,0xF80B,0xF45D,0x0915,0x0706,0xF868,0xF744,0xFA9B,0xF5F9,0xFA69,
    0x11FF,0x0962,0xEF0A,0xFC56,0x0673,0xF2CA,0x05A1,0x147E,0xF64F,0xF6ED,0x08AC,0x01EB,0x077D,0x08F0,0xF2BA,0xEC95,
    0x04EA,0x1190,0x1650,0x002B,0xEF4B,0xF560,0xFE2E,0x14B8,0x150D,0xFAE4,0xF504,0xF8CD,0xFFFD,0x022C,0x09F1,0x0B6C,
    0xFFEA,0xF6D5,0xFB84,0xFF14,0xFC5E,0x073E,0x0626,0xF8DD,0x06F2,0x12C9,0xF5EC,0xE47A,0x01EB,0x028A,0xFD29,0x12F8,
    0x0518,0xDB5E,0xFA4A,0x1989,0x0500,0x014C,0xFB6A,0xED42,0x009B,0x0938,0x07AB,0xFBD4,0xEDB3,0xF239,0xFFDA,0x0B5F,
    0x0EE0,0x043B,0xF530,0xF761,0xF4BC,0x0704,0x1215,0xFDED,0x0010,0xFEB5,0xF020,0xFE80,0x085F,0x00AA,0x04A8,0xFBE4,
    0xFEE9,0xFED1,0x072C,0x0A4D,0xF61F,0x0085,0x0446,0xFFBF,0x0EDE,0xFB57,0xFEDA,0x10E4,0xF213,0xEBEF,0x10DF,0x0BC1,
    0xFE3F,0x06B5,0xF8D1,0xEC84,0xFD17,0x05F9,0xFD42,0x0786,0x0920,0xEE45,0xF40B,0x0BB0,0xF593,0x00CD,0x0D14,0xF4D1,
    0xF3FA,0x0A24,0x0EB1,0xFD89,0xFD71,0x0775,0xFDB8,0xF9F5,0x11CB,0x0CFC,0xF85D,0x02E8,0x0562,0xF8D7,0x0987,0x0690,
    0xF615,0x044E,0x0B2F,0xFDAE,0x0330,0x075C,0xF718,0xF878,0x08AC,0x04E7,0xF7D1,0xF412,0xF5DA,0xFD87,0xF7A6,0x0BDD,
    0x0355,0xE915,0x0232,0x0E6E,0xF44A,0xFB82,0x01FB,0xF845,0x05F8,0x0C23,0xF710,0xF1D4,0x039A,0xFFAB,0xF278,0x0AB0,
    0x1090,0xEA7F,0xFA67,0x11FB,0xF57D,0xF855,0x1531,0xF96C,0xEE3B,0x0B0D,0x02D7,0xFA3C,0x018B,0x03CA,0xFA7A,0xF917,
    0x05BB,0x1377,0x00D2,0xF55E,0x00AF,0x0A2C,0xFC88,0xF255,0x069D,0x00FD,0xF2F5,0x0C85,0x0C68,0xF344,0x044F,0x0068,
    0xEEE9,0x0622,0x0D3D,0xF33E,0xFE32,0x1473,0xF234,0xF4DE,0x1DA5,0xFC23,0xE6CC,0x1423,0x0967,0xE750,0x0716,0x06E1,
    0xEC91,0x0D10,0x0A55,0xE69C,0x0C2A,0x0365,0xE563,0xFE95,0x0D48,0x03D1,0xFF5D,0x111B,0xF276,0xE9F6,0x1984,0x0706,
    0xF1FC,0x1934,0x0B32,0xECCD,0x07B2,0x0AA0,0xF78F,0x048D,0x03F2,0xE600,0x0A01,0x140F,0xF563,0x0A60,0x03BD,0xF135,
    0x0474,0x1458,0xFCED,0xF6FD,0xFF2B,0xF15A,0xFB40,0x0CB1,0xFEF1,0xFA18,0x096D,0xFA25,0xFE7A,0x0DC8,0xFF65,0xF45C,
    0xF17F,0xF708,0x0A72,0x0B1A,0x00CA,0xEF4C,0xEEDF,0x0555,0xFC13,0x13E7,0x1AD7,0xEE8C,0xF696,0xF995,0xE540,0x0DCF,
    0x1551,0xF280,0xFB5D,0x0D92,0xFD5F,0xFA7F,0x10BC,0x0188,0xEF07,0x05DC,0xFFFA,0xF087,0x00BD,0x099A,0xF66C,0xF91C,
    0x0978,0xFF20,0x0A59,0x0A06,0xEBBF,0xF5E4,0x0BF3,0xF963,0xF698,0x0E7C,0x07AE,0xFA28,0x0E39,0x0F72,0xF644,0x0807,
    0x0913,0xFD9F,0x045E,0xFB90,0xF57E,0xF7C6,0xF960,0xF9BB,0x048B,0x0A76,0xF8A7,0x0F20,0x1C77,0xF51B,0xF71D,0x0395,
    0xF3CD,0x0496,0x1B6C,0x08D6,0xF6DE,0xF71D,0xF3C3,0xEAD4,0xF89B,0xFB33,0xFA7F,0x03CA,0x017E,0x0F52,0x1C6C,0x023D,
    0xFF46,0x1016,0x0CB7,0x0378,0xFFE8,0xFE74,0xDE06,0xDD0D,0x0920,0xF735,0xED34,0x1556,0x031D,0xF3D5,0x0383,0xFF71,
    0xF9F7,0x0B54,0x0DED,0x0B86,0x1608,0x017C,0xFEE6,0x0F51,0xF728,0xEE05,0x09AA,0xF85E,0xF099,0xFB4E,0x022A,0xE32D,
    0xE646,0x0248,0xFA49,0xF9CD,0xFF55,0xFCE0,0x0769,0x0ED5,0x0488,0x09D1,0x0EE5,0x0003,0x0685,0x1709,0x040A,0xF737,
    0x0967,0xF1CC,0xE5AD,0x03BC,0xF642,0xE3B4,0xFF01,0x012F,0xFB43,0x02B1,0x14A0,0x0E2A,0x1058,0x08C0,0x0953,0x0180,
    0xFFC8,0xEED5,0xF74A,0xF875,0xF717,0x0827,0x0495,0xF907,0xF820,0x04BA,0x0695,0x039D,0x0D23,0x07B2,0xEFEA,0x0471,
    0x0C13,0x061E,0x076D,0x0039,0xF195,0xFE68,0x07F8,0x071C,0x02CE,0xF5A3,0xDC5C,0xEC51,0xFD96,0xF143,0x0F61,0x16CE,
    0xFD87,0x01BD,0x0464,0xFD2D,0x05DB,0x1297,0x151C,0x02CC,0x0076,0xFC80,0x0271,0x0A6D,0xFBEC,0xF59F,0xF66E,0xF004,
    0xF206,0xFEEE,0xF831,0xF118,0xF6DA,0xF8DC,0xFD6E,0x0E05,0x102E,0x0B49,0x00CD,0xF774,0xFBA5,0xFC93,0x052A,0x024C,
    0xFFAA,0xFDB9,0xF84D,0x0167,0x0555,0xF976,0xF2FA,0x0086,0xFDA9,0xF54E,0x14AD,0x13F9,0x0798,0x063D,0xF9F2,0x021A,
    0x0C6D,0x0407,0xF1B2,0xFC37,0xF89A,0xF49C,0x05B4,0x06E7,0x0616,0x08B3,0x06A0,0xFE00,0x0923,0x0C77,0xFD84,0xF52E,
    0x020A,0x051D,0xF7DC,0xFD4A,0xFFC7,0x015F,0x04C0,0x0360,0xF04F,0xFAF4,0x0B5F,0xFFF4,0xF727,0xFCD3,0xFF34,0xFC7D,
    0xFBC2,0x0A2E,0x06A9,0xF989,0xF882,0xFA92,0x0000,0xF352,0xF578,0x0E95,0xFBFE,0xF324,0x0065,0xF7D6,0xFF0C,0x0E57,
    0xFC69,0xF341,0xFF7E,0x0362,0x0464,0x138F,0x0786,0xF5AA,0x0577,0x0537,0xFCE7,0x0348,0x013F,0xFCC3,0x06DF,0x0743,
    0xF961,0xF72F,0xFF60,0x00C2,0xF59B,0x0085,0x016F,0x0030,0x0726,0xFD1C,0xFF4D,0x02AF,0x045C,0x0001,0x04EF,0xFF51,
    0xF393,0x0310,0x0443,0xF302,0xFD2C,0x06D2,0x0DFD,0x0906,0x09EE,0xFEB5,0xF503,0x0FBC,0x1101,0x005E,0x00F7,0xF833,
    0xF939,0x0C82,0x0310,0xF4CF,0x008F,0x0510,0xFF60,0xF489,0xFC26,0xF9F0,0xFE20,0x0841,0x0009,0x0733,0x0565,0xF399,
    0xFECA,0x01C5,0xF0B9,0x00B3,0x0881,0xFE48,0xFA5F,0xFF8B,0xFB9F,0xFD64,0x01C9,0xFCB8,0xFB16,0x01A0,0x074C,0x035D,
    0x009D,0x0011,0x085C,0x076E,0x034A,0x00DA,0xFB52,0x004E,0x081F,0xFAD1,0xFF16,0x01E2,0xFA7F,0xFCA5,0xFD4F,0x0181,
    0xFA87,0xFDE9,0x0B24,0xF406,0xECF5,0x062B,0x0D4B,0xFF9B,0x060E,0xF60D,0xE9B5,0xFB9A,0x0A50,0x0446,0x0254,0x0230,
    0xF679,0x0121,0x0616,0x0318,0xFE2B,0xFE74,0x0339,0xFD8E,0x0B41,0x03B8,0xF59D,0x062E,0x0409,0xF201,0x0657,0x0AEF,
    0xF10B,0xFA3F,0x0515,0xF2C7,0xF7C4,0x0F1A,0x05F0,0xFF9A,0x0414,0xFF75,0xFBB7,0x0947,0x00A3,0xF8EA,0xFF1B,0x00D5,
    0x0228,0x0131,0x046C,0xFDE3,0xF221,0xFF26,0x046C,0x0250,0x080D,0xFD9E,0xF4F6,0x0913,0x0884,0xFDC6,0x0BF2,0x0B1F,
    0xE882,0xF66B,0x0CD6,0x0126,0x004E,0x0383,0xEAA2,0xFA38,0x133E,0x034E,0xFEC7,0x0092,0xEB8A,0xECE6,0x0A01,0x1308,
    0x083F,0x0619,0xF810,0xE6A0,0x04BB,0x138F,0xFDCC,0x0154,0xFF01,0xE69B,0xFC06,0x1638,0xF598,0x09F1,0x11F3,0xE290,
    0xED61,0x1718,0x06DF,0xFA91,0x1345,0xFBA0,0xEA92,0x0C33,0x0A2B,0xF700,0xFE3D,0xFB5A,0xF49D,0x0228,0x0EF7,0xFE9D,
    0xF644,0xFA1D,0xE2DD,0x02E9,0x24C0,0xFC39,0xFC04,0x15D8,0xF059,0xF6F0,0x2957,0x0461,0xED52,0x1026,0xFABB,0xF44B,
    0x17CD,0x01C6,0xF437,0x0876,0xF6ED,0xFB97,0x10FF,0x0378,0xF77A,0x095D,0x05CB,0xEFD8,0x1098,0x071C,0xE578,0x0075,
    0x0D31,0xEEF6,0xF36F,0x0BD6,0xED5F,0xF7A4,0x1483,0xF939,0xEE1B,0x0C1D,0x00BC,0xF1A1,0x07A0,0x08C8,0xFAD8,0x07A5,
    0xFEDF,0xF487,0x08C3,0x0352,0xF6F2,0x062B,0xFEC1,0xEF0E,0x0C02,0x1438,0xED42,0xFA32,0x0F9A,0xF60D,0xF007,0x1153,
    0x09F6,0xEDAB,0xFE92,0x07AD,0xFAD0,0x0756,0x09A7,0xFB7B,0xFA52,0x016C,0x01E0,0x082D,0x0330,0xFF06,0x11CA,0xFEA2,
    0xEC5E,0x0180,0x0B31,0xF438,0xFAC1,0x0F55,0xFC8E,0xEB2D,0x04BE,0x0B44,0xF70F,0xFD8C,0xFAE9,0xFFE4,0xFD4E,0x01B6,
    0x0C32,0x0682,0xF998,0xF48A,0x054C,0xFE1A,0xFE3A,0x0F3F,0x04A6,0xF346,0x02A7,0x0F28,0xFD72,0xF96B,0x0485,0x011E,
    0xFAA7,0x085C,0x0DAB,0xF858,0xF556,0x0437,0xFDC3,0x0121,0x0375,0x0613,0x0541,0x024A,0xF5D2,0xF755,0x007B,0xF9D8,
    0x0EB8,0x0DB5,0xEE56,0xF28A,0x0456,0xFF51,0x0301,0x0561,0xFB68,0x0220,0x0299,0x08FB,0x0A76,0xFC50,0xF54E,0xF9DD,
    0x03EF,0x02F3,0xFD3F,0x0051,0xF6DA,0xEF76,0x02E1,0x0928,0x04C3,0x02BE,0xFB13,0xFD2C,0xFB5F,0x0EBB,0xFE15,0xF7BE,
    0x042B,0xF99E,0xFAE0,0x0537,0xFC0C,0x032D,0x049B,0xEE19,0x001C,0x1119,0xF555,0xF80E,0xFF2E,0xEED4,0x036D,0x0DDC,
    0xF8C2,0xF2CB,0xFDF5,0x014B,0x056F,0x0889,0xEF41,0xF25D,0x0028,0x0274,0x094D,0x0796,0xFF03,0xFCE3,0xF998,0x03FC,
    0x0DE9,0x039F,0x0643,0x05C1,0xFF6D,0x023C,0x0488,0x0065,0x0678,0x0BB6,0x02FB,0xF970,0xF282,0xFFD4,0x077E,0x02B9,
    0xFB28,0x059E,0x082A,0xF447,0x08CB,0x1805,0xFDC4,0x01BD,0x06F6,0xF32C,0x0915,0x0CD7,0xEDD6,0xFAF9,0xFF88,0xF3A8,
    0x008A,0x089C,0xE93C,0xF005,0x006B,0x0154,0x0339,0x0355,0xFA38,0xF302,0x0615,0xFFF5,0x067C,0x04E2,0xF311,0x02D7,
    0x0BC3,0x01A0,0x02D7,0xFC95,0xF676,0x05B6,0x04BD,0x0059,0xF7C3,0xFC53,0x0490,0xF9CD,0x10FF,0x0C67,0xE5B2,0x0111,
    0x0F0B,0xF46A,0xFF6D,0x1905,0xFAFD,0xF3B3,0x0D63,0xF983,0xF41D,0x10E5,0x0887,0xF5DF,0x0A9F,0x0217,0xF008,0x04C0,
    0x077B,0xF391,0xFA62,0x07DB,0xF518,0x018B,0x0C55,0xF6EA,0xF3A1,0x05DC,0x047B,0xFE8F,0x0A23,0x0879,0xF782,0xEF2E,
    0x00F5,0x0ACB,0x0660,0xFA94,0x05D4,0x0299,0xF074,0x0407,0x0B7B,0xFAA6,0xFE67,0x0BE2,0xFC4B,0xF4CE,0x041A,0xFA7F,
    0xF673,0x021D,0x083C,0xF816,0xFB65,0x0346,0x01D8,0x07E0,0x0257,0xFD91,0xF4D4,0x0041,0x0542,0x0C60,0x07AD,0xF1FC,
    0xEB04,0xF152,0x04C5,0x1205,0x12C9,0x0831,0xFE6D,0xF495,0xEB18,0xFF8B,0x1B59,0x00BF,0xFA3C,0x00CC,0xF16F,0x0267,
    0x0D6E,0x015F,0xEFAE,0x0085,0x02A4,0x00DC,0x07EA,0x0992,0xF32A,0xE5E2,0x06BA,0x0146,0xFAF8,0x100E,0x04F8,0xEF5B,
    0x052D,0x02D3,0xFAD8,0x082D,0xF9EF,0xF622,0xFB26,0x008D,0x01DA,0xFA82,0xFA57,0xF8A2,0xFF0C,0x0D6E,0x02DF,0xF7E9,
    0x00AB,0x05B9,0x0489,0x05F9,0x0353,0x110E,0xF8CA,0xFD41,0x1A97,0x0320,0xF582,0x09D1,0x00EC,0x021B,0x16EF,0x06CA,
    0x0257,0xF819,0xFA62,0xF8C5,0xFF34,0x0AA5,0x06F6,0xFCC8,0xFAD6,0xFB8C,0xFF4D,0xFC2C,0xF93C,0xFFF7,0xFCCA,0x00D8,
    0xFB65,0xF20B,0x05D4,0x06F2,0xF9DD,0xFECA,0xF9A9,0xF0C0,0x0220,0x04EF,0xF4C7,0x0068,0x0014,0xEF1E,0xFC13,0x139A,
    0xFB72,0xFB7A,0x0F0B,0xF637,0xFD8E,0x0DF4,0x086A,0xFDC1,0xFC83,0xFC79,0x0164,0x0358,0x080D,0x02DE,0xF2EA,0xFD0A,
    0x0C2D,0xFBF6,0x043F,0x0698,0xF8DC,0xF605,0x0363,0x149B,0xFA72,0xEEA5,0x04D5,0x01BB,0xF1F6,0x0C40,0x0DFD,0xE7D9,
    0xF7E4,0x0D82,0xF5A2,0x02E3,0x1078,0xF25D,0xF762,0x0E3F,0x054F,0xF2BB,0x0724,0x01FA,0xEA5D,0x0760,0x1006,0xEE60,
    0x039F,0x0E0F,0xF2AA,0xFD27,0x1137,0xFA71,0xF94B,0x0B02,0xF9D8,0xFF2E,0x08BC,0x010D,0xED02,0x034B,0x0A9D,0xEED5,
    0x0943,0x04ED,0xE8F4,0x0AD5,0x1259,0xEF7E,0x04BD,0x0F54,0xF331,0xFBA5,0x1277,0x01B3,0xF696,0x099F,0xFE05,0xF8A2,
    0x1151,0xFF66,0xED8A,0x018B,0x0460,0x0632,0x0EDD,0x034A,0xF843,0x0281,0x038F,0xFB3A,0x0380,0xF5D5,0xE5CF,0x1287,
    0x1465,0xDD40,0x0252,0x0DDF,0xD7E7,0x05BB,0x2264,0xEBC8,0x00FA,0x133A,0xE9B6,0xF927,0x1F5F,0x07C5,0xF47A,0x0AF0,
    0xFD32,0xEA18,0x15D1,0x0E3E,0xE0FB,0x02EB,0x09C2,0xE416,0x0B4F,0x1E34,0xF0A7,0x005D,0x0A06,0xE3E8,0x01FD,0x1549,
    0xF400,0xFB9F,0x09C6,0xEFF3,0x0238,0x1920,0xF5A7,0xF5C5,0x04EB,0xFB8D,0xFBAD,0x14B7,0x1A7F,0xFAE4,0xF7F3,0xFC14,
    0xFCCD,0x06FF,0x064F,0xFB15,0xFEC6,0xFCE7,0xF9E7,0x102D,0x0A3E,0xEBC0,0xF634,0x03A0,0xEE94,0xFF34,0x158E,0xF7F9,
    0xFAFB,0x0DE9,0xFC14,0x00C2,0x114E,0xF35F,0xF26B,0x052D,0x01AD,0xFCC5,0x1438,0x0D08,0xE9E5,0x04E0,0x0B36,0xEA30,
    0xF843,0x029A,0xE7B7,0xF705,0x0D0C,0x07BB,0xF4F7,0xFFAD,0x1112,0x03A0,0xFDF1,0xFC8E,0xEDF8,0xEB63,0xF87B,0xFAD9,
    0x05D3,0x00F1,0xF243,0x033D,0x0F32,0x0751,0x0A98,0x122C,0xEE77,0xEA62,0x1556,0x099F,0xF5B0,0x011C,0xEE30,0xE68C,
    0xF356,0xFCB5,0x09A1,0x0338,0xF6DB,0x0183,0x1276,0x0B64,0x0B0D,0x1605,0x0F4C,0xFE47,0x0EBB,0x1507,0xF224,0xF796,
    0x069F,0xEFC2,0xE818,0xF8F1,0xEF69,0xF0C4,0x04C6,0x00F2,0xF7C7,0x08B4,0x08EB,0x086F,0x20AA,0x129C,0x0161,0x18B1,
    0xFFCB,0xF02F,0x0AD2,0x06C5,0xE054,0xEB36,0xFCD0,0xE9D0,0x0301,0x0E5B,0xEF26,0xF65F,0x0076,0xEFDB,0x1255,0x0F12,
    0x0EA0,0x1928,0xFF51,0xF5FF,0x0D6B,0x13D4,0xFA7E,0xFDF3,0x06D7,0xEC89,0xDD38,0xFD22,0x0029,0xEECD,0x0230,0x0353,
    0xFC17,0x138A,0x2281,0x1358,0x1C49,0x0E51,0xF561,0x0CDB,0x0726,0xF475,0xFE7F,0xE722,0xC8C2,0xE4CD,0xF58D,0xF3E9,
    0xFAE6,0xFE23,0xFA6C,0xF9F0,0x138D,0x1660,0x0446,0x0346,0x03B7,0x0B4C,0x0C4A,0x1388,0x075E,0xFA34,0x00DC,0xFBB9,
    0x05AC,0x071E,0xECCD,0xF7A1,0xFBE4,0xEEA2,0x01F3,0x10C1,0xFDFE,0x0066,0x1470,0x07C3,0xF667,0xFE9A,0xF6C3,0xF654,
    0x09DA,0xFB40,0xFF09,0xFCA3,0xEA2D,0xF586,0x0A1E,0x0874,0x0615,0x0FFE,0x021F,0xF708,0x033B,0x038A,0xFB16,0xFD51,
    0xF35A,0xF784,0x01B1,0x0132,0xFE74,0xFFEA,0x08F3,0x02F3,0x08D1,0x122A,0x0587,0xFA3D,0xFF66,0xF9FA,0xF8E5,0x05F8,
    0x0031,0xF65B,0x0A85,0x0BD5,0xFA1A,0x032D,0xF787,0xEC09,0x0000,0x0766,0xF631,0xFA2A,0xFC98,0xF3E5,0x0385,0x0682,
    0xFCB3,0x06BA,0xFB87,0xF66B,0x0000,0x0807,0x0B8C,0xF1FC,0xF593,0xFE95,0x05E9,0x0E0C,0xFF93,0xF209,0xFAF6,0xFF51,
    0x00EC,0xFF1C,0xFE88,0x0886,0xFE6D,0xFB3E,0x024D,0xFCDD,0xFAC1,0xFED1,0x02C7,0x02B4,0x0798,0x06B7,0x0471,0xFD42,
    0xFCEB,0x035E,0x05F6,0x05C1,0x05A9,0xF381,0xEC63,0x0200,0x0DAD,0xFFCA,0xFD44,0xFA22,0xFDED,0x0807,0x07E0,0x08A1,
    0x050A,0x02B9,0xFAFB,0x09D4,0x0960,0xFA1D,0xF93B,0xFF66,0x02BF,0x012C,0x097F,0x0790,0xFBF6,0xFA17,0xEC7B,0xF445,
    0x0866,0x0277,0x04FA,0x09E6,0xFB7F,0xF52B,0xFFDC,0x016C,0xFA91,0x03C4,0x10D7,0x018B,0xF120,0xFCA8,0x0024,0x04CB,
    0x1416,0x05A4,0xE8D0,0xFB38,0x03CD,0x04F0,0x15DD,0xF835,0xE912,0xFABE,0x087F,0x0B81,0x1042,0xFE1E,0xEF61,0xFC9B,
    0x050F,0x03F4,0x0A21,0x0555,0xEC32,0xEB5E,0xFF90,0x0B63,0x1001,0xF863,0xF46D,0xF4DF,0xF7AA,0x0FDC,0x11C0,0x00E2,
    0xFF40,0xF644,0xFEB5,0x0F08,0xFA82,0xFB0B,0x0345,0xEDD9,0xF37B,0x0A20,0xF7FC,0xEFB3,0x0D75,0x0B84,0xF973,0xFF30,
    0x0AB5,0xFAD9,0x024F,0x1117,0x05A9,0xFE88,0xFBFC,0xFE47,0x01F2,0x072B,0x0A43,0xFB2E,0xF9D8,0x02EB,0xF7D1,0xFFDC,
    0x144B,0x016F,0xE7D6,0xEC9D,0x0082,0x0173,0x0559,0xFC4C,0xF250,0xF7F0,0xF55D,0x0AF7,0x1699,0xFEEE,0xFDA1,0xFE08,
    0xFD4E,0x03C9,0x0FA6,0x0196,0xF11D,0xEAE9,0xFC1F,0x0B4E,0x05A3,0x08C1,0x02F3,0xF826,0xF418,0x0F02,0x0E88,0xF9A3,
    0xFF73,0xFF34,0xF77D,0x0587,0x0EDB,0xFCB8,0xFEB1,0xF912,0xFE50,0x0109,0xF83B,0xFFD2,0x05AC,0x06F2,0xFDD9,0xF953,
    0xFE3B,0xFFB2,0xFB77,0x0C20,0x0C35,0xF7DB,0xFEEA,0xFF93,0xF674,0x088F,0x1423,0xFB21,0xF314,0x10E2,0x086A,0xF9B0,
    0x1279,0x029C,0xEDCF,0xFFDC,0x0E46,0xFEBA,0x0395,0xF9AD,0xEC54,0x03D7,0x09D4,0xFEF7,0x0DB7,0xF203,0xE09F,0x084A,
    0x03FF,0xF7FB,0x0E71,0x0C3F,0xEB8F,0xF46A,0x16A9,0x027A,0xF01A,0x0EFF,0x0BE0,0xE6B6,0xFFA7,0x104B,0xFAB4,0xFFFA,
    0xFD7A,0xEB87,0x0A16,0x0849,0xF7BC,0x1485,0x0050,0xDF76,0x0551,0x16C1,0xF43F,0x0975,0x0245,0xDFE8,0xF74F,0x0DC0,
    0xFE65,0xFB70,0x02A9,0xF888,0xF256,0x0A73,0x138A,0xFC70,0xFC89,0xF8F7,0xF4FE,0x15B3,0x1713,0xF53D,0xFBC9,0xF88B,
    0xE845,0x059E,0x11B0,0xF1EE,0xF7EB,0x0597,0xE80E,0xFB2B,0x2169,0xECF3,0xE66A,0x1811,0x0154,0xF7A4,0x1075,0xEE8F,
    0xF14D,0x115B,0x0581,0xFACE,0x0AEA,0xF125,0xFC0A,0x12A1,0xFE6A,0xF377,0x0E93,0x02C9,0xEA2B,0x04F8,0x10B4,0xF09C,
    0xFA9B,0x0159,0xF7D9,0x0AFA,0x1766,0x0765,0xF7B4,0xFE8F,0x050A,0xFC81,0x09C6,0x0535,0x0383,0x04ED,0xFBC4,0xFAEE,
    0x0DCA,0x0581,0xF041,0x05AB,0x16D1,0xFDE1,0x01BB,0x0829,0xEF99,0xF880,0x0EA8,0xF9B6,0xFA8E,0x063A,0xFCDA,0xFB8D,
    0x02D6,0xFB20,0x03F2,0x0EB0,0xF947,0xFC39,0x0CDB,0xFD02,0xF632,0x0995,0xFCDD,0xF6EA,0x05F9,0xFEBA,0xEE1E,0xEFB6,
    0x0D0B,0x046B,0xFC0F,0x0013,0xF351,0xF8EC,0x06CF,0x0C7A,0x0434,0x0517,0xF465,0xEE4D,0x13BD,0x0945,0xF4EB,0x0635,
    0x00F2,0xEE01,0x0DEA,0x0DD5,0xF5C0,0x04F8,0x098A,0xF811,0xF374,0x05B7,0xFBBD,0x00A0,0x0E27,0x00DD,0x0315,0x0CDE,
    0xEBEA,0xEF01,0x0D0E,0xF504,0xFEDF,0x1154,0xFD17,0xF3DD,0xFDB4,0x0678,0x004B,0x0795,0x0036,0xFA8E,0xFD84,0x043B,
    0x063E,0x04BA,0xFBBA,0xEED9,0xFE15,0x141F,0x06E2,0x0029,0x1151,0xEEDC,0xF4CE,0x1C4D,0xFF5E,0xF133,0x0635,0xF89D,
    0xF28D,0x1441,0x09A1,0xF6EB,0xF27B,0xF482,0x0075,0x12D3,0x0045,0xE4C9,0xFBF4,0xF60D,0xFAFD,0x10E4,0x0A8A,0x040A,
    0xF715,0xFC7B,0xF993,0xFD1C,0x066A,0xFF16,0xEB0C,0x0098,0x1A41,0xFD49,0xF4E1,0xFBE4,0x025A,0xFDF0,0x16CC,0x11B3,
    0xEEFC,0xEE52,0xFF14,0x17B5,0x016C,0xF61E,0x0690,0x0740,0xE87D,0x07A0,0x1DA0,0xE7DC,0xF4EB,0x1018,0xF2CB,0xFB63,
    0x13B9,0xF3C1,0xEE00,0x0F0A,0x06F9,0xFEAC,0x0642,0x06EE,0xFCC8,0x0412,0xFCA2,0xF352,0x031B,0x01B9,0xFC06,0x0606,
    0x0076,0xFDD4,0x01DA,0x03D5,0x0672,0xF99D,0x01C6,0x0E1E,0x0095,0xF3BC,0xFA2A,0xF5B2,0x0925,0x07A8,0xF550,0x105A,
    0xF800,0xEC21,0x07B5,0x0D0E,0xFDAE,0x0143,0xFF28,0x02C3,0x0632,0x0028,0x0977,0xFD8B,0xF8B4,0x04D5,0x0C95,0x0019,
    0xF6DB,0x08E0,0xF825,0xF3D3,0x10BA,0x0587,0xEDE0,0xFA3C,0x0AB5,0x0460,0xF897,0xFEA1,0xFFE5,0xF535,0xF9C0,0x08A8,
    0x04E8,0xEF76,0xF83B,0x0013,0xFA47,0x02C7,0x0304,0xF3A6,0xFA28,0x0701,0x0C4A,0x07FC,0xF813,0xFE1A,0x00E4,0x0650,
    0x09E4,0x0441,0xF45A,0xF873,0x0779,0xFF9E,0x098F,0x094A,0x011C,0xF399,0x01FF,0x0AD5,0xFA92,0x0AED,0x0065,0xF031,
    0xFCA5,0xFEA5,0xFD42,0x0667,0x094F,0xF826,0x02C7,0xFE28,0x0657,0x0208,0xF8AC,0x0713,0x0447,0x0582,0x018B,0xFE28,
    0xF6B6,0xF990,0xFC83,0xFC96,0x0431,0x0499,0xFAEC,0xF702,0x0070,0xEDE9,0xF690,0x093D,0xFA37,0xF64E,0x0549,0xFD39,
    0xFBAF,0x0129,0x00FC,0x012E,0x010D,0x0756,0xF679,0xEF21,0x16D9,0x1150,0xF8FA,0x0136,0xFA8C,0xF573,0x084E,0x176D,
    0xFD97,0xE922,0x12EE,0x0824,0xEF68,0xF7D3,0x085C,0xFE25,0x00C2,0x1B19,0xFBCC,0xF4EF,0xFFBD,0x012C,0xF67E,0x0A55,
    0x10DD,0xF503,0xFC3B,0xFEC1,0xF185,0xFD07,0x14AA,0xF6EE,0xF23C,0x094B,0x02E4,0xF860,0x0AFF,0x0C25,0xEE42,0xFBAF,
    0x07BD,0xF9AE,0x0257,0x01FA,0xFAB1,0x025F,0xFAEC,0x013E,0x1101,0xFD96,0xF20B,0xFF48,0x0542,0x03ED,0x0238,0xFAD6,
    0xFAFB,0x0618,0x0B04,0x096D,0x06BC,0x0723,0x0395,0xFBA0,0x00DD,0x103A,0x04CA,0x0724,0xFC37,0xF9A1,0x05AB,0xF5CD,
    0xF99E,0x031E,0x009F,0xF524,0x024F,0x0DB4,0xEBE9,0xF324,0x0707,0xFBAA,0x07FA,0x1173,0xF07C,0xEE92,0x07D0,0xFCFC,
    0x008A,0x0AD5,0xFC5B,0xEFB5,0x03E1,0x1088,0x01B1,0x0406,0xF75C,0xFF07,0x013A,0xFC5B,0x07DF,0x054F,0xEB70,0xFA8C,
    0x14BB,0xFBB7,0x0346,0x0571,0xEDB3,0xF984,0x0AF2,0xFE01,0x01F8,0x062E,0xEEFF,0xF951,0x10F7,0x0CDC,0xF6BB,0xF7FB,
    0x0068,0xF735,0x02B1,0x0E8E,0xFC11,0xF53B,0x0756,0x036A,0xFECA,0x0A41,0xFE87,0xEBA0,0x0609,0x0EA9,0xF570,0x005B,
    0x0A83,0xED65,0xFE30,0x1454,0xF36F,0xFD44,0x0252,0xEB78,0x063B,0x0DC0,0xF467,0xFDE9,0x0BFB,0xF877,0x018B,0x07EF,
    0xFC9E,0xF283,0x0294,0x04BA,0x03A8,0x08D6,0xF017,0xF031,0x0B4A,0xFE30,0x047C,0x1E9E,0xFFA0,0xE120,0xFF3B,0xFB68,
    0xF008,0xFDFD,0xFD8B,0xF24E,0x01B1,0x10DA,0xF609,0xF5AA,0x0D53,0xFCD5,0xF747,0x1372,0x026C,0xEC9B,0x0355,0x02C3,
    0xFC79,0x1287,0x103A,0xEE8F,0x0B27,0x15C8,0xEDA6,0x08CC,0x0C06,0xE839,0xFBC5,0x0E22,0xF607,0x069A,0x11B2,0xE9DE,
    0xFA0A,0x0EBE,0xFD99,0x0549,0x0BD3,0xF0F0,0xF63A,0x0CAA,0x06A0,0x0009,0x0C10,0x02AF,0xF415,0x092F,0x07C3,0xFA24,
    0x04D0,0xFFB3,0xF6B3,0x0581,0x12E1,0xF58E,0xF883,0x08E1,0xF71D,0xF3C0,0x0938,0x00E0,0xF165,0x07BD,0x0947,0xF36C,
    0x0805,0xFC21,0xE8CD,0x00E7,0xFE57,0x04B6,0x1948,0xFD35,0xF0A4,0xFC61,0xFDB0,0xFA12,0xFFC7,0x0F54,0xFF80,0xECEA,
    0x0046,0x07AD,0xF961,0x096D,0xFE0B,0xF430,0x09EC,0x0835,0xFC7D,0x079B,0x03DF,0xFC0A,0x0A26,0xFEE7,0xF408,0x0A38,
    0xF5EC,0xEC63,0x089E,0x071F,0xF31D,0x0BD8,0x0912,0xF4B2,0xF816,0x02EC,0x0527,0xFC9E,0x005D,0x033B,0xF7C4,0xFA59,
    0x0EB0,0x044E,0xFA7C,0xFAD1,0xF432,0x0A38,0x0275,0xFB72,0x0677,0xFC29,0xF2B8,0x0537,0x16B9,0xF0D9,0xF38F,0x0958,
    0xFE9A,0xFA65,0x096C,0xFBB2,0xF4E6,0x0A92,0x01C9,0x0131,0x0AFA,0xFA54,0xFCAD,0x0DF7,0x0202,0xF61F,0x0C1A,0xFE9F,
    0xF781,0x0935,0x0136,0xEEB8,0x012F,0x07D8,0xFAE4,0x0766,0x07AD,0xFFE5,0xFD3C,0x02AE,0xFE5A,0xFEDE,0x0208,0xFED1,
    0x071F,0xFF85,0x019B,0x06E1,0xFE42,0xF82E,0xF676,0x04F8,0x0059,0xFEDA,0x056A,0xFEAD,0xF1DC,0xF89A,0x08B9,0x0474,
    0xFA38,0xFD76,0xFA27,0xFDF9,0x082A,0x04C6,0x037D,0xFD0C,0xFB32,0x03DA,0x0281,0xF9B0,0xFFD7,0x06BC,0xF8B4,0xFCE8,
    0x05F5,0xFC01,0xF92F,0xF79A,0xFE92,0x0178,0x06BC,0x0257,0xFBBD,0xFE22,0x013E,0x0198,0x057A,0xFDDD,0xFE97,0x040A,
    0x0320,0x02A4,0x07DA,0x0227,0xF344,0xF735,0x0995,0x07C8,0x047C,0x0346,0xFD3D,0xFA0A,0x05A3,0x0460,0xFE43,0x00C5,
    0xFD22,0xFE0A,0xFFFA,0x0535,0x048E,0xFF38,0xFD96,0xFD34,0x03E4,0x03FC,0xFEA5,0x010D,0xFF4E,0xFBA0,0x0189,0x074B,
    0x03A8,0xFEA2,0xF895,0x014E,0x017B,0x00E5,0x0711,0x0149,0xFD67,0xFC8B,0xFE53,0xFF2C,0xFABC,0x0319,0x0254,0x00DA,
    0x04B3,0xFE67,0xFD39,0xFE3B,0xFC2B,0x0582,0x0316,0xF949,0x00C0,0xFDD6,0xF829,0x0190,0x0339,0xF791,0xFB06,0xFEB1,
    0x045C,0x0BF6,0xFC07,0xF8CC,0xFFD7,0xFC88,0x0066,0x0562,0x0682,0xF90F,0xFA57,0xFDD0,0x00EF,0x0A5E,0xFFC0,0xF9D8,
    0xFD10,0xFE5D,0x0685,0x0466,0xFA9B,0x0157,0xFEA5,0xFDFB,0x093A,0x0619,0x0328,0xFF80,0xFB84,0x0151,0x0A04,0xFD1C,
    0xFD6F,0x052F,0xF7EB,0xFF6E,0x03FE,0xFB6B,0xFABE,0xFF4D,0x0250,0x025C,0xFEC9,0xF8C5,0xF73D,0xFB97,0x01EB,0x0549,
    0x0571,0xFC3C,0xF85B,0xF943,0xFB4A,0x07D7,0x03A8,0xFB9F,0xFCEB,0x039C,0x06B2,0x0279,0xFF28,0xFC79,0xFEF6,0x0287,
    0x03D9,0x0325,0x008B,0xFB55,0xFBF4,0xFFB8,0xFF80,0x00EA,0x0186,0xFF2C,0xFF41,0x0419,0x006E,0x0237,0x036F,0xFDA9,
    0xFF17,0x02BE,0x01E0,0x0083,0xFAF6,0xFAE8,0xFF70,0x035A,0x0171,0xFE65,0xFE1A,0x01D6,0x0080,0x0066,0x00D2,0xFDF0,
    0xFFE8,0x0083,0x0419,0x02D1,0xFDA9,0xFD52,0xFCB8,0x0207,0x0190,0xFFB7,0x01CD,0xFF24,0xFC1F,0x017B,0x0228,0xFFB5,
    0x01EE,0xFEF9,0xFC69,0x01DB,0x0163,0xFE55,0xFF88,0xFF31,0xFF98,0x01C1,0x01C0,0xFD64,0xFD18,0xFF2E,0x00DF,0x001B,
    0x0056,0x0339,0xFF4D,0xFC68,0xFF34,0x012E,0xFE1A,0xFB73,0xFF9D,0xFF33,0x00E5,0x0333,0xFFBD,0xFC9A,0xFE87,0x01D2,
    0x022C,0x0490,0x01FB,0xFFD4,0xFDD9,0xFF40,0xFFC0,0xFFDF,0x02A4,0x007A,0xFEFE,0x00B8,0x01E8,0xFEAA,0xFFB3,0xFFB8,
    0x004E,0x032B,0x00AA,0xFC59,0xFE7D,0x026A,0xFF06,0x0121,0x02E9,0xFDD0,0xFE62,0x0157,0x0040,0x0097,0x02F3,0xFE5B,
    0xFC1E,0x033E,0x023F,0x004D,0x01B6,0xFF20,0xFC6D,0x00F1,0x0348,0x013C,0x02BC,0x0021,0xFBDC,0xFDC1,0x04EA,0x0029,
    0xFDCE,0x020D,0xFC21,0xFC4B,0x03E5,0x027C,0xFCEB,0x00A7,0xFE7D,0xFC53,0x00F1,0x0019,0xFF0C,0x016B,0x0390,0xFFF5,
    0xFFC2,0x0370,0xFC56,0xFF61,0x0426,0xFDD4,0x00D8,0x045B,0xFBD2,0xFC49,0x02FE,0x023C,0x00C2,0xFF31,0xFC93,0xFECF,
    0x0398,0x03F7,0x005E,0xFFEF,0xFEC9,0xFBB1,0x009D,0x03F7,0x00D7,0xFE88,0xFED1,0xFCAB,0xFF29,0x0721,0x0046,0xFCC2,
    0x018C,0x01A0,0x009F,0x054C,0xFF55,0xFABC,0x0222,0x0036,0xFF50,0x0451,0x0041,0xFA55,0x00DC,0xFF34,0xFCD3,0x03EA,
    0x0085,0xFBAF,0x0014,0x00EC,0xFD29,0x0008,0xFDA4,0xFB0D,0x0247,0x048D,0xFCFF,0xFC6E,0x0078,0xFE10,0x0039,0x0350,
    0x0056,0xFDA9,0xFFCB,0xFFBA,0xFD99,0x02F0,0x0179,0xFDF3,0x00F1,0x0048,0xFD5E,0x00F2,0x01E3,0xFC71,0xFEE1,0x036D,
    0x008F,0xFFA3,0x01EB,0xFE7F,0xFFBF,0x00D8,0xFEF6,0x0193,0x00FF,0xFDF1,0xFF8D,0x0225,0xFF55,0x00A0,0x0203,0xFE7A,
    0xFDF6,0x032B,0x00D5,0xFCD7,0x0066,0xFEE9,0xFECF,0x00B7,0x00CD,0x0038,0xFFE4,0x0045,0xFF83,0x006D,0x0176,0x0003,
    0x0011,0x0164,0xFF14,0xFEFC,0x024A,0xFE8F,0xFE43,0x0157,0xFFC5,0xFDD6,0x00DC,0x01F3,0xFCF7,0xFF30,0x0205,0x0038,
    0xFF51,0xFE9C,0xFF2E,0x00D2,0x0189,0xFFCB,0x0055,0xFED4,0xFE2D,0x01CB,0x0250,0xFE99,0xFE9D,0x0045,0xFE97,0xFFA2,
    0x01DE,0x0082,0xFE9F,0xFEDF,0x0035,0x0036,0xFF75,0xFF36,0xFFC3,0xFF7B,0x0030,0x007B,0xFF69,0xFF24,0xFE92,0x00CF,
    0x018E,0xFFEA,0x002E,0x010F,0xFF92,0xFE97,0x022D,0x01BD,0xFF26,0x00B2,0x00EF,0xFF1C,0x0075,0x00FC,0xFFFD,0x0024,
    0xFFCF,0x00D7,0x00F5,0xFFAD,0xFECE,0xFF16,0x0000,0x002C,0x01E0,0x01A3,0xFE6C,0xFF0E,0x00A7,0xFF5E,0x0051,0x020A,
    0xFF3E,0xFE6F,0x0028,0x000B,0x00A8,0x009A,0xFF4D,0xFEDE,0xFEDA,0xFF70,0x00C8,0x0092,0xFFBF,0xFF6D,0x010F,0x00D2,
    0xFF20,0xFFDA,0xFF7E,0xFF34,0x00D4,0x0124,0xFF6D,0xFF34,0x0095,0x0011,0xFF2E,0x0053,0x007B,0xFEDC,0x0055,0x00CD,
    0xFFEF,0x0111,0x0056,0xFE9F,0x008D,0x0105,0xFFAB,0x0062,0xFFDC,0xFEC6,0xFF9E,0x008F,0xFF23,0xFFE5,0x0098,0xFEC9,
    0x0085,0x0191,0x00CC,0x004E,0xFFCF,0x0001,0x0072,0x0092,0x00F7,0x006E,0xFF68,0xFF98,0xFFD8,0x009B,0x0011,0xFF38,
    0xFFF5,0x0024,0xFFDC,0x00B0,0x0055,0xFF40,0xFFED,0x00F9,0xFFE7,0x007E,0x0121,0xFF93,0xFF78,0x0036,0xFFF0,0xFFFF,
    0xFFF7,0xFEC6,0xFFB2,0x00EC,0x0038,0xFFE5,0x0097,0xFEF7,0xFF59,0x0137,0x0059,0xFF7B,0xFFC2,0xFF4E,0xFF2B,0x00A5,
    0x0050,0xFF36,0xFF98,0xFF1C,0xFF66,0xFFFF,0xFFF2,0x007A,0xFF9B,0xFFB5,0x0078,0xFFC7,0xFF9A,0xFFE0,0xFEF3,0xFFC0,
    0x00CA,0x0020,0xFFB7,0x0051,0xFF9D,0xFF92,0x00BA,0xFF76,0xFFF8,0x0066,0xFF17,0x0075,0x016F,0x0009,0xFFA8,0xFFE8,
    0x002B,0x0098,0x006A,0x0016,0xFF88,0xFF7E,0x0055,0x0038,0x000B,0x0016,0xFF8D,0xFF55,0xFF56,0x0049,0x00D5,0xFFC7,
    0xFF8A,0x0040,0x0010,0xFFE7,0x006A,0x0075,0xFFB7,0xFFCD,0x00B2,0x0004,0xFF93,0xFFF2,0x0001,0xFFE4,0x0080,0x006E,
    0xFFAD,0xFF8B,0x007A,0x0016,0xFFE0,0x0036,0xFF66,0xFFD2,0x0083,0x001E,0x0035,0xFFBD,0xFF19,0xFFCF,0x00C2,0x006D,
    0xFFE0,0x0048,0xFFB0,0xFFDF,0x0031,0xFFD7,0x0033,0x0019,0xFFC8,0xFFC3,0xFFEC,0x004D,0x0026,0xFFA8,0xFF69,0xFF98,
    0xFFCF,0x0021,0x00A0,0xFFEF,0xFFE4,0xFFC3,0xFFB8,0x0060,0x0080,0x005B,0xFFE7,0xFFD4,0xFFE2,0xFFD7,0x0062,0x0050,
    0x0008,0xFFBB,0xFF70,0x0024,0x0046,0x0010,0x0065,0xFFBD,0xFF6E,0x0006,0x0045,0x0050,0x0070,0x0020,0xFF83,0xFFA2,
    0x0010,0x0019,0xFFEC,0xFFF4,0x0009,0xFFD0,0xFFAF,0x0009,0x0033,0x000C,0x000B,0x0004,0x002E,0x0036,0xFFF5,0xFFD7,
    0xFFD4,0xFFF5,0x0045,0x000E,0xFFA3,0xFFBA,0x0014,0x0011,0xFFDF,0xFFC5,0xFFB3,0xFFC3,0x0028,0x009F,0x003E,0xFFBD,
    0xFFD5,0xFFF4,0x000C,0x0024,0x0019,0xFFE5,0xFFCF,0x0004,0x0041,0x000E,0xFFF2,0x000B,0xFFD7,0xFFC8,0x0031,0x0045,
    0xFFCF,0x0003,0xFFEC,0xFFD7,0x000E,0x0024,0x0030,0xFFE8,0xFFC2,0xFFC8,0x0010,0x0011,0x0016,0x0031,0xFFD0,0xFFF0,
    0x001C,0xFFE2,0x0014,0x0010,0x0013,0xFFFF,0xFFD0,0x0029,0x0024,0xFFF5,0x000B,0x000B,0xFFF8,0xFFF7,0x0018,0x0000,
    0xFFF7,0xFFF7,0x0001,0x000B,0xFFFC,0xFFFD,0x0000,0xFFF0,0xFFFF,0x0006,0xFFF7,0xFFF5,0x0000,0xFFFD,0xFFF0,0xFFF8,
    0xFFFD,0xFFFA,0xFFFF,0xFFFF,0xFFFA,0xFFFA,0x0004,0x0008,0x0001,0x0000,0xFFF8,0xFFEF,0x0009,0x0014,0x0000,0xFFF8,
    0xFFFA,0x0004,0x0011,0x0001,0xFFFA,0xFFF7,0xFFF8,0x0001,0x0000,0x0001,0x0003,0xFFFF,0xFFFC,0x0001,0x0004,0x0003,
    0x0003,0x0003,0x0000,0x0006,0x0008,0x0000,0x0001,0xFFFC,0xFFF7,0xFFFD,0xFFFA,0xFFF4,0xFFFA,0xFFF8,0x0000,0x0006,
    0xFFFC,0xFFFC,0xFFFC,0xFFFC,0x0003,0x0004,0x0003,0x0003,0x0000,0x0001,0xFFFF,0x0008,0x0004,0x0003,0x0006,0x0004,
    0x0000,0xFFF7,0xFFFF,0x0003,0xFFFF,0xFFFF,0xFFFC,0xFFF5,0xFFFF,0x0003,0xFFF8,0xFFF8,0xFFFF,0xFFFF,0x0001,0x0001,
    0xFFFA,0xFFFA,0x0003,0x0004,0x0004,0x0000,0x0006,0x0001,0x0000,0x0001,0x0001,0x0003,0x0001,0x0003,0x0000,0xFFFD,
    0xFFFD,0xFFFC,0x0000,0x0003,0xFFFC,0xFFFD,0xFFFC,0xFFFA,0xFFFF,0xFFFD,0xFFFC,0x0000,0x0000,0x0001,0x0004,0x0001,
    0x0000,0x0001,0x0001,0x0003,0x0001,0xFFFF,0xFFFF,0x0001,0x0001,0x0000,0x0000,0xFFFF,0xFFFC,0xFFFD,0xFFFF,0x0004,
    0x0004,0x0000,0xFFFD,0xFFFD,0x0003,0x0008,0xFFFD,0xFFFC,0x0000,0x0000,0x0001,0x0003,0x0000,0xFFFD,0xFFFF,0x0000,
    0xFFFF,0xFFFF,0x0000,0xFFFC,0xFFFD,0x0000,0xFFFF,0xFFFD,0x0000,0x0001,0xFFFD,0xFFFF,0x0001,0xFFFF,0x0000,0x0001,
    0xFFFF,0xFFFF,0xFFFF,0x0004,0x0003,0xFFFD,0xFFFF,0x0001,0x0000,0x0000,0x0006,0xFFFD,0xFFFC,0x0004,0x0001,0x0003,
    0xFFFC,0xFFFF,0x0006,0xFFFD,0xFFFF,0x0000,0xFFFF,0x0004,0x0001,0xFFFF,0xFFFF,0x0000,0x0000,0x0001,0x0001,0xFFFF,
    0x0001,0xFFFD,0xFFFF,0x0004,0x0000,0xFFFF,0x0000,0x0000,0x0000,0x0003,0x0003,0x0000,0xFFFF,0xFFFF,0x0000,0x0001,
    0x0000,0xFFFF,0xFFFD,0x0000,0x0003,0x0001,0xFFFF,0x0000,0x0000,0x0000,0x0000,0x0000,0x0000,0xFFFF,0x0000,0x0000,
    0xFFFF,0x0000,0x0001,0xFFFF,0x0000,0x0001,0x0000,0x0000,0x0000,0x0000,0x0000,0x0000,0x0000,0x0000,0x0000,0x0000,
    0x0000,0x0000,0x0000,0x0000,0x0000,0x0000,0x0000,0x0000,0x0000,0x0000,0x0000,0x0000,0x0000,0x0000,0x0000,0x0000,
    0x0000,0x0000,0x0000,0x0000,0x0000,0x0000,0x0000,0x0000,0x0000,0x0000,0x0000,0x0000,0x0000,0x0000,0x0000,0x0000,
    0x0000,0x0000,0x0000,0x0000,0x0000,0x0000,0x0000,0x0000,0x0000,0x0000,0x0000,0x0000,0x0000,0x0000,0x0000,0x0000,
    0x0000,0x0000,0x0000,0x0000,0x0000,0x0000,0x0000,0x0000,0x0000,0x0000,0x0000,0x0000,0x0000,0x0000,0x0000,0x0000,
    0x0000,0x0000,0x0000,0x0000,0x0000,0x0000,0x0000,0x0000,0x0000,0x0000,0x0000,0x0000,0x0000,0x0000,0x0000,0x0000,
};
const uint32_t snd_progress_frames = 54400;   /* ֡�� = ������������ */
